ID,text,ckpt,quant,compile,offload,vae,fast,lowres,temporal,Overall Peak VRAM alloc (MB),Overall Peak VRAM reserved (MB),Diffusion Peak VRAM alloc (MB),Diffusion Peak VRAM reserved (MB),Text Peak VRAM alloc (MB),Total Seconds,tSSIM,tLPIPS,CLIP sim,motion_verdict,decision,visual_notes
text-original__ckpt-base__q-none__compile-0__offload-none__vae-tiling-0__fast-steps-0__lowres-0__temporal-sub-0,original,base,none,0,none,0,0,0,0,13602.5,14010.0,13602.5,14010.0,,10.5221,0.825673,0.023638,0.304573,очень заметное движение; точно не застыло,визуально годится по движению; смотреть память,base даёт больше реального движения волос/лица
text-original__ckpt-base__q-none__compile-0__offload-none__vae-tiling-0__fast-steps-0__lowres-0__temporal-sub-1,original,base,none,0,none,0,0,0,1,13602.6,13992.0,13602.6,13992.0,,4.5327,0.977508,0.002943,0.302637,движение слабое; выглядит почти статично,не брать: слишком статично для требования «не застыло»,base даёт больше реального движения волос/лица; temporal subsample/interpolation сглаживает и делает ролик более статичным
text-original__ckpt-base__q-none__compile-0__offload-none__vae-tiling-0__fast-steps-0__lowres-1__temporal-sub-0,original,base,none,0,none,0,0,1,0,13602.6,13992.0,13602.6,13992.0,,4.5075,0.90849,0.032307,0.309643,движение заметное; не застыло,визуально годится по движению; смотреть память,"base даёт больше реального движения волос/лица; lowres 384→512: лицо мягче/мыльнее, но движение сохраняется"
text-original__ckpt-base__q-none__compile-0__offload-none__vae-tiling-0__fast-steps-0__lowres-1__temporal-sub-1,original,base,none,0,none,0,0,1,1,13602.6,13992.0,13602.6,13992.0,,2.8564,0.987314,0.014808,0.305877,движение слабое; выглядит почти статично,не брать: слишком статично для требования «не застыло»,"base даёт больше реального движения волос/лица; lowres 384→512: лицо мягче/мыльнее, но движение сохраняется; temporal subsample/interpolation сглаживает и делает ролик более статичным"
text-original__ckpt-base__q-none__compile-0__offload-none__vae-tiling-0__fast-steps-1__lowres-0__temporal-sub-0,original,base,none,0,none,0,1,0,0,13602.5,14010.0,13602.5,14010.0,,6.8237,0.845387,0.018642,0.304918,очень заметное движение; точно не застыло,визуально годится по движению; смотреть память,base даёт больше реального движения волос/лица
text-original__ckpt-base__q-none__compile-0__offload-none__vae-tiling-0__fast-steps-1__lowres-0__temporal-sub-1,original,base,none,0,none,0,1,0,1,13602.6,13992.0,13602.6,13992.0,,3.3783,0.974026,0.003376,0.303952,движение слабое; выглядит почти статично,не брать: слишком статично для требования «не застыло»,base даёт больше реального движения волос/лица; temporal subsample/interpolation сглаживает и делает ролик более статичным
text-original__ckpt-base__q-none__compile-0__offload-none__vae-tiling-0__fast-steps-1__lowres-1__temporal-sub-0,original,base,none,0,none,0,1,1,0,13602.6,13992.0,13602.6,13992.0,,3.3649,0.902452,0.038472,0.307318,движение заметное; не застыло,визуально годится по движению; смотреть память,"base даёт больше реального движения волос/лица; lowres 384→512: лицо мягче/мыльнее, но движение сохраняется"
text-original__ckpt-base__q-none__compile-0__offload-none__vae-tiling-0__fast-steps-1__lowres-1__temporal-sub-1,original,base,none,0,none,0,1,1,1,13602.6,13992.0,13602.6,13992.0,,2.1016,0.98623,0.01576,0.304799,движение слабое; выглядит почти статично,не брать: слишком статично для требования «не застыло»,"base даёт больше реального движения волос/лица; lowres 384→512: лицо мягче/мыльнее, но движение сохраняется; temporal subsample/interpolation сглаживает и делает ролик более статичным"
text-original__ckpt-base__q-none__compile-0__offload-none__vae-tiling-1__fast-steps-0__lowres-0__temporal-sub-0,original,base,none,0,none,1,0,0,0,13602.5,14010.0,13602.5,14010.0,,8.6524,0.825673,0.023638,0.304573,очень заметное движение; точно не застыло,визуально годится по движению; смотреть память,base даёт больше реального движения волос/лица; VAE tiling визуально и по памяти на 512 почти не изменил результат
text-original__ckpt-base__q-none__compile-0__offload-none__vae-tiling-1__fast-steps-0__lowres-0__temporal-sub-1,original,base,none,0,none,1,0,0,1,13602.6,13992.0,13602.6,13992.0,,4.1805,0.977508,0.002943,0.302637,движение слабое; выглядит почти статично,не брать: слишком статично для требования «не застыло»,base даёт больше реального движения волос/лица; temporal subsample/interpolation сглаживает и делает ролик более статичным; VAE tiling визуально и по памяти на 512 почти не изменил результат
text-original__ckpt-base__q-none__compile-0__offload-none__vae-tiling-1__fast-steps-0__lowres-1__temporal-sub-0,original,base,none,0,none,1,0,1,0,13602.6,13992.0,13602.6,13992.0,,4.3842,0.90849,0.032307,0.309643,движение заметное; не застыло,визуально годится по движению; смотреть память,"base даёт больше реального движения волос/лица; lowres 384→512: лицо мягче/мыльнее, но движение сохраняется; VAE tiling визуально и по памяти на 512 почти не изменил результат"
text-original__ckpt-base__q-none__compile-0__offload-none__vae-tiling-1__fast-steps-0__lowres-1__temporal-sub-1,original,base,none,0,none,1,0,1,1,13602.6,13992.0,13602.6,13992.0,,2.8698,0.987314,0.014808,0.305877,движение слабое; выглядит почти статично,не брать: слишком статично для требования «не застыло»,"base даёт больше реального движения волос/лица; lowres 384→512: лицо мягче/мыльнее, но движение сохраняется; temporal subsample/interpolation сглаживает и делает ролик более статичным; VAE tiling визуально и по памяти на 512 почти не изменил результат"
text-original__ckpt-base__q-none__compile-0__offload-none__vae-tiling-1__fast-steps-1__lowres-0__temporal-sub-0,original,base,none,0,none,1,1,0,0,13602.5,14010.0,13602.5,14010.0,,6.486,0.845387,0.018642,0.304918,очень заметное движение; точно не застыло,визуально годится по движению; смотреть память,base даёт больше реального движения волос/лица; VAE tiling визуально и по памяти на 512 почти не изменил результат
text-original__ckpt-base__q-none__compile-0__offload-none__vae-tiling-1__fast-steps-1__lowres-0__temporal-sub-1,original,base,none,0,none,1,1,0,1,13602.6,13992.0,13602.6,13992.0,,3.3238,0.974026,0.003376,0.303952,движение слабое; выглядит почти статично,не брать: слишком статично для требования «не застыло»,base даёт больше реального движения волос/лица; temporal subsample/interpolation сглаживает и делает ролик более статичным; VAE tiling визуально и по памяти на 512 почти не изменил результат
text-original__ckpt-base__q-none__compile-0__offload-none__vae-tiling-1__fast-steps-1__lowres-1__temporal-sub-0,original,base,none,0,none,1,1,1,0,13602.6,13992.0,13602.6,13992.0,,4.7577,0.902452,0.038472,0.307318,движение заметное; не застыло,визуально годится по движению; смотреть память,"base даёт больше реального движения волос/лица; lowres 384→512: лицо мягче/мыльнее, но движение сохраняется; VAE tiling визуально и по памяти на 512 почти не изменил результат"
text-original__ckpt-base__q-none__compile-0__offload-none__vae-tiling-1__fast-steps-1__lowres-1__temporal-sub-1,original,base,none,0,none,1,1,1,1,13602.6,13992.0,13602.6,13992.0,,1.6204,0.98623,0.01576,0.304799,движение слабое; выглядит почти статично,не брать: слишком статично для требования «не застыло»,"base даёт больше реального движения волос/лица; lowres 384→512: лицо мягче/мыльнее, но движение сохраняется; temporal subsample/interpolation сглаживает и делает ролик более статичным; VAE tiling визуально и по памяти на 512 почти не изменил результат"
text-original__ckpt-base__q-none__compile-0__offload-group__vae-tiling-0__fast-steps-0__lowres-0__temporal-sub-0,original,base,none,0,group,0,0,0,0,15.8,60.0,15.8,60.0,,22.9896,0.825673,0.023638,0.304573,очень заметное движение; точно не застыло,визуально годится по движению; смотреть память,"base даёт больше реального движения волос/лица; group offload резко снижает измеренную VRAM, но переносит нагрузку в CPU/RAM"
text-original__ckpt-base__q-none__compile-0__offload-group__vae-tiling-0__fast-steps-0__lowres-0__temporal-sub-1,original,base,none,0,group,0,0,0,1,15.8,60.0,15.8,60.0,,18.5288,0.977508,0.002943,0.302637,движение слабое; выглядит почти статично,не брать: слишком статично для требования «не застыло»,"base даёт больше реального движения волос/лица; temporal subsample/interpolation сглаживает и делает ролик более статичным; group offload резко снижает измеренную VRAM, но переносит нагрузку в CPU/RAM"
text-original__ckpt-base__q-none__compile-0__offload-group__vae-tiling-0__fast-steps-0__lowres-1__temporal-sub-0,original,base,none,0,group,0,0,1,0,15.8,58.0,15.8,58.0,,12.198,0.90849,0.032307,0.309643,движение заметное; не застыло,визуально годится по движению; смотреть память,"base даёт больше реального движения волос/лица; lowres 384→512: лицо мягче/мыльнее, но движение сохраняется; group offload резко снижает измеренную VRAM, но переносит нагрузку в CPU/RAM"
text-original__ckpt-base__q-none__compile-0__offload-group__vae-tiling-0__fast-steps-0__lowres-1__temporal-sub-1,original,base,none,0,group,0,0,1,1,15.8,60.0,15.8,60.0,,11.5654,0.987314,0.014808,0.305877,движение слабое; выглядит почти статично,не брать: слишком статично для требования «не застыло»,"base даёт больше реального движения волос/лица; lowres 384→512: лицо мягче/мыльнее, но движение сохраняется; temporal subsample/interpolation сглаживает и делает ролик более статичным; group offload резко снижает измеренную VRAM, но переносит нагрузку в CPU/RAM"
text-original__ckpt-base__q-none__compile-0__offload-group__vae-tiling-0__fast-steps-1__lowres-0__temporal-sub-0,original,base,none,0,group,0,1,0,0,15.8,60.0,15.8,60.0,,12.8938,0.845387,0.018642,0.304918,очень заметное движение; точно не застыло,визуально годится по движению; смотреть память,"base даёт больше реального движения волос/лица; group offload резко снижает измеренную VRAM, но переносит нагрузку в CPU/RAM"
text-original__ckpt-base__q-none__compile-0__offload-group__vae-tiling-0__fast-steps-1__lowres-0__temporal-sub-1,original,base,none,0,group,0,1,0,1,15.8,60.0,15.8,60.0,,9.8009,0.974026,0.003376,0.303952,движение слабое; выглядит почти статично,не брать: слишком статично для требования «не застыло»,"base даёт больше реального движения волос/лица; temporal subsample/interpolation сглаживает и делает ролик более статичным; group offload резко снижает измеренную VRAM, но переносит нагрузку в CPU/RAM"
text-original__ckpt-base__q-none__compile-0__offload-group__vae-tiling-0__fast-steps-1__lowres-1__temporal-sub-0,original,base,none,0,group,0,1,1,0,15.8,58.0,15.8,58.0,,16.3462,0.902452,0.038472,0.307318,движение заметное; не застыло,визуально годится по движению; смотреть память,"base даёт больше реального движения волос/лица; lowres 384→512: лицо мягче/мыльнее, но движение сохраняется; group offload резко снижает измеренную VRAM, но переносит нагрузку в CPU/RAM"
text-original__ckpt-base__q-none__compile-0__offload-group__vae-tiling-0__fast-steps-1__lowres-1__temporal-sub-1,original,base,none,0,group,0,1,1,1,15.8,60.0,15.8,60.0,,9.3742,0.98623,0.01576,0.304799,движение слабое; выглядит почти статично,не брать: слишком статично для требования «не застыло»,"base даёт больше реального движения волос/лица; lowres 384→512: лицо мягче/мыльнее, но движение сохраняется; temporal subsample/interpolation сглаживает и делает ролик более статичным; group offload резко снижает измеренную VRAM, но переносит нагрузку в CPU/RAM"
text-original__ckpt-base__q-none__compile-0__offload-group__vae-tiling-1__fast-steps-0__lowres-0__temporal-sub-0,original,base,none,0,group,1,0,0,0,15.8,60.0,15.8,60.0,,14.3139,0.825673,0.023638,0.304573,очень заметное движение; точно не застыло,визуально годится по движению; смотреть память,"base даёт больше реального движения волос/лица; VAE tiling визуально и по памяти на 512 почти не изменил результат; group offload резко снижает измеренную VRAM, но переносит нагрузку в CPU/RAM"
text-original__ckpt-base__q-none__compile-0__offload-group__vae-tiling-1__fast-steps-0__lowres-0__temporal-sub-1,original,base,none,0,group,1,0,0,1,15.8,60.0,15.8,60.0,,13.6016,0.977508,0.002943,0.302637,движение слабое; выглядит почти статично,не брать: слишком статично для требования «не застыло»,"base даёт больше реального движения волос/лица; temporal subsample/interpolation сглаживает и делает ролик более статичным; VAE tiling визуально и по памяти на 512 почти не изменил результат; group offload резко снижает измеренную VRAM, но переносит нагрузку в CPU/RAM"
text-original__ckpt-base__q-none__compile-0__offload-group__vae-tiling-1__fast-steps-0__lowres-1__temporal-sub-0,original,base,none,0,group,1,0,1,0,15.8,58.0,15.8,58.0,,11.9832,0.90849,0.032307,0.309643,движение заметное; не застыло,визуально годится по движению; смотреть память,"base даёт больше реального движения волос/лица; lowres 384→512: лицо мягче/мыльнее, но движение сохраняется; VAE tiling визуально и по памяти на 512 почти не изменил результат; group offload резко снижает измеренную VRAM, но переносит нагрузку в CPU/RAM"
text-original__ckpt-base__q-none__compile-0__offload-group__vae-tiling-1__fast-steps-0__lowres-1__temporal-sub-1,original,base,none,0,group,1,0,1,1,15.8,60.0,15.8,60.0,,11.7781,0.987314,0.014808,0.305877,движение слабое; выглядит почти статично,не брать: слишком статично для требования «не застыло»,"base даёт больше реального движения волос/лица; lowres 384→512: лицо мягче/мыльнее, но движение сохраняется; temporal subsample/interpolation сглаживает и делает ролик более статичным; VAE tiling визуально и по памяти на 512 почти не изменил результат; group offload резко снижает измеренную VRAM, но переносит нагрузку в CPU/RAM"
text-original__ckpt-base__q-none__compile-0__offload-group__vae-tiling-1__fast-steps-1__lowres-0__temporal-sub-0,original,base,none,0,group,1,1,0,0,15.8,60.0,15.8,60.0,,11.2497,0.845387,0.018642,0.304918,очень заметное движение; точно не застыло,визуально годится по движению; смотреть память,"base даёт больше реального движения волос/лица; VAE tiling визуально и по памяти на 512 почти не изменил результат; group offload резко снижает измеренную VRAM, но переносит нагрузку в CPU/RAM"
text-original__ckpt-base__q-none__compile-0__offload-group__vae-tiling-1__fast-steps-1__lowres-0__temporal-sub-1,original,base,none,0,group,1,1,0,1,15.8,60.0,15.8,60.0,,9.9021,0.974026,0.003376,0.303952,движение слабое; выглядит почти статично,не брать: слишком статично для требования «не застыло»,"base даёт больше реального движения волос/лица; temporal subsample/interpolation сглаживает и делает ролик более статичным; VAE tiling визуально и по памяти на 512 почти не изменил результат; group offload резко снижает измеренную VRAM, но переносит нагрузку в CPU/RAM"
text-original__ckpt-base__q-none__compile-0__offload-group__vae-tiling-1__fast-steps-1__lowres-1__temporal-sub-0,original,base,none,0,group,1,1,1,0,15.8,58.0,15.8,58.0,,9.465,0.902452,0.038472,0.307318,движение заметное; не застыло,визуально годится по движению; смотреть память,"base даёт больше реального движения волос/лица; lowres 384→512: лицо мягче/мыльнее, но движение сохраняется; VAE tiling визуально и по памяти на 512 почти не изменил результат; group offload резко снижает измеренную VRAM, но переносит нагрузку в CPU/RAM"
text-original__ckpt-base__q-none__compile-0__offload-group__vae-tiling-1__fast-steps-1__lowres-1__temporal-sub-1,original,base,none,0,group,1,1,1,1,15.8,60.0,15.8,60.0,,10.3194,0.98623,0.01576,0.304799,движение слабое; выглядит почти статично,не брать: слишком статично для требования «не застыло»,"base даёт больше реального движения волос/лица; lowres 384→512: лицо мягче/мыльнее, но движение сохраняется; temporal subsample/interpolation сглаживает и делает ролик более статичным; VAE tiling визуально и по памяти на 512 почти не изменил результат; group offload резко снижает измеренную VRAM, но переносит нагрузку в CPU/RAM"
text-original__ckpt-base__q-none__compile-1__offload-none__vae-tiling-0__fast-steps-0__lowres-0__temporal-sub-0,original,base,none,1,none,0,0,0,0,13602.1,14014.0,13602.1,14014.0,,15.9319,0.825691,0.023861,0.302575,очень заметное движение; точно не застыло,визуально годится по движению; смотреть память,"base даёт больше реального движения волос/лица; compile визуально не меняет, но в этом запуске сильно замедлил"
text-original__ckpt-base__q-none__compile-1__offload-none__vae-tiling-0__fast-steps-0__lowres-0__temporal-sub-1,original,base,none,1,none,0,0,0,1,13602.1,14010.0,13602.1,14010.0,,11.909,0.977481,0.002938,0.302232,движение слабое; выглядит почти статично,не брать: слишком статично для требования «не застыло»,"base даёт больше реального движения волос/лица; temporal subsample/interpolation сглаживает и делает ролик более статичным; compile визуально не меняет, но в этом запуске сильно замедлил"
text-original__ckpt-base__q-none__compile-1__offload-none__vae-tiling-0__fast-steps-0__lowres-1__temporal-sub-0,original,base,none,1,none,0,0,1,0,13602.1,14012.0,13602.1,14012.0,,13.2066,0.907916,0.032278,0.309835,движение заметное; не застыло,визуально годится по движению; смотреть память,"base даёт больше реального движения волос/лица; lowres 384→512: лицо мягче/мыльнее, но движение сохраняется; compile визуально не меняет, но в этом запуске сильно замедлил"
text-original__ckpt-base__q-none__compile-1__offload-none__vae-tiling-0__fast-steps-0__lowres-1__temporal-sub-1,original,base,none,1,none,0,0,1,1,13602.6,13992.0,13602.6,13992.0,,10.8958,0.985041,0.015537,0.305578,движение слабое; выглядит почти статично,не брать: слишком статично для требования «не застыло»,"base даёт больше реального движения волос/лица; lowres 384→512: лицо мягче/мыльнее, но движение сохраняется; temporal subsample/interpolation сглаживает и делает ролик более статичным; compile визуально не меняет, но в этом запуске сильно замедлил"
text-original__ckpt-base__q-none__compile-1__offload-none__vae-tiling-0__fast-steps-1__lowres-0__temporal-sub-0,original,base,none,1,none,0,1,0,0,13602.1,14014.0,13602.1,14014.0,,14.9977,0.845039,0.018543,0.3061,очень заметное движение; точно не застыло,визуально годится по движению; смотреть память,"base даёт больше реального движения волос/лица; compile визуально не меняет, но в этом запуске сильно замедлил"
text-original__ckpt-base__q-none__compile-1__offload-none__vae-tiling-0__fast-steps-1__lowres-0__temporal-sub-1,original,base,none,1,none,0,1,0,1,13602.1,14010.0,13602.1,14010.0,,11.6907,0.97377,0.003415,0.303422,движение слабое; выглядит почти статично,не брать: слишком статично для требования «не застыло»,"base даёт больше реального движения волос/лица; temporal subsample/interpolation сглаживает и делает ролик более статичным; compile визуально не меняет, но в этом запуске сильно замедлил"
text-original__ckpt-base__q-none__compile-1__offload-none__vae-tiling-0__fast-steps-1__lowres-1__temporal-sub-0,original,base,none,1,none,0,1,1,0,13602.1,14012.0,13602.1,14012.0,,11.7134,0.902956,0.038442,0.307072,движение заметное; не застыло,визуально годится по движению; смотреть память,"base даёт больше реального движения волос/лица; lowres 384→512: лицо мягче/мыльнее, но движение сохраняется; compile визуально не меняет, но в этом запуске сильно замедлил"
text-original__ckpt-base__q-none__compile-1__offload-none__vae-tiling-0__fast-steps-1__lowres-1__temporal-sub-1,original,base,none,1,none,0,1,1,1,13602.6,13992.0,13602.6,13992.0,,10.3081,0.986175,0.015749,0.30432,движение слабое; выглядит почти статично,не брать: слишком статично для требования «не застыло»,"base даёт больше реального движения волос/лица; lowres 384→512: лицо мягче/мыльнее, но движение сохраняется; temporal subsample/interpolation сглаживает и делает ролик более статичным; compile визуально не меняет, но в этом запуске сильно замедлил"
text-original__ckpt-base__q-none__compile-1__offload-none__vae-tiling-1__fast-steps-0__lowres-0__temporal-sub-0,original,base,none,1,none,1,0,0,0,13602.1,14014.0,13602.1,14014.0,,15.7856,0.825691,0.023861,0.302575,очень заметное движение; точно не застыло,визуально годится по движению; смотреть память,"base даёт больше реального движения волос/лица; compile визуально не меняет, но в этом запуске сильно замедлил; VAE tiling визуально и по памяти на 512 почти не изменил результат"
text-original__ckpt-base__q-none__compile-1__offload-none__vae-tiling-1__fast-steps-0__lowres-0__temporal-sub-1,original,base,none,1,none,1,0,0,1,13602.1,14010.0,13602.1,14010.0,,11.7054,0.97743,0.002941,0.30251,движение слабое; выглядит почти статично,не брать: слишком статично для требования «не застыло»,"base даёт больше реального движения волос/лица; temporal subsample/interpolation сглаживает и делает ролик более статичным; compile визуально не меняет, но в этом запуске сильно замедлил; VAE tiling визуально и по памяти на 512 почти не изменил результат"
text-original__ckpt-base__q-none__compile-1__offload-none__vae-tiling-1__fast-steps-0__lowres-1__temporal-sub-0,original,base,none,1,none,1,0,1,0,13602.1,14012.0,13602.1,14012.0,,12.4913,0.907758,0.032332,0.309918,движение заметное; не застыло,визуально годится по движению; смотреть память,"base даёт больше реального движения волос/лица; lowres 384→512: лицо мягче/мыльнее, но движение сохраняется; compile визуально не меняет, но в этом запуске сильно замедлил; VAE tiling визуально и по памяти на 512 почти не изменил результат"
text-original__ckpt-base__q-none__compile-1__offload-none__vae-tiling-1__fast-steps-0__lowres-1__temporal-sub-1,original,base,none,1,none,1,0,1,1,13602.6,13992.0,13602.6,13992.0,,11.077,0.984519,0.015753,0.305224,движение слабое; выглядит почти статично,не брать: слишком статично для требования «не застыло»,"base даёт больше реального движения волос/лица; lowres 384→512: лицо мягче/мыльнее, но движение сохраняется; temporal subsample/interpolation сглаживает и делает ролик более статичным; compile визуально не меняет, но в этом запуске сильно замедлил; VAE tiling визуально и по памяти на 512 почти не изменил результат"
text-original__ckpt-base__q-none__compile-1__offload-none__vae-tiling-1__fast-steps-1__lowres-0__temporal-sub-0,original,base,none,1,none,1,1,0,0,13602.1,14014.0,13602.1,14014.0,,17.2413,0.845286,0.018618,0.305114,очень заметное движение; точно не застыло,визуально годится по движению; смотреть память,"base даёт больше реального движения волос/лица; compile визуально не меняет, но в этом запуске сильно замедлил; VAE tiling визуально и по памяти на 512 почти не изменил результат"
text-original__ckpt-base__q-none__compile-1__offload-none__vae-tiling-1__fast-steps-1__lowres-0__temporal-sub-1,original,base,none,1,none,1,1,0,1,13602.1,14010.0,13602.1,14010.0,,10.2842,0.97377,0.003415,0.303422,движение слабое; выглядит почти статично,не брать: слишком статично для требования «не застыло»,"base даёт больше реального движения волос/лица; temporal subsample/interpolation сглаживает и делает ролик более статичным; compile визуально не меняет, но в этом запуске сильно замедлил; VAE tiling визуально и по памяти на 512 почти не изменил результат"
text-original__ckpt-base__q-none__compile-1__offload-none__vae-tiling-1__fast-steps-1__lowres-1__temporal-sub-0,original,base,none,1,none,1,1,1,0,13602.1,14012.0,13602.1,14012.0,,11.3929,0.902815,0.038532,0.306573,движение заметное; не застыло,визуально годится по движению; смотреть память,"base даёт больше реального движения волос/лица; lowres 384→512: лицо мягче/мыльнее, но движение сохраняется; compile визуально не меняет, но в этом запуске сильно замедлил; VAE tiling визуально и по памяти на 512 почти не изменил результат"
text-original__ckpt-base__q-none__compile-1__offload-none__vae-tiling-1__fast-steps-1__lowres-1__temporal-sub-1,original,base,none,1,none,1,1,1,1,13602.6,13992.0,13602.6,13992.0,,10.5512,0.986175,0.015749,0.30432,движение слабое; выглядит почти статично,не брать: слишком статично для требования «не застыло»,"base даёт больше реального движения волос/лица; lowres 384→512: лицо мягче/мыльнее, но движение сохраняется; temporal subsample/interpolation сглаживает и делает ролик более статичным; compile визуально не меняет, но в этом запуске сильно замедлил; VAE tiling визуально и по памяти на 512 почти не изменил результат"
text-original__ckpt-base__q-none__compile-1__offload-group__vae-tiling-0__fast-steps-0__lowres-0__temporal-sub-0,original,base,none,1,group,0,0,0,0,16.6,528.0,16.6,528.0,,28.9321,0.825801,0.02375,0.302826,очень заметное движение; точно не застыло,визуально годится по движению; смотреть память,"base даёт больше реального движения волос/лица; compile визуально не меняет, но в этом запуске сильно замедлил; group offload резко снижает измеренную VRAM, но переносит нагрузку в CPU/RAM"
text-original__ckpt-base__q-none__compile-1__offload-group__vae-tiling-0__fast-steps-0__lowres-0__temporal-sub-1,original,base,none,1,group,0,0,0,1,15.8,820.0,15.8,820.0,,21.9815,0.977497,0.002951,0.302346,движение слабое; выглядит почти статично,не брать: слишком статично для требования «не застыло»,"base даёт больше реального движения волос/лица; temporal subsample/interpolation сглаживает и делает ролик более статичным; compile визуально не меняет, но в этом запуске сильно замедлил; group offload резко снижает измеренную VRAM, но переносит нагрузку в CPU/RAM"
text-original__ckpt-base__q-none__compile-1__offload-group__vae-tiling-0__fast-steps-0__lowres-1__temporal-sub-0,original,base,none,1,group,0,0,1,0,15.8,878.0,15.8,878.0,,22.3449,0.90834,0.032383,0.3101,движение заметное; не застыло,визуально годится по движению; смотреть память,"base даёт больше реального движения волос/лица; lowres 384→512: лицо мягче/мыльнее, но движение сохраняется; compile визуально не меняет, но в этом запуске сильно замедлил; group offload резко снижает измеренную VRAM, но переносит нагрузку в CPU/RAM"
text-original__ckpt-base__q-none__compile-1__offload-group__vae-tiling-0__fast-steps-0__lowres-1__temporal-sub-1,original,base,none,1,group,0,0,1,1,15.8,488.0,15.8,488.0,,21.1078,0.987046,0.014912,0.305311,движение слабое; выглядит почти статично,не брать: слишком статично для требования «не застыло»,"base даёт больше реального движения волос/лица; lowres 384→512: лицо мягче/мыльнее, но движение сохраняется; temporal subsample/interpolation сглаживает и делает ролик более статичным; compile визуально не меняет, но в этом запуске сильно замедлил; group offload резко снижает измеренную VRAM, но переносит нагрузку в CPU/RAM"
text-original__ckpt-base__q-none__compile-1__offload-group__vae-tiling-0__fast-steps-1__lowres-0__temporal-sub-0,original,base,none,1,group,0,1,0,0,16.6,528.0,16.6,528.0,,25.1459,0.845361,0.018718,0.305179,очень заметное движение; точно не застыло,визуально годится по движению; смотреть память,"base даёт больше реального движения волос/лица; compile визуально не меняет, но в этом запуске сильно замедлил; group offload резко снижает измеренную VRAM, но переносит нагрузку в CPU/RAM"
text-original__ckpt-base__q-none__compile-1__offload-group__vae-tiling-0__fast-steps-1__lowres-0__temporal-sub-1,original,base,none,1,group,0,1,0,1,15.8,820.0,15.8,820.0,,20.4779,0.973982,0.00338,0.303569,движение слабое; выглядит почти статично,не брать: слишком статично для требования «не застыло»,"base даёт больше реального движения волос/лица; temporal subsample/interpolation сглаживает и делает ролик более статичным; compile визуально не меняет, но в этом запуске сильно замедлил; group offload резко снижает измеренную VRAM, но переносит нагрузку в CPU/RAM"
text-original__ckpt-base__q-none__compile-1__offload-group__vae-tiling-0__fast-steps-1__lowres-1__temporal-sub-0,original,base,none,1,group,0,1,1,0,15.8,878.0,15.8,878.0,,19.6069,0.902177,0.038521,0.307781,движение заметное; не застыло,визуально годится по движению; смотреть память,"base даёт больше реального движения волос/лица; lowres 384→512: лицо мягче/мыльнее, но движение сохраняется; compile визуально не меняет, но в этом запуске сильно замедлил; group offload резко снижает измеренную VRAM, но переносит нагрузку в CPU/RAM"
text-original__ckpt-base__q-none__compile-1__offload-group__vae-tiling-0__fast-steps-1__lowres-1__temporal-sub-1,original,base,none,1,group,0,1,1,1,15.8,488.0,15.8,488.0,,18.9116,0.986244,0.015755,0.304709,движение слабое; выглядит почти статично,не брать: слишком статично для требования «не застыло»,"base даёт больше реального движения волос/лица; lowres 384→512: лицо мягче/мыльнее, но движение сохраняется; temporal subsample/interpolation сглаживает и делает ролик более статичным; compile визуально не меняет, но в этом запуске сильно замедлил; group offload резко снижает измеренную VRAM, но переносит нагрузку в CPU/RAM"
text-original__ckpt-base__q-none__compile-1__offload-group__vae-tiling-1__fast-steps-0__lowres-0__temporal-sub-0,original,base,none,1,group,1,0,0,0,16.6,528.0,16.6,528.0,,23.0736,0.825801,0.02375,0.302826,очень заметное движение; точно не застыло,визуально годится по движению; смотреть память,"base даёт больше реального движения волос/лица; compile визуально не меняет, но в этом запуске сильно замедлил; VAE tiling визуально и по памяти на 512 почти не изменил результат; group offload резко снижает измеренную VRAM, но переносит нагрузку в CPU/RAM"
text-original__ckpt-base__q-none__compile-1__offload-group__vae-tiling-1__fast-steps-0__lowres-0__temporal-sub-1,original,base,none,1,group,1,0,0,1,15.8,820.0,15.8,820.0,,21.172,0.977497,0.002951,0.302346,движение слабое; выглядит почти статично,не брать: слишком статично для требования «не застыло»,"base даёт больше реального движения волос/лица; temporal subsample/interpolation сглаживает и делает ролик более статичным; compile визуально не меняет, но в этом запуске сильно замедлил; VAE tiling визуально и по памяти на 512 почти не изменил результат; group offload резко снижает измеренную VRAM, но переносит нагрузку в CPU/RAM"
text-original__ckpt-base__q-none__compile-1__offload-group__vae-tiling-1__fast-steps-0__lowres-1__temporal-sub-0,original,base,none,1,group,1,0,1,0,15.8,878.0,15.8,878.0,,23.6172,0.90834,0.032383,0.3101,движение заметное; не застыло,визуально годится по движению; смотреть память,"base даёт больше реального движения волос/лица; lowres 384→512: лицо мягче/мыльнее, но движение сохраняется; compile визуально не меняет, но в этом запуске сильно замедлил; VAE tiling визуально и по памяти на 512 почти не изменил результат; group offload резко снижает измеренную VRAM, но переносит нагрузку в CPU/RAM"
text-original__ckpt-base__q-none__compile-1__offload-group__vae-tiling-1__fast-steps-0__lowres-1__temporal-sub-1,original,base,none,1,group,1,0,1,1,15.8,488.0,15.8,488.0,,25.9617,0.987046,0.014912,0.305311,движение слабое; выглядит почти статично,не брать: слишком статично для требования «не застыло»,"base даёт больше реального движения волос/лица; lowres 384→512: лицо мягче/мыльнее, но движение сохраняется; temporal subsample/interpolation сглаживает и делает ролик более статичным; compile визуально не меняет, но в этом запуске сильно замедлил; VAE tiling визуально и по памяти на 512 почти не изменил результат; group offload резко снижает измеренную VRAM, но переносит нагрузку в CPU/RAM"
text-original__ckpt-base__q-none__compile-1__offload-group__vae-tiling-1__fast-steps-1__lowres-0__temporal-sub-0,original,base,none,1,group,1,1,0,0,16.6,528.0,16.6,528.0,,19.4545,0.845361,0.018718,0.305179,очень заметное движение; точно не застыло,визуально годится по движению; смотреть память,"base даёт больше реального движения волос/лица; compile визуально не меняет, но в этом запуске сильно замедлил; VAE tiling визуально и по памяти на 512 почти не изменил результат; group offload резко снижает измеренную VRAM, но переносит нагрузку в CPU/RAM"
text-original__ckpt-base__q-none__compile-1__offload-group__vae-tiling-1__fast-steps-1__lowres-0__temporal-sub-1,original,base,none,1,group,1,1,0,1,15.8,820.0,15.8,820.0,,23.9928,0.973982,0.00338,0.303569,движение слабое; выглядит почти статично,не брать: слишком статично для требования «не застыло»,"base даёт больше реального движения волос/лица; temporal subsample/interpolation сглаживает и делает ролик более статичным; compile визуально не меняет, но в этом запуске сильно замедлил; VAE tiling визуально и по памяти на 512 почти не изменил результат; group offload резко снижает измеренную VRAM, но переносит нагрузку в CPU/RAM"
text-original__ckpt-base__q-none__compile-1__offload-group__vae-tiling-1__fast-steps-1__lowres-1__temporal-sub-0,original,base,none,1,group,1,1,1,0,15.8,878.0,15.8,878.0,,21.5337,0.902177,0.038521,0.307781,движение заметное; не застыло,визуально годится по движению; смотреть память,"base даёт больше реального движения волос/лица; lowres 384→512: лицо мягче/мыльнее, но движение сохраняется; compile визуально не меняет, но в этом запуске сильно замедлил; VAE tiling визуально и по памяти на 512 почти не изменил результат; group offload резко снижает измеренную VRAM, но переносит нагрузку в CPU/RAM"
text-original__ckpt-base__q-none__compile-1__offload-group__vae-tiling-1__fast-steps-1__lowres-1__temporal-sub-1,original,base,none,1,group,1,1,1,1,15.8,488.0,15.8,488.0,,23.9017,0.986244,0.015755,0.304709,движение слабое; выглядит почти статично,не брать: слишком статично для требования «не застыло»,"base даёт больше реального движения волос/лица; lowres 384→512: лицо мягче/мыльнее, но движение сохраняется; temporal subsample/interpolation сглаживает и делает ролик более статичным; compile визуально не меняет, но в этом запуске сильно замедлил; VAE tiling визуально и по памяти на 512 почти не изменил результат; group offload резко снижает измеренную VRAM, но переносит нагрузку в CPU/RAM"
text-original__ckpt-base__q-fp8__compile-0__offload-none__vae-tiling-0__fast-steps-0__lowres-0__temporal-sub-0,original,base,fp8,0,none,0,0,0,0,11757.6,12118.0,11757.6,12118.0,,7.3829,0.862181,0.016305,0.306835,очень заметное движение; точно не застыло,визуально годится по движению; смотреть память,base даёт больше реального движения волос/лица; FP8 не дал заметного визуального ухудшения относительно BF16
text-original__ckpt-base__q-fp8__compile-0__offload-none__vae-tiling-0__fast-steps-0__lowres-0__temporal-sub-1,original,base,fp8,0,none,0,0,0,1,11757.4,12576.0,11757.4,12576.0,,4.1803,0.978883,0.002782,0.301013,движение слабое; выглядит почти статично,не брать: слишком статично для требования «не застыло»,base даёт больше реального движения волос/лица; FP8 не дал заметного визуального ухудшения относительно BF16; temporal subsample/interpolation сглаживает и делает ролик более статичным
text-original__ckpt-base__q-fp8__compile-0__offload-none__vae-tiling-0__fast-steps-0__lowres-1__temporal-sub-0,original,base,fp8,0,none,0,0,1,0,11758.1,12616.0,11758.1,12616.0,,3.5136,0.909246,0.032018,0.307345,движение заметное; не застыло,визуально годится по движению; смотреть память,"base даёт больше реального движения волос/лица; FP8 не дал заметного визуального ухудшения относительно BF16; lowres 384→512: лицо мягче/мыльнее, но движение сохраняется"
text-original__ckpt-base__q-fp8__compile-0__offload-none__vae-tiling-0__fast-steps-0__lowres-1__temporal-sub-1,original,base,fp8,0,none,0,0,1,1,11757.3,12270.0,11757.3,12270.0,,2.833,0.988047,0.014312,0.305164,движение слабое; выглядит почти статично,не брать: слишком статично для требования «не застыло»,"base даёт больше реального движения волос/лица; FP8 не дал заметного визуального ухудшения относительно BF16; lowres 384→512: лицо мягче/мыльнее, но движение сохраняется; temporal subsample/interpolation сглаживает и делает ролик более статичным"
text-original__ckpt-base__q-fp8__compile-0__offload-none__vae-tiling-0__fast-steps-1__lowres-0__temporal-sub-0,original,base,fp8,0,none,0,1,0,0,11757.6,12118.0,11757.6,12118.0,,4.8676,0.848621,0.017884,0.305275,очень заметное движение; точно не застыло,визуально годится по движению; смотреть память,base даёт больше реального движения волос/лица; FP8 не дал заметного визуального ухудшения относительно BF16
text-original__ckpt-base__q-fp8__compile-0__offload-none__vae-tiling-0__fast-steps-1__lowres-0__temporal-sub-1,original,base,fp8,0,none,0,1,0,1,11757.4,12576.0,11757.4,12576.0,,2.1363,0.974941,0.003286,0.303465,движение слабое; выглядит почти статично,не брать: слишком статично для требования «не застыло»,base даёт больше реального движения волос/лица; FP8 не дал заметного визуального ухудшения относительно BF16; temporal subsample/interpolation сглаживает и делает ролик более статичным
text-original__ckpt-base__q-fp8__compile-0__offload-none__vae-tiling-0__fast-steps-1__lowres-1__temporal-sub-0,original,base,fp8,0,none,0,1,1,0,11758.1,12618.0,11758.1,12618.0,,3.1604,0.901989,0.037914,0.307269,движение заметное; не застыло,"кандидат без offload, но память всё ещё слишком велика для большинства телефонов","base даёт больше реального движения волос/лица; FP8 не дал заметного визуального ухудшения относительно BF16; lowres 384→512: лицо мягче/мыльнее, но движение сохраняется"
text-original__ckpt-base__q-fp8__compile-0__offload-none__vae-tiling-0__fast-steps-1__lowres-1__temporal-sub-1,original,base,fp8,0,none,0,1,1,1,11757.3,12270.0,11757.3,12270.0,,1.8666,0.986641,0.015513,0.304527,движение слабое; выглядит почти статично,не брать: слишком статично для требования «не застыло»,"base даёт больше реального движения волос/лица; FP8 не дал заметного визуального ухудшения относительно BF16; lowres 384→512: лицо мягче/мыльнее, но движение сохраняется; temporal subsample/interpolation сглаживает и делает ролик более статичным"
text-original__ckpt-base__q-fp8__compile-0__offload-none__vae-tiling-1__fast-steps-0__lowres-0__temporal-sub-0,original,base,fp8,0,none,1,0,0,0,11757.6,12118.0,11757.6,12118.0,,8.3521,0.862181,0.016305,0.306835,очень заметное движение; точно не застыло,визуально годится по движению; смотреть память,base даёт больше реального движения волос/лица; FP8 не дал заметного визуального ухудшения относительно BF16; VAE tiling визуально и по памяти на 512 почти не изменил результат
text-original__ckpt-base__q-fp8__compile-0__offload-none__vae-tiling-1__fast-steps-0__lowres-0__temporal-sub-1,original,base,fp8,0,none,1,0,0,1,11757.4,12576.0,11757.4,12576.0,,4.1801,0.978883,0.002782,0.301013,движение слабое; выглядит почти статично,не брать: слишком статично для требования «не застыло»,base даёт больше реального движения волос/лица; FP8 не дал заметного визуального ухудшения относительно BF16; temporal subsample/interpolation сглаживает и делает ролик более статичным; VAE tiling визуально и по памяти на 512 почти не изменил результат
text-original__ckpt-base__q-fp8__compile-0__offload-none__vae-tiling-1__fast-steps-0__lowres-1__temporal-sub-0,original,base,fp8,0,none,1,0,1,0,11758.1,12616.0,11758.1,12616.0,,4.7039,0.909246,0.032018,0.307345,движение заметное; не застыло,визуально годится по движению; смотреть память,"base даёт больше реального движения волос/лица; FP8 не дал заметного визуального ухудшения относительно BF16; lowres 384→512: лицо мягче/мыльнее, но движение сохраняется; VAE tiling визуально и по памяти на 512 почти не изменил результат"
text-original__ckpt-base__q-fp8__compile-0__offload-none__vae-tiling-1__fast-steps-0__lowres-1__temporal-sub-1,original,base,fp8,0,none,1,0,1,1,11757.3,12270.0,11757.3,12270.0,,3.3961,0.988047,0.014312,0.305164,движение слабое; выглядит почти статично,не брать: слишком статично для требования «не застыло»,"base даёт больше реального движения волос/лица; FP8 не дал заметного визуального ухудшения относительно BF16; lowres 384→512: лицо мягче/мыльнее, но движение сохраняется; temporal subsample/interpolation сглаживает и делает ролик более статичным; VAE tiling визуально и по памяти на 512 почти не изменил результат"
text-original__ckpt-base__q-fp8__compile-0__offload-none__vae-tiling-1__fast-steps-1__lowres-0__temporal-sub-0,original,base,fp8,0,none,1,1,0,0,11757.6,12118.0,11757.6,12118.0,,5.7671,0.848621,0.017884,0.305275,очень заметное движение; точно не застыло,визуально годится по движению; смотреть память,base даёт больше реального движения волос/лица; FP8 не дал заметного визуального ухудшения относительно BF16; VAE tiling визуально и по памяти на 512 почти не изменил результат
text-original__ckpt-base__q-fp8__compile-0__offload-none__vae-tiling-1__fast-steps-1__lowres-0__temporal-sub-1,original,base,fp8,0,none,1,1,0,1,11757.4,12576.0,11757.4,12576.0,,2.7265,0.974941,0.003286,0.303465,движение слабое; выглядит почти статично,не брать: слишком статично для требования «не застыло»,base даёт больше реального движения волос/лица; FP8 не дал заметного визуального ухудшения относительно BF16; temporal subsample/interpolation сглаживает и делает ролик более статичным; VAE tiling визуально и по памяти на 512 почти не изменил результат
text-original__ckpt-base__q-fp8__compile-0__offload-none__vae-tiling-1__fast-steps-1__lowres-1__temporal-sub-0,original,base,fp8,0,none,1,1,1,0,11758.1,12618.0,11758.1,12618.0,,2.6543,0.901989,0.037914,0.307269,движение заметное; не застыло,"кандидат без offload, но память всё ещё слишком велика для большинства телефонов","base даёт больше реального движения волос/лица; FP8 не дал заметного визуального ухудшения относительно BF16; lowres 384→512: лицо мягче/мыльнее, но движение сохраняется; VAE tiling визуально и по памяти на 512 почти не изменил результат"
text-original__ckpt-base__q-fp8__compile-0__offload-none__vae-tiling-1__fast-steps-1__lowres-1__temporal-sub-1,original,base,fp8,0,none,1,1,1,1,11757.3,12270.0,11757.3,12270.0,,1.7468,0.986641,0.015513,0.304527,движение слабое; выглядит почти статично,не брать: слишком статично для требования «не застыло»,"base даёт больше реального движения волос/лица; FP8 не дал заметного визуального ухудшения относительно BF16; lowres 384→512: лицо мягче/мыльнее, но движение сохраняется; temporal subsample/interpolation сглаживает и делает ролик более статичным; VAE tiling визуально и по памяти на 512 почти не изменил результат"
text-original__ckpt-base__q-fp8__compile-0__offload-group__vae-tiling-0__fast-steps-0__lowres-0__temporal-sub-0,original,base,fp8,0,group,0,0,0,0,15.8,60.0,15.8,60.0,,15.3567,0.862181,0.016305,0.306835,очень заметное движение; точно не застыло,визуально годится по движению; смотреть память,"base даёт больше реального движения волос/лица; FP8 не дал заметного визуального ухудшения относительно BF16; group offload резко снижает измеренную VRAM, но переносит нагрузку в CPU/RAM"
text-original__ckpt-base__q-fp8__compile-0__offload-group__vae-tiling-0__fast-steps-0__lowres-0__temporal-sub-1,original,base,fp8,0,group,0,0,0,1,15.8,60.0,15.8,60.0,,11.8455,0.978883,0.002782,0.301013,движение слабое; выглядит почти статично,не брать: слишком статично для требования «не застыло»,"base даёт больше реального движения волос/лица; FP8 не дал заметного визуального ухудшения относительно BF16; temporal subsample/interpolation сглаживает и делает ролик более статичным; group offload резко снижает измеренную VRAM, но переносит нагрузку в CPU/RAM"
text-original__ckpt-base__q-fp8__compile-0__offload-group__vae-tiling-0__fast-steps-0__lowres-1__temporal-sub-0,original,base,fp8,0,group,0,0,1,0,15.8,60.0,15.8,60.0,,12.1684,0.909246,0.032018,0.307345,движение заметное; не застыло,визуально годится по движению; смотреть память,"base даёт больше реального движения волос/лица; FP8 не дал заметного визуального ухудшения относительно BF16; lowres 384→512: лицо мягче/мыльнее, но движение сохраняется; group offload резко снижает измеренную VRAM, но переносит нагрузку в CPU/RAM"
text-original__ckpt-base__q-fp8__compile-0__offload-group__vae-tiling-0__fast-steps-0__lowres-1__temporal-sub-1,original,base,fp8,0,group,0,0,1,1,15.8,60.0,15.8,60.0,,12.2904,0.988047,0.014312,0.305164,движение слабое; выглядит почти статично,не брать: слишком статично для требования «не застыло»,"base даёт больше реального движения волос/лица; FP8 не дал заметного визуального ухудшения относительно BF16; lowres 384→512: лицо мягче/мыльнее, но движение сохраняется; temporal subsample/interpolation сглаживает и делает ролик более статичным; group offload резко снижает измеренную VRAM, но переносит нагрузку в CPU/RAM"
text-original__ckpt-base__q-fp8__compile-0__offload-group__vae-tiling-0__fast-steps-1__lowres-0__temporal-sub-0,original,base,fp8,0,group,0,1,0,0,15.8,60.0,15.8,60.0,,11.1862,0.848621,0.017884,0.305275,очень заметное движение; точно не застыло,визуально годится по движению; смотреть память,"base даёт больше реального движения волос/лица; FP8 не дал заметного визуального ухудшения относительно BF16; group offload резко снижает измеренную VRAM, но переносит нагрузку в CPU/RAM"
text-original__ckpt-base__q-fp8__compile-0__offload-group__vae-tiling-0__fast-steps-1__lowres-0__temporal-sub-1,original,base,fp8,0,group,0,1,0,1,15.8,60.0,15.8,60.0,,9.474,0.974941,0.003286,0.303465,движение слабое; выглядит почти статично,не брать: слишком статично для требования «не застыло»,"base даёт больше реального движения волос/лица; FP8 не дал заметного визуального ухудшения относительно BF16; temporal subsample/interpolation сглаживает и делает ролик более статичным; group offload резко снижает измеренную VRAM, но переносит нагрузку в CPU/RAM"
text-original__ckpt-base__q-fp8__compile-0__offload-group__vae-tiling-0__fast-steps-1__lowres-1__temporal-sub-0,original,base,fp8,0,group,0,1,1,0,15.8,60.0,15.8,60.0,,10.3545,0.901989,0.037914,0.307269,движение заметное; не застыло,"главный кандидат при наличии offload: низкая измеренная VRAM, ролик не замирает","base даёт больше реального движения волос/лица; FP8 не дал заметного визуального ухудшения относительно BF16; lowres 384→512: лицо мягче/мыльнее, но движение сохраняется; group offload резко снижает измеренную VRAM, но переносит нагрузку в CPU/RAM"
text-original__ckpt-base__q-fp8__compile-0__offload-group__vae-tiling-0__fast-steps-1__lowres-1__temporal-sub-1,original,base,fp8,0,group,0,1,1,1,15.8,60.0,15.8,60.0,,9.0048,0.986641,0.015513,0.304527,движение слабое; выглядит почти статично,не брать: слишком статично для требования «не застыло»,"base даёт больше реального движения волос/лица; FP8 не дал заметного визуального ухудшения относительно BF16; lowres 384→512: лицо мягче/мыльнее, но движение сохраняется; temporal subsample/interpolation сглаживает и делает ролик более статичным; group offload резко снижает измеренную VRAM, но переносит нагрузку в CPU/RAM"
text-original__ckpt-base__q-fp8__compile-0__offload-group__vae-tiling-1__fast-steps-0__lowres-0__temporal-sub-0,original,base,fp8,0,group,1,0,0,0,15.8,60.0,15.8,60.0,,14.48,0.862181,0.016305,0.306835,очень заметное движение; точно не застыло,визуально годится по движению; смотреть память,"base даёт больше реального движения волос/лица; FP8 не дал заметного визуального ухудшения относительно BF16; VAE tiling визуально и по памяти на 512 почти не изменил результат; group offload резко снижает измеренную VRAM, но переносит нагрузку в CPU/RAM"
text-original__ckpt-base__q-fp8__compile-0__offload-group__vae-tiling-1__fast-steps-0__lowres-0__temporal-sub-1,original,base,fp8,0,group,1,0,0,1,15.8,60.0,15.8,60.0,,12.2523,0.978883,0.002782,0.301013,движение слабое; выглядит почти статично,не брать: слишком статично для требования «не застыло»,"base даёт больше реального движения волос/лица; FP8 не дал заметного визуального ухудшения относительно BF16; temporal subsample/interpolation сглаживает и делает ролик более статичным; VAE tiling визуально и по памяти на 512 почти не изменил результат; group offload резко снижает измеренную VRAM, но переносит нагрузку в CPU/RAM"
text-original__ckpt-base__q-fp8__compile-0__offload-group__vae-tiling-1__fast-steps-0__lowres-1__temporal-sub-0,original,base,fp8,0,group,1,0,1,0,15.8,60.0,15.8,60.0,,13.6075,0.909246,0.032018,0.307345,движение заметное; не застыло,визуально годится по движению; смотреть память,"base даёт больше реального движения волос/лица; FP8 не дал заметного визуального ухудшения относительно BF16; lowres 384→512: лицо мягче/мыльнее, но движение сохраняется; VAE tiling визуально и по памяти на 512 почти не изменил результат; group offload резко снижает измеренную VRAM, но переносит нагрузку в CPU/RAM"
text-original__ckpt-base__q-fp8__compile-0__offload-group__vae-tiling-1__fast-steps-0__lowres-1__temporal-sub-1,original,base,fp8,0,group,1,0,1,1,15.8,60.0,15.8,60.0,,10.9637,0.988047,0.014312,0.305164,движение слабое; выглядит почти статично,не брать: слишком статично для требования «не застыло»,"base даёт больше реального движения волос/лица; FP8 не дал заметного визуального ухудшения относительно BF16; lowres 384→512: лицо мягче/мыльнее, но движение сохраняется; temporal subsample/interpolation сглаживает и делает ролик более статичным; VAE tiling визуально и по памяти на 512 почти не изменил результат; group offload резко снижает измеренную VRAM, но переносит нагрузку в CPU/RAM"
text-original__ckpt-base__q-fp8__compile-0__offload-group__vae-tiling-1__fast-steps-1__lowres-0__temporal-sub-0,original,base,fp8,0,group,1,1,0,0,15.8,60.0,15.8,60.0,,10.7445,0.848621,0.017884,0.305275,очень заметное движение; точно не застыло,визуально годится по движению; смотреть память,"base даёт больше реального движения волос/лица; FP8 не дал заметного визуального ухудшения относительно BF16; VAE tiling визуально и по памяти на 512 почти не изменил результат; group offload резко снижает измеренную VRAM, но переносит нагрузку в CPU/RAM"
text-original__ckpt-base__q-fp8__compile-0__offload-group__vae-tiling-1__fast-steps-1__lowres-0__temporal-sub-1,original,base,fp8,0,group,1,1,0,1,15.8,60.0,15.8,60.0,,9.7075,0.974941,0.003286,0.303465,движение слабое; выглядит почти статично,не брать: слишком статично для требования «не застыло»,"base даёт больше реального движения волос/лица; FP8 не дал заметного визуального ухудшения относительно BF16; temporal subsample/interpolation сглаживает и делает ролик более статичным; VAE tiling визуально и по памяти на 512 почти не изменил результат; group offload резко снижает измеренную VRAM, но переносит нагрузку в CPU/RAM"
text-original__ckpt-base__q-fp8__compile-0__offload-group__vae-tiling-1__fast-steps-1__lowres-1__temporal-sub-0,original,base,fp8,0,group,1,1,1,0,15.8,60.0,15.8,60.0,,9.2511,0.901989,0.037914,0.307269,движение заметное; не застыло,"главный кандидат при наличии offload: низкая измеренная VRAM, ролик не замирает","base даёт больше реального движения волос/лица; FP8 не дал заметного визуального ухудшения относительно BF16; lowres 384→512: лицо мягче/мыльнее, но движение сохраняется; VAE tiling визуально и по памяти на 512 почти не изменил результат; group offload резко снижает измеренную VRAM, но переносит нагрузку в CPU/RAM"
text-original__ckpt-base__q-fp8__compile-0__offload-group__vae-tiling-1__fast-steps-1__lowres-1__temporal-sub-1,original,base,fp8,0,group,1,1,1,1,15.8,60.0,15.8,60.0,,9.6833,0.986641,0.015513,0.304527,движение слабое; выглядит почти статично,не брать: слишком статично для требования «не застыло»,"base даёт больше реального движения волос/лица; FP8 не дал заметного визуального ухудшения относительно BF16; lowres 384→512: лицо мягче/мыльнее, но движение сохраняется; temporal subsample/interpolation сглаживает и делает ролик более статичным; VAE tiling визуально и по памяти на 512 почти не изменил результат; group offload резко снижает измеренную VRAM, но переносит нагрузку в CPU/RAM"
text-original__ckpt-base__q-fp8__compile-1__offload-none__vae-tiling-0__fast-steps-0__lowres-0__temporal-sub-0,original,base,fp8,1,none,0,0,0,0,11758.6,13458.0,11758.6,13458.0,,51.8723,0.862673,0.016483,0.306291,очень заметное движение; точно не застыло,визуально годится по движению; смотреть память,"base даёт больше реального движения волос/лица; FP8 не дал заметного визуального ухудшения относительно BF16; compile визуально не меняет, но в этом запуске сильно замедлил"
text-original__ckpt-base__q-fp8__compile-1__offload-none__vae-tiling-0__fast-steps-0__lowres-0__temporal-sub-1,original,base,fp8,1,none,0,0,0,1,11757.8,12690.0,11757.8,12690.0,,44.0091,0.978828,0.002802,0.301411,движение слабое; выглядит почти статично,не брать: слишком статично для требования «не застыло»,"base даёт больше реального движения волос/лица; FP8 не дал заметного визуального ухудшения относительно BF16; temporal subsample/interpolation сглаживает и делает ролик более статичным; compile визуально не меняет, но в этом запуске сильно замедлил"
text-original__ckpt-base__q-fp8__compile-1__offload-none__vae-tiling-0__fast-steps-0__lowres-1__temporal-sub-0,original,base,fp8,1,none,0,0,1,0,11757.9,12736.0,11757.9,12736.0,,45.7232,0.912412,0.032248,0.306196,движение заметное; не застыло,визуально годится по движению; смотреть память,"base даёт больше реального движения волос/лица; FP8 не дал заметного визуального ухудшения относительно BF16; lowres 384→512: лицо мягче/мыльнее, но движение сохраняется; compile визуально не меняет, но в этом запуске сильно замедлил"
text-original__ckpt-base__q-fp8__compile-1__offload-none__vae-tiling-0__fast-steps-0__lowres-1__temporal-sub-1,original,base,fp8,1,none,0,0,1,1,11757.6,12320.0,11757.6,12320.0,,45.117,0.98809,0.014214,0.305679,движение слабое; выглядит почти статично,не брать: слишком статично для требования «не застыло»,"base даёт больше реального движения волос/лица; FP8 не дал заметного визуального ухудшения относительно BF16; lowres 384→512: лицо мягче/мыльнее, но движение сохраняется; temporal subsample/interpolation сглаживает и делает ролик более статичным; compile визуально не меняет, но в этом запуске сильно замедлил"
text-original__ckpt-base__q-fp8__compile-1__offload-none__vae-tiling-0__fast-steps-1__lowres-0__temporal-sub-0,original,base,fp8,1,none,0,1,0,0,11758.6,13456.0,11758.6,13456.0,,19.4559,0.848449,0.017848,0.305078,очень заметное движение; точно не застыло,визуально годится по движению; смотреть память,"base даёт больше реального движения волос/лица; FP8 не дал заметного визуального ухудшения относительно BF16; compile визуально не меняет, но в этом запуске сильно замедлил"
text-original__ckpt-base__q-fp8__compile-1__offload-none__vae-tiling-0__fast-steps-1__lowres-0__temporal-sub-1,original,base,fp8,1,none,0,1,0,1,11758.1,12678.0,11758.1,12678.0,,19.9147,0.974964,0.003283,0.303393,движение слабое; выглядит почти статично,не брать: слишком статично для требования «не застыло»,"base даёт больше реального движения волос/лица; FP8 не дал заметного визуального ухудшения относительно BF16; temporal subsample/interpolation сглаживает и делает ролик более статичным; compile визуально не меняет, но в этом запуске сильно замедлил"
text-original__ckpt-base__q-fp8__compile-1__offload-none__vae-tiling-0__fast-steps-1__lowres-1__temporal-sub-0,original,base,fp8,1,none,0,1,1,0,11757.9,12736.0,11757.9,12736.0,,20.1015,0.901901,0.037924,0.307491,движение заметное; не застыло,"кандидат без offload, но память всё ещё слишком велика для большинства телефонов","base даёт больше реального движения волос/лица; FP8 не дал заметного визуального ухудшения относительно BF16; lowres 384→512: лицо мягче/мыльнее, но движение сохраняется; compile визуально не меняет, но в этом запуске сильно замедлил"
text-original__ckpt-base__q-fp8__compile-1__offload-none__vae-tiling-0__fast-steps-1__lowres-1__temporal-sub-1,original,base,fp8,1,none,0,1,1,1,11757.6,12320.0,11757.6,12320.0,,17.9604,0.986615,0.015487,0.304676,движение слабое; выглядит почти статично,не брать: слишком статично для требования «не застыло»,"base даёт больше реального движения волос/лица; FP8 не дал заметного визуального ухудшения относительно BF16; lowres 384→512: лицо мягче/мыльнее, но движение сохраняется; temporal subsample/interpolation сглаживает и делает ролик более статичным; compile визуально не меняет, но в этом запуске сильно замедлил"
text-original__ckpt-base__q-fp8__compile-1__offload-none__vae-tiling-1__fast-steps-0__lowres-0__temporal-sub-0,original,base,fp8,1,none,1,0,0,0,11758.6,13458.0,11758.6,13458.0,,52.083,0.862673,0.016483,0.306291,очень заметное движение; точно не застыло,визуально годится по движению; смотреть память,"base даёт больше реального движения волос/лица; FP8 не дал заметного визуального ухудшения относительно BF16; compile визуально не меняет, но в этом запуске сильно замедлил; VAE tiling визуально и по памяти на 512 почти не изменил результат"
text-original__ckpt-base__q-fp8__compile-1__offload-none__vae-tiling-1__fast-steps-0__lowres-0__temporal-sub-1,original,base,fp8,1,none,1,0,0,1,11757.8,12690.0,11757.8,12690.0,,50.0386,0.978828,0.002802,0.301411,движение слабое; выглядит почти статично,не брать: слишком статично для требования «не застыло»,"base даёт больше реального движения волос/лица; FP8 не дал заметного визуального ухудшения относительно BF16; temporal subsample/interpolation сглаживает и делает ролик более статичным; compile визуально не меняет, но в этом запуске сильно замедлил; VAE tiling визуально и по памяти на 512 почти не изменил результат"
text-original__ckpt-base__q-fp8__compile-1__offload-none__vae-tiling-1__fast-steps-0__lowres-1__temporal-sub-0,original,base,fp8,1,none,1,0,1,0,11757.9,12736.0,11757.9,12736.0,,49.0,0.912412,0.032248,0.306196,движение заметное; не застыло,визуально годится по движению; смотреть память,"base даёт больше реального движения волос/лица; FP8 не дал заметного визуального ухудшения относительно BF16; lowres 384→512: лицо мягче/мыльнее, но движение сохраняется; compile визуально не меняет, но в этом запуске сильно замедлил; VAE tiling визуально и по памяти на 512 почти не изменил результат"
text-original__ckpt-base__q-fp8__compile-1__offload-none__vae-tiling-1__fast-steps-0__lowres-1__temporal-sub-1,original,base,fp8,1,none,1,0,1,1,11757.6,12320.0,11757.6,12320.0,,44.8905,0.98809,0.014214,0.305679,движение слабое; выглядит почти статично,не брать: слишком статично для требования «не застыло»,"base даёт больше реального движения волос/лица; FP8 не дал заметного визуального ухудшения относительно BF16; lowres 384→512: лицо мягче/мыльнее, но движение сохраняется; temporal subsample/interpolation сглаживает и делает ролик более статичным; compile визуально не меняет, но в этом запуске сильно замедлил; VAE tiling визуально и по памяти на 512 почти не изменил результат"
text-original__ckpt-base__q-fp8__compile-1__offload-none__vae-tiling-1__fast-steps-1__lowres-0__temporal-sub-0,original,base,fp8,1,none,1,1,0,0,11758.6,13456.0,11758.6,13456.0,,22.4479,0.848449,0.017848,0.305078,очень заметное движение; точно не застыло,визуально годится по движению; смотреть память,"base даёт больше реального движения волос/лица; FP8 не дал заметного визуального ухудшения относительно BF16; compile визуально не меняет, но в этом запуске сильно замедлил; VAE tiling визуально и по памяти на 512 почти не изменил результат"
text-original__ckpt-base__q-fp8__compile-1__offload-none__vae-tiling-1__fast-steps-1__lowres-0__temporal-sub-1,original,base,fp8,1,none,1,1,0,1,11758.1,12678.0,11758.1,12678.0,,19.0624,0.974964,0.003283,0.303393,движение слабое; выглядит почти статично,не брать: слишком статично для требования «не застыло»,"base даёт больше реального движения волос/лица; FP8 не дал заметного визуального ухудшения относительно BF16; temporal subsample/interpolation сглаживает и делает ролик более статичным; compile визуально не меняет, но в этом запуске сильно замедлил; VAE tiling визуально и по памяти на 512 почти не изменил результат"
text-original__ckpt-base__q-fp8__compile-1__offload-none__vae-tiling-1__fast-steps-1__lowres-1__temporal-sub-0,original,base,fp8,1,none,1,1,1,0,11757.9,12736.0,11757.9,12736.0,,18.019,0.901901,0.037924,0.307491,движение заметное; не застыло,"кандидат без offload, но память всё ещё слишком велика для большинства телефонов","base даёт больше реального движения волос/лица; FP8 не дал заметного визуального ухудшения относительно BF16; lowres 384→512: лицо мягче/мыльнее, но движение сохраняется; compile визуально не меняет, но в этом запуске сильно замедлил; VAE tiling визуально и по памяти на 512 почти не изменил результат"
text-original__ckpt-base__q-fp8__compile-1__offload-none__vae-tiling-1__fast-steps-1__lowres-1__temporal-sub-1,original,base,fp8,1,none,1,1,1,1,11757.6,12320.0,11757.6,12320.0,,17.4534,0.986615,0.015487,0.304676,движение слабое; выглядит почти статично,не брать: слишком статично для требования «не застыло»,"base даёт больше реального движения волос/лица; FP8 не дал заметного визуального ухудшения относительно BF16; lowres 384→512: лицо мягче/мыльнее, но движение сохраняется; temporal subsample/interpolation сглаживает и делает ролик более статичным; compile визуально не меняет, но в этом запуске сильно замедлил; VAE tiling визуально и по памяти на 512 почти не изменил результат"
text-original__ckpt-base__q-fp8__compile-1__offload-group__vae-tiling-0__fast-steps-0__lowres-0__temporal-sub-0,original,base,fp8,1,group,0,0,0,0,16.6,528.0,16.6,528.0,,27.5476,0.861924,0.016262,0.306051,очень заметное движение; точно не застыло,визуально годится по движению; смотреть память,"base даёт больше реального движения волос/лица; FP8 не дал заметного визуального ухудшения относительно BF16; compile визуально не меняет, но в этом запуске сильно замедлил; group offload резко снижает измеренную VRAM, но переносит нагрузку в CPU/RAM"
text-original__ckpt-base__q-fp8__compile-1__offload-group__vae-tiling-0__fast-steps-0__lowres-0__temporal-sub-1,original,base,fp8,1,group,0,0,0,1,15.8,818.0,15.8,818.0,,25.4226,0.97886,0.002784,0.301642,движение слабое; выглядит почти статично,не брать: слишком статично для требования «не застыло»,"base даёт больше реального движения волос/лица; FP8 не дал заметного визуального ухудшения относительно BF16; temporal subsample/interpolation сглаживает и делает ролик более статичным; compile визуально не меняет, но в этом запуске сильно замедлил; group offload резко снижает измеренную VRAM, но переносит нагрузку в CPU/RAM"
text-original__ckpt-base__q-fp8__compile-1__offload-group__vae-tiling-0__fast-steps-0__lowres-1__temporal-sub-0,original,base,fp8,1,group,0,0,1,0,15.8,878.0,15.8,878.0,,24.3211,0.909062,0.031787,0.307352,движение заметное; не застыло,визуально годится по движению; смотреть память,"base даёт больше реального движения волос/лица; FP8 не дал заметного визуального ухудшения относительно BF16; lowres 384→512: лицо мягче/мыльнее, но движение сохраняется; compile визуально не меняет, но в этом запуске сильно замедлил; group offload резко снижает измеренную VRAM, но переносит нагрузку в CPU/RAM"
text-original__ckpt-base__q-fp8__compile-1__offload-group__vae-tiling-0__fast-steps-0__lowres-1__temporal-sub-1,original,base,fp8,1,group,0,0,1,1,15.8,488.0,15.8,488.0,,23.7412,0.988075,0.014268,0.305217,движение слабое; выглядит почти статично,не брать: слишком статично для требования «не застыло»,"base даёт больше реального движения волос/лица; FP8 не дал заметного визуального ухудшения относительно BF16; lowres 384→512: лицо мягче/мыльнее, но движение сохраняется; temporal subsample/interpolation сглаживает и делает ролик более статичным; compile визуально не меняет, но в этом запуске сильно замедлил; group offload резко снижает измеренную VRAM, но переносит нагрузку в CPU/RAM"
text-original__ckpt-base__q-fp8__compile-1__offload-group__vae-tiling-0__fast-steps-1__lowres-0__temporal-sub-0,original,base,fp8,1,group,0,1,0,0,16.6,528.0,16.6,528.0,,21.8208,0.848418,0.017867,0.305376,очень заметное движение; точно не застыло,визуально годится по движению; смотреть память,"base даёт больше реального движения волос/лица; FP8 не дал заметного визуального ухудшения относительно BF16; compile визуально не меняет, но в этом запуске сильно замедлил; group offload резко снижает измеренную VRAM, но переносит нагрузку в CPU/RAM"
text-original__ckpt-base__q-fp8__compile-1__offload-group__vae-tiling-0__fast-steps-1__lowres-0__temporal-sub-1,original,base,fp8,1,group,0,1,0,1,15.8,818.0,15.8,818.0,,21.1489,0.974975,0.003269,0.303438,движение слабое; выглядит почти статично,не брать: слишком статично для требования «не застыло»,"base даёт больше реального движения волос/лица; FP8 не дал заметного визуального ухудшения относительно BF16; temporal subsample/interpolation сглаживает и делает ролик более статичным; compile визуально не меняет, но в этом запуске сильно замедлил; group offload резко снижает измеренную VRAM, но переносит нагрузку в CPU/RAM"
text-original__ckpt-base__q-fp8__compile-1__offload-group__vae-tiling-0__fast-steps-1__lowres-1__temporal-sub-0,original,base,fp8,1,group,0,1,1,0,15.8,878.0,15.8,878.0,,21.0663,0.902146,0.038003,0.307141,движение заметное; не застыло,"главный кандидат при наличии offload: низкая измеренная VRAM, ролик не замирает","base даёт больше реального движения волос/лица; FP8 не дал заметного визуального ухудшения относительно BF16; lowres 384→512: лицо мягче/мыльнее, но движение сохраняется; compile визуально не меняет, но в этом запуске сильно замедлил; group offload резко снижает измеренную VRAM, но переносит нагрузку в CPU/RAM"
text-original__ckpt-base__q-fp8__compile-1__offload-group__vae-tiling-0__fast-steps-1__lowres-1__temporal-sub-1,original,base,fp8,1,group,0,1,1,1,15.8,488.0,15.8,488.0,,20.3675,0.986617,0.015512,0.305102,движение слабое; выглядит почти статично,не брать: слишком статично для требования «не застыло»,"base даёт больше реального движения волос/лица; FP8 не дал заметного визуального ухудшения относительно BF16; lowres 384→512: лицо мягче/мыльнее, но движение сохраняется; temporal subsample/interpolation сглаживает и делает ролик более статичным; compile визуально не меняет, но в этом запуске сильно замедлил; group offload резко снижает измеренную VRAM, но переносит нагрузку в CPU/RAM"
text-original__ckpt-base__q-fp8__compile-1__offload-group__vae-tiling-1__fast-steps-0__lowres-0__temporal-sub-0,original,base,fp8,1,group,1,0,0,0,16.6,528.0,16.6,528.0,,25.5415,0.861924,0.016262,0.306051,очень заметное движение; точно не застыло,визуально годится по движению; смотреть память,"base даёт больше реального движения волос/лица; FP8 не дал заметного визуального ухудшения относительно BF16; compile визуально не меняет, но в этом запуске сильно замедлил; VAE tiling визуально и по памяти на 512 почти не изменил результат; group offload резко снижает измеренную VRAM, но переносит нагрузку в CPU/RAM"
text-original__ckpt-base__q-fp8__compile-1__offload-group__vae-tiling-1__fast-steps-0__lowres-0__temporal-sub-1,original,base,fp8,1,group,1,0,0,1,15.8,818.0,15.8,818.0,,24.348,0.97886,0.002784,0.301642,движение слабое; выглядит почти статично,не брать: слишком статично для требования «не застыло»,"base даёт больше реального движения волос/лица; FP8 не дал заметного визуального ухудшения относительно BF16; temporal subsample/interpolation сглаживает и делает ролик более статичным; compile визуально не меняет, но в этом запуске сильно замедлил; VAE tiling визуально и по памяти на 512 почти не изменил результат; group offload резко снижает измеренную VRAM, но переносит нагрузку в CPU/RAM"
text-original__ckpt-base__q-fp8__compile-1__offload-group__vae-tiling-1__fast-steps-0__lowres-1__temporal-sub-0,original,base,fp8,1,group,1,0,1,0,15.8,878.0,15.8,878.0,,24.2877,0.909062,0.031787,0.307352,движение заметное; не застыло,визуально годится по движению; смотреть память,"base даёт больше реального движения волос/лица; FP8 не дал заметного визуального ухудшения относительно BF16; lowres 384→512: лицо мягче/мыльнее, но движение сохраняется; compile визуально не меняет, но в этом запуске сильно замедлил; VAE tiling визуально и по памяти на 512 почти не изменил результат; group offload резко снижает измеренную VRAM, но переносит нагрузку в CPU/RAM"
text-original__ckpt-base__q-fp8__compile-1__offload-group__vae-tiling-1__fast-steps-0__lowres-1__temporal-sub-1,original,base,fp8,1,group,1,0,1,1,15.8,488.0,15.8,488.0,,23.0652,0.988075,0.014268,0.305217,движение слабое; выглядит почти статично,не брать: слишком статично для требования «не застыло»,"base даёт больше реального движения волос/лица; FP8 не дал заметного визуального ухудшения относительно BF16; lowres 384→512: лицо мягче/мыльнее, но движение сохраняется; temporal subsample/interpolation сглаживает и делает ролик более статичным; compile визуально не меняет, но в этом запуске сильно замедлил; VAE tiling визуально и по памяти на 512 почти не изменил результат; group offload резко снижает измеренную VRAM, но переносит нагрузку в CPU/RAM"
text-original__ckpt-base__q-fp8__compile-1__offload-group__vae-tiling-1__fast-steps-1__lowres-0__temporal-sub-0,original,base,fp8,1,group,1,1,0,0,16.6,528.0,16.6,528.0,,22.1948,0.848418,0.017867,0.305376,очень заметное движение; точно не застыло,визуально годится по движению; смотреть память,"base даёт больше реального движения волос/лица; FP8 не дал заметного визуального ухудшения относительно BF16; compile визуально не меняет, но в этом запуске сильно замедлил; VAE tiling визуально и по памяти на 512 почти не изменил результат; group offload резко снижает измеренную VRAM, но переносит нагрузку в CPU/RAM"
text-original__ckpt-base__q-fp8__compile-1__offload-group__vae-tiling-1__fast-steps-1__lowres-0__temporal-sub-1,original,base,fp8,1,group,1,1,0,1,15.8,818.0,15.8,818.0,,21.2253,0.974975,0.003269,0.303438,движение слабое; выглядит почти статично,не брать: слишком статично для требования «не застыло»,"base даёт больше реального движения волос/лица; FP8 не дал заметного визуального ухудшения относительно BF16; temporal subsample/interpolation сглаживает и делает ролик более статичным; compile визуально не меняет, но в этом запуске сильно замедлил; VAE tiling визуально и по памяти на 512 почти не изменил результат; group offload резко снижает измеренную VRAM, но переносит нагрузку в CPU/RAM"
text-original__ckpt-base__q-fp8__compile-1__offload-group__vae-tiling-1__fast-steps-1__lowres-1__temporal-sub-0,original,base,fp8,1,group,1,1,1,0,15.8,878.0,15.8,878.0,,20.9206,0.902146,0.038003,0.307141,движение заметное; не застыло,"главный кандидат при наличии offload: низкая измеренная VRAM, ролик не замирает","base даёт больше реального движения волос/лица; FP8 не дал заметного визуального ухудшения относительно BF16; lowres 384→512: лицо мягче/мыльнее, но движение сохраняется; compile визуально не меняет, но в этом запуске сильно замедлил; VAE tiling визуально и по памяти на 512 почти не изменил результат; group offload резко снижает измеренную VRAM, но переносит нагрузку в CPU/RAM"
text-original__ckpt-base__q-fp8__compile-1__offload-group__vae-tiling-1__fast-steps-1__lowres-1__temporal-sub-1,original,base,fp8,1,group,1,1,1,1,15.8,488.0,15.8,488.0,,19.887,0.986617,0.015512,0.305102,движение слабое; выглядит почти статично,не брать: слишком статично для требования «не застыло»,"base даёт больше реального движения волос/лица; FP8 не дал заметного визуального ухудшения относительно BF16; lowres 384→512: лицо мягче/мыльнее, но движение сохраняется; temporal subsample/interpolation сглаживает и делает ролик более статичным; compile визуально не меняет, но в этом запуске сильно замедлил; VAE tiling визуально и по памяти на 512 почти не изменил результат; group offload резко снижает измеренную VRAM, но переносит нагрузку в CPU/RAM"
text-original__ckpt-base__q-int8__compile-0__offload-none__vae-tiling-0__fast-steps-0__lowres-0__temporal-sub-0,original,base,int8,0,none,0,0,0,0,12046.1,12426.0,12046.1,12426.0,,8.4858,0.825892,0.023801,0.301956,очень заметное движение; точно не застыло,визуально годится по движению; смотреть память,"base даёт больше реального движения волос/лица; INT8 визуально приемлем, но по памяти в этом запуске невыгоден"
text-original__ckpt-base__q-int8__compile-0__offload-none__vae-tiling-0__fast-steps-0__lowres-0__temporal-sub-1,original,base,int8,0,none,0,0,0,1,12045.3,12762.0,12045.3,12762.0,,4.2344,0.977309,0.003004,0.302019,движение слабое; выглядит почти статично,не брать: слишком статично для требования «не застыло»,"base даёт больше реального движения волос/лица; INT8 визуально приемлем, но по памяти в этом запуске невыгоден; temporal subsample/interpolation сглаживает и делает ролик более статичным"
text-original__ckpt-base__q-int8__compile-0__offload-none__vae-tiling-0__fast-steps-0__lowres-1__temporal-sub-0,original,base,int8,0,none,0,0,1,0,12045.3,12820.0,12045.3,12820.0,,5.0485,0.909086,0.032358,0.310705,движение заметное; не застыло,визуально годится по движению; смотреть память,"base даёт больше реального движения волос/лица; INT8 визуально приемлем, но по памяти в этом запуске невыгоден; lowres 384→512: лицо мягче/мыльнее, но движение сохраняется"
text-original__ckpt-base__q-int8__compile-0__offload-none__vae-tiling-0__fast-steps-0__lowres-1__temporal-sub-1,original,base,int8,0,none,0,0,1,1,12045.3,12456.0,12045.3,12456.0,,3.6001,0.984644,0.015765,0.305535,движение слабое; выглядит почти статично,не брать: слишком статично для требования «не застыло»,"base даёт больше реального движения волос/лица; INT8 визуально приемлем, но по памяти в этом запуске невыгоден; lowres 384→512: лицо мягче/мыльнее, но движение сохраняется; temporal subsample/interpolation сглаживает и делает ролик более статичным"
text-original__ckpt-base__q-int8__compile-0__offload-none__vae-tiling-0__fast-steps-1__lowres-0__temporal-sub-0,original,base,int8,0,none,0,1,0,0,12046.1,12426.0,12046.1,12426.0,,5.7639,0.845981,0.01834,0.306502,очень заметное движение; точно не застыло,визуально годится по движению; смотреть память,"base даёт больше реального движения волос/лица; INT8 визуально приемлем, но по памяти в этом запуске невыгоден"
text-original__ckpt-base__q-int8__compile-0__offload-none__vae-tiling-0__fast-steps-1__lowres-0__temporal-sub-1,original,base,int8,0,none,0,1,0,1,12045.3,12762.0,12045.3,12762.0,,3.0468,0.974294,0.003346,0.303781,движение слабое; выглядит почти статично,не брать: слишком статично для требования «не застыло»,"base даёт больше реального движения волос/лица; INT8 визуально приемлем, но по памяти в этом запуске невыгоден; temporal subsample/interpolation сглаживает и делает ролик более статичным"
text-original__ckpt-base__q-int8__compile-0__offload-none__vae-tiling-0__fast-steps-1__lowres-1__temporal-sub-0,original,base,int8,0,none,0,1,1,0,12045.3,12820.0,12045.3,12820.0,,2.9197,0.903181,0.038566,0.307394,движение заметное; не застыло,визуально годится по движению; смотреть память,"base даёт больше реального движения волос/лица; INT8 визуально приемлем, но по памяти в этом запуске невыгоден; lowres 384→512: лицо мягче/мыльнее, но движение сохраняется"
text-original__ckpt-base__q-int8__compile-0__offload-none__vae-tiling-0__fast-steps-1__lowres-1__temporal-sub-1,original,base,int8,0,none,0,1,1,1,12045.3,12456.0,12045.3,12456.0,,2.1226,0.986367,0.015685,0.305074,движение слабое; выглядит почти статично,не брать: слишком статично для требования «не застыло»,"base даёт больше реального движения волос/лица; INT8 визуально приемлем, но по памяти в этом запуске невыгоден; lowres 384→512: лицо мягче/мыльнее, но движение сохраняется; temporal subsample/interpolation сглаживает и делает ролик более статичным"
text-original__ckpt-base__q-int8__compile-0__offload-none__vae-tiling-1__fast-steps-0__lowres-0__temporal-sub-0,original,base,int8,0,none,1,0,0,0,12046.1,12426.0,12046.1,12426.0,,8.5403,0.825892,0.023801,0.301956,очень заметное движение; точно не застыло,визуально годится по движению; смотреть память,"base даёт больше реального движения волос/лица; INT8 визуально приемлем, но по памяти в этом запуске невыгоден; VAE tiling визуально и по памяти на 512 почти не изменил результат"
text-original__ckpt-base__q-int8__compile-0__offload-none__vae-tiling-1__fast-steps-0__lowres-0__temporal-sub-1,original,base,int8,0,none,1,0,0,1,12045.3,12762.0,12045.3,12762.0,,4.6969,0.977309,0.003004,0.302019,движение слабое; выглядит почти статично,не брать: слишком статично для требования «не застыло»,"base даёт больше реального движения волос/лица; INT8 визуально приемлем, но по памяти в этом запуске невыгоден; temporal subsample/interpolation сглаживает и делает ролик более статичным; VAE tiling визуально и по памяти на 512 почти не изменил результат"
text-original__ckpt-base__q-int8__compile-0__offload-none__vae-tiling-1__fast-steps-0__lowres-1__temporal-sub-0,original,base,int8,0,none,1,0,1,0,12045.3,12820.0,12045.3,12820.0,,4.8091,0.909086,0.032358,0.310705,движение заметное; не застыло,визуально годится по движению; смотреть память,"base даёт больше реального движения волос/лица; INT8 визуально приемлем, но по памяти в этом запуске невыгоден; lowres 384→512: лицо мягче/мыльнее, но движение сохраняется; VAE tiling визуально и по памяти на 512 почти не изменил результат"
text-original__ckpt-base__q-int8__compile-0__offload-none__vae-tiling-1__fast-steps-0__lowres-1__temporal-sub-1,original,base,int8,0,none,1,0,1,1,12045.3,12456.0,12045.3,12456.0,,3.3879,0.984644,0.015765,0.305535,движение слабое; выглядит почти статично,не брать: слишком статично для требования «не застыло»,"base даёт больше реального движения волос/лица; INT8 визуально приемлем, но по памяти в этом запуске невыгоден; lowres 384→512: лицо мягче/мыльнее, но движение сохраняется; temporal subsample/interpolation сглаживает и делает ролик более статичным; VAE tiling визуально и по памяти на 512 почти не изменил результат"
text-original__ckpt-base__q-int8__compile-0__offload-none__vae-tiling-1__fast-steps-1__lowres-0__temporal-sub-0,original,base,int8,0,none,1,1,0,0,12046.1,12426.0,12046.1,12426.0,,7.596,0.845981,0.01834,0.306502,очень заметное движение; точно не застыло,визуально годится по движению; смотреть память,"base даёт больше реального движения волос/лица; INT8 визуально приемлем, но по памяти в этом запуске невыгоден; VAE tiling визуально и по памяти на 512 почти не изменил результат"
text-original__ckpt-base__q-int8__compile-0__offload-none__vae-tiling-1__fast-steps-1__lowres-0__temporal-sub-1,original,base,int8,0,none,1,1,0,1,12045.3,12762.0,12045.3,12762.0,,2.6142,0.974294,0.003346,0.303781,движение слабое; выглядит почти статично,не брать: слишком статично для требования «не застыло»,"base даёт больше реального движения волос/лица; INT8 визуально приемлем, но по памяти в этом запуске невыгоден; temporal subsample/interpolation сглаживает и делает ролик более статичным; VAE tiling визуально и по памяти на 512 почти не изменил результат"
text-original__ckpt-base__q-int8__compile-0__offload-none__vae-tiling-1__fast-steps-1__lowres-1__temporal-sub-0,original,base,int8,0,none,1,1,1,0,12045.3,12820.0,12045.3,12820.0,,2.9856,0.903181,0.038566,0.307394,движение заметное; не застыло,визуально годится по движению; смотреть память,"base даёт больше реального движения волос/лица; INT8 визуально приемлем, но по памяти в этом запуске невыгоден; lowres 384→512: лицо мягче/мыльнее, но движение сохраняется; VAE tiling визуально и по памяти на 512 почти не изменил результат"
text-original__ckpt-base__q-int8__compile-0__offload-none__vae-tiling-1__fast-steps-1__lowres-1__temporal-sub-1,original,base,int8,0,none,1,1,1,1,12045.3,12456.0,12045.3,12456.0,,2.127,0.986367,0.015685,0.305074,движение слабое; выглядит почти статично,не брать: слишком статично для требования «не застыло»,"base даёт больше реального движения волос/лица; INT8 визуально приемлем, но по памяти в этом запуске невыгоден; lowres 384→512: лицо мягче/мыльнее, но движение сохраняется; temporal subsample/interpolation сглаживает и делает ролик более статичным; VAE tiling визуально и по памяти на 512 почти не изменил результат"
text-original__ckpt-base__q-int8__compile-1__offload-none__vae-tiling-0__fast-steps-0__lowres-0__temporal-sub-0,original,base,int8,1,none,0,0,0,0,12045.3,13408.0,12045.3,13408.0,,23.2672,0.824477,0.02388,0.302359,очень заметное движение; точно не застыло,визуально годится по движению; смотреть память,"base даёт больше реального движения волос/лица; INT8 визуально приемлем, но по памяти в этом запуске невыгоден; compile визуально не меняет, но в этом запуске сильно замедлил"
text-original__ckpt-base__q-int8__compile-1__offload-none__vae-tiling-0__fast-steps-0__lowres-0__temporal-sub-1,original,base,int8,1,none,0,0,0,1,12045.3,12780.0,12045.3,12780.0,,24.7923,0.977106,0.003015,0.302156,движение слабое; выглядит почти статично,не брать: слишком статично для требования «не застыло»,"base даёт больше реального движения волос/лица; INT8 визуально приемлем, но по памяти в этом запуске невыгоден; temporal subsample/interpolation сглаживает и делает ролик более статичным; compile визуально не меняет, но в этом запуске сильно замедлил"
text-original__ckpt-base__q-int8__compile-1__offload-none__vae-tiling-0__fast-steps-0__lowres-1__temporal-sub-0,original,base,int8,1,none,0,0,1,0,12045.3,12838.0,12045.3,12838.0,,22.431,0.908269,0.032345,0.309828,движение заметное; не застыло,визуально годится по движению; смотреть память,"base даёт больше реального движения волос/лица; INT8 визуально приемлем, но по памяти в этом запуске невыгоден; lowres 384→512: лицо мягче/мыльнее, но движение сохраняется; compile визуально не меняет, но в этом запуске сильно замедлил"
text-original__ckpt-base__q-int8__compile-1__offload-none__vae-tiling-0__fast-steps-0__lowres-1__temporal-sub-1,original,base,int8,1,none,0,0,1,1,12045.3,12474.0,12045.3,12474.0,,21.2543,0.974667,0.020527,0.306007,движение слабое; выглядит почти статично,не брать: слишком статично для требования «не застыло»,"base даёт больше реального движения волос/лица; INT8 визуально приемлем, но по памяти в этом запуске невыгоден; lowres 384→512: лицо мягче/мыльнее, но движение сохраняется; temporal subsample/interpolation сглаживает и делает ролик более статичным; compile визуально не меняет, но в этом запуске сильно замедлил"
text-original__ckpt-base__q-int8__compile-1__offload-none__vae-tiling-0__fast-steps-1__lowres-0__temporal-sub-0,original,base,int8,1,none,0,1,0,0,12045.3,13408.0,12045.3,13408.0,,25.1404,0.844398,0.018568,0.306112,очень заметное движение; точно не застыло,визуально годится по движению; смотреть память,"base даёт больше реального движения волос/лица; INT8 визуально приемлем, но по памяти в этом запуске невыгоден; compile визуально не меняет, но в этом запуске сильно замедлил"
text-original__ckpt-base__q-int8__compile-1__offload-none__vae-tiling-0__fast-steps-1__lowres-0__temporal-sub-1,original,base,int8,1,none,0,1,0,1,12045.3,12780.0,12045.3,12780.0,,20.7581,0.973679,0.003458,0.30339,движение слабое; выглядит почти статично,не брать: слишком статично для требования «не застыло»,"base даёт больше реального движения волос/лица; INT8 визуально приемлем, но по памяти в этом запуске невыгоден; temporal subsample/interpolation сглаживает и делает ролик более статичным; compile визуально не меняет, но в этом запуске сильно замедлил"
text-original__ckpt-base__q-int8__compile-1__offload-none__vae-tiling-0__fast-steps-1__lowres-1__temporal-sub-0,original,base,int8,1,none,0,1,1,0,12045.3,12838.0,12045.3,12838.0,,19.9644,0.902093,0.039081,0.306911,движение заметное; не застыло,визуально годится по движению; смотреть память,"base даёт больше реального движения волос/лица; INT8 визуально приемлем, но по памяти в этом запуске невыгоден; lowres 384→512: лицо мягче/мыльнее, но движение сохраняется; compile визуально не меняет, но в этом запуске сильно замедлил"
text-original__ckpt-base__q-int8__compile-1__offload-none__vae-tiling-0__fast-steps-1__lowres-1__temporal-sub-1,original,base,int8,1,none,0,1,1,1,12045.3,12474.0,12045.3,12474.0,,19.1013,0.986114,0.0158,0.304945,движение слабое; выглядит почти статично,не брать: слишком статично для требования «не застыло»,"base даёт больше реального движения волос/лица; INT8 визуально приемлем, но по памяти в этом запуске невыгоден; lowres 384→512: лицо мягче/мыльнее, но движение сохраняется; temporal subsample/interpolation сглаживает и делает ролик более статичным; compile визуально не меняет, но в этом запуске сильно замедлил"
text-original__ckpt-base__q-int8__compile-1__offload-none__vae-tiling-1__fast-steps-0__lowres-0__temporal-sub-0,original,base,int8,1,none,1,0,0,0,12045.3,13408.0,12045.3,13408.0,,26.4689,0.824691,0.023895,0.302429,очень заметное движение; точно не застыло,визуально годится по движению; смотреть память,"base даёт больше реального движения волос/лица; INT8 визуально приемлем, но по памяти в этом запуске невыгоден; compile визуально не меняет, но в этом запуске сильно замедлил; VAE tiling визуально и по памяти на 512 почти не изменил результат"
text-original__ckpt-base__q-int8__compile-1__offload-none__vae-tiling-1__fast-steps-0__lowres-0__temporal-sub-1,original,base,int8,1,none,1,0,0,1,12045.3,12780.0,12045.3,12780.0,,24.6504,0.977077,0.003023,0.302187,движение слабое; выглядит почти статично,не брать: слишком статично для требования «не застыло»,"base даёт больше реального движения волос/лица; INT8 визуально приемлем, но по памяти в этом запуске невыгоден; temporal subsample/interpolation сглаживает и делает ролик более статичным; compile визуально не меняет, но в этом запуске сильно замедлил; VAE tiling визуально и по памяти на 512 почти не изменил результат"
text-original__ckpt-base__q-int8__compile-1__offload-none__vae-tiling-1__fast-steps-0__lowres-1__temporal-sub-0,original,base,int8,1,none,1,0,1,0,12045.3,12838.0,12045.3,12838.0,,27.1251,0.908146,0.032406,0.30967,движение заметное; не застыло,визуально годится по движению; смотреть память,"base даёт больше реального движения волос/лица; INT8 визуально приемлем, но по памяти в этом запуске невыгоден; lowres 384→512: лицо мягче/мыльнее, но движение сохраняется; compile визуально не меняет, но в этом запуске сильно замедлил; VAE tiling визуально и по памяти на 512 почти не изменил результат"
text-original__ckpt-base__q-int8__compile-1__offload-none__vae-tiling-1__fast-steps-0__lowres-1__temporal-sub-1,original,base,int8,1,none,1,0,1,1,12045.3,12474.0,12045.3,12474.0,,19.3293,0.974636,0.020521,0.305773,движение слабое; выглядит почти статично,не брать: слишком статично для требования «не застыло»,"base даёт больше реального движения волос/лица; INT8 визуально приемлем, но по памяти в этом запуске невыгоден; lowres 384→512: лицо мягче/мыльнее, но движение сохраняется; temporal subsample/interpolation сглаживает и делает ролик более статичным; compile визуально не меняет, но в этом запуске сильно замедлил; VAE tiling визуально и по памяти на 512 почти не изменил результат"
text-original__ckpt-base__q-int8__compile-1__offload-none__vae-tiling-1__fast-steps-1__lowres-0__temporal-sub-0,original,base,int8,1,none,1,1,0,0,12045.3,13408.0,12045.3,13408.0,,23.0654,0.844658,0.018497,0.306261,очень заметное движение; точно не застыло,визуально годится по движению; смотреть память,"base даёт больше реального движения волос/лица; INT8 визуально приемлем, но по памяти в этом запуске невыгоден; compile визуально не меняет, но в этом запуске сильно замедлил; VAE tiling визуально и по памяти на 512 почти не изменил результат"
text-original__ckpt-base__q-int8__compile-1__offload-none__vae-tiling-1__fast-steps-1__lowres-0__temporal-sub-1,original,base,int8,1,none,1,1,0,1,12045.3,12780.0,12045.3,12780.0,,21.1482,0.973737,0.003434,0.303549,движение слабое; выглядит почти статично,не брать: слишком статично для требования «не застыло»,"base даёт больше реального движения волос/лица; INT8 визуально приемлем, но по памяти в этом запуске невыгоден; temporal subsample/interpolation сглаживает и делает ролик более статичным; compile визуально не меняет, но в этом запуске сильно замедлил; VAE tiling визуально и по памяти на 512 почти не изменил результат"
text-original__ckpt-base__q-int8__compile-1__offload-none__vae-tiling-1__fast-steps-1__lowres-1__temporal-sub-0,original,base,int8,1,none,1,1,1,0,12045.3,12838.0,12045.3,12838.0,,20.0046,0.901963,0.038971,0.307075,движение заметное; не застыло,визуально годится по движению; смотреть память,"base даёт больше реального движения волос/лица; INT8 визуально приемлем, но по памяти в этом запуске невыгоден; lowres 384→512: лицо мягче/мыльнее, но движение сохраняется; compile визуально не меняет, но в этом запуске сильно замедлил; VAE tiling визуально и по памяти на 512 почти не изменил результат"
text-original__ckpt-base__q-int8__compile-1__offload-none__vae-tiling-1__fast-steps-1__lowres-1__temporal-sub-1,original,base,int8,1,none,1,1,1,1,12045.3,12474.0,12045.3,12474.0,,19.1262,0.986085,0.015885,0.305033,движение слабое; выглядит почти статично,не брать: слишком статично для требования «не застыло»,"base даёт больше реального движения волос/лица; INT8 визуально приемлем, но по памяти в этом запуске невыгоден; lowres 384→512: лицо мягче/мыльнее, но движение сохраняется; temporal subsample/interpolation сглаживает и делает ролик более статичным; compile визуально не меняет, но в этом запуске сильно замедлил; VAE tiling визуально и по памяти на 512 почти не изменил результат"
text-original__ckpt-distilled__q-none__compile-0__offload-none__vae-tiling-0__fast-steps-1__lowres-0__temporal-sub-0,original,distilled,none,0,none,0,1,0,0,15175.7,15542.0,15175.7,15542.0,,89.5198,0.966428,0.008311,0.31083,движение умеренное,второстепенно/не приоритет,"distilled чище и улыбчивее, но движение более слабое"
text-original__ckpt-distilled__q-none__compile-0__offload-none__vae-tiling-0__fast-steps-1__lowres-0__temporal-sub-1,original,distilled,none,0,none,0,1,0,1,15175.7,15544.0,15175.7,15544.0,,16.2641,0.991354,0.003167,0.308017,почти статично / риск «застывания»,не брать: слишком статично для требования «не застыло»,"distilled чище и улыбчивее, но движение более слабое; temporal subsample/interpolation сглаживает и делает ролик более статичным"
text-original__ckpt-distilled__q-none__compile-0__offload-none__vae-tiling-0__fast-steps-1__lowres-1__temporal-sub-0,original,distilled,none,0,none,0,1,1,0,15175.7,15542.0,15175.7,15542.0,,16.9307,0.97949,0.005692,0.317893,движение слабое; выглядит почти статично,"условно: красивое лицо, но движение слабее base","distilled чище и улыбчивее, но движение более слабое; lowres 384→512: лицо мягче/мыльнее, но движение сохраняется"
text-original__ckpt-distilled__q-none__compile-0__offload-none__vae-tiling-0__fast-steps-1__lowres-1__temporal-sub-1,original,distilled,none,0,none,0,1,1,1,15175.7,15544.0,15175.7,15544.0,,12.4421,0.994533,0.001941,0.314958,почти статично / риск «застывания»,не брать: слишком статично для требования «не застыло»,"distilled чище и улыбчивее, но движение более слабое; lowres 384→512: лицо мягче/мыльнее, но движение сохраняется; temporal subsample/interpolation сглаживает и делает ролик более статичным"
text-original__ckpt-distilled__q-none__compile-0__offload-none__vae-tiling-1__fast-steps-1__lowres-0__temporal-sub-0,original,distilled,none,0,none,1,1,0,0,15175.7,15542.0,15175.7,15542.0,,89.3445,0.966428,0.008311,0.31083,движение умеренное,второстепенно/не приоритет,"distilled чище и улыбчивее, но движение более слабое; VAE tiling визуально и по памяти на 512 почти не изменил результат"
text-original__ckpt-distilled__q-none__compile-0__offload-none__vae-tiling-1__fast-steps-1__lowres-0__temporal-sub-1,original,distilled,none,0,none,1,1,0,1,15175.7,15544.0,15175.7,15544.0,,15.3013,0.991354,0.003167,0.308017,почти статично / риск «застывания»,не брать: слишком статично для требования «не застыло»,"distilled чище и улыбчивее, но движение более слабое; temporal subsample/interpolation сглаживает и делает ролик более статичным; VAE tiling визуально и по памяти на 512 почти не изменил результат"
text-original__ckpt-distilled__q-none__compile-0__offload-none__vae-tiling-1__fast-steps-1__lowres-1__temporal-sub-0,original,distilled,none,0,none,1,1,1,0,15175.7,15542.0,15175.7,15542.0,,19.4093,0.97949,0.005692,0.317893,движение слабое; выглядит почти статично,"условно: красивое лицо, но движение слабее base","distilled чище и улыбчивее, но движение более слабое; lowres 384→512: лицо мягче/мыльнее, но движение сохраняется; VAE tiling визуально и по памяти на 512 почти не изменил результат"
text-original__ckpt-distilled__q-none__compile-0__offload-none__vae-tiling-1__fast-steps-1__lowres-1__temporal-sub-1,original,distilled,none,0,none,1,1,1,1,15175.7,15544.0,15175.7,15544.0,,12.4769,0.994533,0.001941,0.314958,почти статично / риск «застывания»,не брать: слишком статично для требования «не застыло»,"distilled чище и улыбчивее, но движение более слабое; lowres 384→512: лицо мягче/мыльнее, но движение сохраняется; temporal subsample/interpolation сглаживает и делает ролик более статичным; VAE tiling визуально и по памяти на 512 почти не изменил результат"
text-original__ckpt-distilled__q-none__compile-0__offload-group__vae-tiling-0__fast-steps-1__lowres-0__temporal-sub-0,original,distilled,none,0,group,0,1,0,0,15.8,60.0,15.8,60.0,,25.7615,0.966428,0.008311,0.31083,движение умеренное,второстепенно/не приоритет,"distilled чище и улыбчивее, но движение более слабое; group offload резко снижает измеренную VRAM, но переносит нагрузку в CPU/RAM"
text-original__ckpt-distilled__q-none__compile-0__offload-group__vae-tiling-0__fast-steps-1__lowres-0__temporal-sub-1,original,distilled,none,0,group,0,1,0,1,15.8,60.0,15.8,60.0,,12.6238,0.991354,0.003167,0.308017,почти статично / риск «застывания»,не брать: слишком статично для требования «не застыло»,"distilled чище и улыбчивее, но движение более слабое; temporal subsample/interpolation сглаживает и делает ролик более статичным; group offload резко снижает измеренную VRAM, но переносит нагрузку в CPU/RAM"
text-original__ckpt-distilled__q-none__compile-0__offload-group__vae-tiling-0__fast-steps-1__lowres-1__temporal-sub-0,original,distilled,none,0,group,0,1,1,0,15.8,58.0,15.8,58.0,,11.3797,0.97949,0.005692,0.317893,движение слабое; выглядит почти статично,"условно: красивое лицо, но движение слабее base","distilled чище и улыбчивее, но движение более слабое; lowres 384→512: лицо мягче/мыльнее, но движение сохраняется; group offload резко снижает измеренную VRAM, но переносит нагрузку в CPU/RAM"
text-original__ckpt-distilled__q-none__compile-0__offload-group__vae-tiling-0__fast-steps-1__lowres-1__temporal-sub-1,original,distilled,none,0,group,0,1,1,1,15.8,60.0,15.8,60.0,,12.0984,0.994533,0.001941,0.314958,почти статично / риск «застывания»,не брать: слишком статично для требования «не застыло»,"distilled чище и улыбчивее, но движение более слабое; lowres 384→512: лицо мягче/мыльнее, но движение сохраняется; temporal subsample/interpolation сглаживает и делает ролик более статичным; group offload резко снижает измеренную VRAM, но переносит нагрузку в CPU/RAM"
text-original__ckpt-distilled__q-none__compile-0__offload-group__vae-tiling-1__fast-steps-1__lowres-0__temporal-sub-0,original,distilled,none,0,group,1,1,0,0,15.8,60.0,15.8,60.0,,13.4286,0.966428,0.008311,0.31083,движение умеренное,второстепенно/не приоритет,"distilled чище и улыбчивее, но движение более слабое; VAE tiling визуально и по памяти на 512 почти не изменил результат; group offload резко снижает измеренную VRAM, но переносит нагрузку в CPU/RAM"
text-original__ckpt-distilled__q-none__compile-0__offload-group__vae-tiling-1__fast-steps-1__lowres-0__temporal-sub-1,original,distilled,none,0,group,1,1,0,1,15.8,60.0,15.8,60.0,,12.266,0.991354,0.003167,0.308017,почти статично / риск «застывания»,не брать: слишком статично для требования «не застыло»,"distilled чище и улыбчивее, но движение более слабое; temporal subsample/interpolation сглаживает и делает ролик более статичным; VAE tiling визуально и по памяти на 512 почти не изменил результат; group offload резко снижает измеренную VRAM, но переносит нагрузку в CPU/RAM"
text-original__ckpt-distilled__q-none__compile-0__offload-group__vae-tiling-1__fast-steps-1__lowres-1__temporal-sub-0,original,distilled,none,0,group,1,1,1,0,15.8,58.0,15.8,58.0,,12.2487,0.97949,0.005692,0.317893,движение слабое; выглядит почти статично,"условно: красивое лицо, но движение слабее base","distilled чище и улыбчивее, но движение более слабое; lowres 384→512: лицо мягче/мыльнее, но движение сохраняется; VAE tiling визуально и по памяти на 512 почти не изменил результат; group offload резко снижает измеренную VRAM, но переносит нагрузку в CPU/RAM"
text-original__ckpt-distilled__q-none__compile-0__offload-group__vae-tiling-1__fast-steps-1__lowres-1__temporal-sub-1,original,distilled,none,0,group,1,1,1,1,15.8,60.0,15.8,60.0,,11.9993,0.994533,0.001941,0.314958,почти статично / риск «застывания»,не брать: слишком статично для требования «не застыло»,"distilled чище и улыбчивее, но движение более слабое; lowres 384→512: лицо мягче/мыльнее, но движение сохраняется; temporal subsample/interpolation сглаживает и делает ролик более статичным; VAE tiling визуально и по памяти на 512 почти не изменил результат; group offload резко снижает измеренную VRAM, но переносит нагрузку в CPU/RAM"
text-original__ckpt-distilled__q-none__compile-1__offload-none__vae-tiling-0__fast-steps-1__lowres-0__temporal-sub-0,original,distilled,none,1,none,0,1,0,0,15175.4,15558.0,15175.4,15558.0,,47.9766,0.96536,0.008547,0.30978,движение умеренное,второстепенно/не приоритет,"distilled чище и улыбчивее, но движение более слабое; compile визуально не меняет, но в этом запуске сильно замедлил"
text-original__ckpt-distilled__q-none__compile-1__offload-none__vae-tiling-0__fast-steps-1__lowres-0__temporal-sub-1,original,distilled,none,1,none,0,1,0,1,15175.5,15544.0,15175.5,15544.0,,38.3069,0.99165,0.003042,0.308275,почти статично / риск «застывания»,не брать: слишком статично для требования «не застыло»,"distilled чище и улыбчивее, но движение более слабое; temporal subsample/interpolation сглаживает и делает ролик более статичным; compile визуально не меняет, но в этом запуске сильно замедлил"
text-original__ckpt-distilled__q-none__compile-1__offload-none__vae-tiling-0__fast-steps-1__lowres-1__temporal-sub-0,original,distilled,none,1,none,0,1,1,0,15175.6,15542.0,15175.6,15542.0,,37.9576,0.978717,0.005846,0.318551,движение слабое; выглядит почти статично,"условно: красивое лицо, но движение слабее base","distilled чище и улыбчивее, но движение более слабое; lowres 384→512: лицо мягче/мыльнее, но движение сохраняется; compile визуально не меняет, но в этом запуске сильно замедлил"
text-original__ckpt-distilled__q-none__compile-1__offload-none__vae-tiling-0__fast-steps-1__lowres-1__temporal-sub-1,original,distilled,none,1,none,0,1,1,1,15175.4,15574.0,15175.4,15574.0,,41.2172,0.994605,0.001935,0.314241,почти статично / риск «застывания»,не брать: слишком статично для требования «не застыло»,"distilled чище и улыбчивее, но движение более слабое; lowres 384→512: лицо мягче/мыльнее, но движение сохраняется; temporal subsample/interpolation сглаживает и делает ролик более статичным; compile визуально не меняет, но в этом запуске сильно замедлил"
text-original__ckpt-distilled__q-none__compile-1__offload-none__vae-tiling-1__fast-steps-1__lowres-0__temporal-sub-0,original,distilled,none,1,none,1,1,0,0,15175.4,15558.0,15175.4,15558.0,,75.9712,0.96536,0.008547,0.30978,движение умеренное,второстепенно/не приоритет,"distilled чище и улыбчивее, но движение более слабое; compile визуально не меняет, но в этом запуске сильно замедлил; VAE tiling визуально и по памяти на 512 почти не изменил результат"
text-original__ckpt-distilled__q-none__compile-1__offload-none__vae-tiling-1__fast-steps-1__lowres-0__temporal-sub-1,original,distilled,none,1,none,1,1,0,1,15175.5,15544.0,15175.5,15544.0,,51.0409,0.99165,0.003042,0.308275,почти статично / риск «застывания»,не брать: слишком статично для требования «не застыло»,"distilled чище и улыбчивее, но движение более слабое; temporal subsample/interpolation сглаживает и делает ролик более статичным; compile визуально не меняет, но в этом запуске сильно замедлил; VAE tiling визуально и по памяти на 512 почти не изменил результат"
text-original__ckpt-distilled__q-none__compile-1__offload-none__vae-tiling-1__fast-steps-1__lowres-1__temporal-sub-0,original,distilled,none,1,none,1,1,1,0,15175.6,15542.0,15175.6,15542.0,,55.6949,0.978717,0.005846,0.318551,движение слабое; выглядит почти статично,"условно: красивое лицо, но движение слабее base","distilled чище и улыбчивее, но движение более слабое; lowres 384→512: лицо мягче/мыльнее, но движение сохраняется; compile визуально не меняет, но в этом запуске сильно замедлил; VAE tiling визуально и по памяти на 512 почти не изменил результат"
text-original__ckpt-distilled__q-none__compile-1__offload-none__vae-tiling-1__fast-steps-1__lowres-1__temporal-sub-1,original,distilled,none,1,none,1,1,1,1,15175.4,15574.0,15175.4,15574.0,,36.1063,0.99473,0.001892,0.31368,почти статично / риск «застывания»,не брать: слишком статично для требования «не застыло»,"distilled чище и улыбчивее, но движение более слабое; lowres 384→512: лицо мягче/мыльнее, но движение сохраняется; temporal subsample/interpolation сглаживает и делает ролик более статичным; compile визуально не меняет, но в этом запуске сильно замедлил; VAE tiling визуально и по памяти на 512 почти не изменил результат"
text-original__ckpt-distilled__q-none__compile-1__offload-group__vae-tiling-0__fast-steps-1__lowres-0__temporal-sub-0,original,distilled,none,1,group,0,1,0,0,16.6,392.0,16.6,392.0,,37.7268,0.966441,0.008382,0.310319,движение умеренное,второстепенно/не приоритет,"distilled чище и улыбчивее, но движение более слабое; compile визуально не меняет, но в этом запуске сильно замедлил; group offload резко снижает измеренную VRAM, но переносит нагрузку в CPU/RAM"
text-original__ckpt-distilled__q-none__compile-1__offload-group__vae-tiling-0__fast-steps-1__lowres-0__temporal-sub-1,original,distilled,none,1,group,0,1,0,1,15.8,820.0,15.8,820.0,,24.1598,0.991437,0.003134,0.307999,почти статично / риск «застывания»,не брать: слишком статично для требования «не застыло»,"distilled чище и улыбчивее, но движение более слабое; temporal subsample/interpolation сглаживает и делает ролик более статичным; compile визуально не меняет, но в этом запуске сильно замедлил; group offload резко снижает измеренную VRAM, но переносит нагрузку в CPU/RAM"
text-original__ckpt-distilled__q-none__compile-1__offload-group__vae-tiling-0__fast-steps-1__lowres-1__temporal-sub-0,original,distilled,none,1,group,0,1,1,0,15.8,878.0,15.8,878.0,,24.1951,0.978871,0.005769,0.31879,движение слабое; выглядит почти статично,"условно: красивое лицо, но движение слабее base","distilled чище и улыбчивее, но движение более слабое; lowres 384→512: лицо мягче/мыльнее, но движение сохраняется; compile визуально не меняет, но в этом запуске сильно замедлил; group offload резко снижает измеренную VRAM, но переносит нагрузку в CPU/RAM"
text-original__ckpt-distilled__q-none__compile-1__offload-group__vae-tiling-0__fast-steps-1__lowres-1__temporal-sub-1,original,distilled,none,1,group,0,1,1,1,15.8,488.0,15.8,488.0,,24.1201,0.99434,0.001995,0.312817,почти статично / риск «застывания»,не брать: слишком статично для требования «не застыло»,"distilled чище и улыбчивее, но движение более слабое; lowres 384→512: лицо мягче/мыльнее, но движение сохраняется; temporal subsample/interpolation сглаживает и делает ролик более статичным; compile визуально не меняет, но в этом запуске сильно замедлил; group offload резко снижает измеренную VRAM, но переносит нагрузку в CPU/RAM"
text-original__ckpt-distilled__q-none__compile-1__offload-group__vae-tiling-1__fast-steps-1__lowres-0__temporal-sub-0,original,distilled,none,1,group,1,1,0,0,16.6,392.0,16.6,392.0,,25.6978,0.966441,0.008382,0.310319,движение умеренное,второстепенно/не приоритет,"distilled чище и улыбчивее, но движение более слабое; compile визуально не меняет, но в этом запуске сильно замедлил; VAE tiling визуально и по памяти на 512 почти не изменил результат; group offload резко снижает измеренную VRAM, но переносит нагрузку в CPU/RAM"
text-original__ckpt-distilled__q-none__compile-1__offload-group__vae-tiling-1__fast-steps-1__lowres-0__temporal-sub-1,original,distilled,none,1,group,1,1,0,1,15.8,820.0,15.8,820.0,,24.2742,0.991437,0.003134,0.307999,почти статично / риск «застывания»,не брать: слишком статично для требования «не застыло»,"distilled чище и улыбчивее, но движение более слабое; temporal subsample/interpolation сглаживает и делает ролик более статичным; compile визуально не меняет, но в этом запуске сильно замедлил; VAE tiling визуально и по памяти на 512 почти не изменил результат; group offload резко снижает измеренную VRAM, но переносит нагрузку в CPU/RAM"
text-original__ckpt-distilled__q-none__compile-1__offload-group__vae-tiling-1__fast-steps-1__lowres-1__temporal-sub-0,original,distilled,none,1,group,1,1,1,0,15.8,878.0,15.8,878.0,,24.1606,0.978871,0.005769,0.31879,движение слабое; выглядит почти статично,"условно: красивое лицо, но движение слабее base","distilled чище и улыбчивее, но движение более слабое; lowres 384→512: лицо мягче/мыльнее, но движение сохраняется; compile визуально не меняет, но в этом запуске сильно замедлил; VAE tiling визуально и по памяти на 512 почти не изменил результат; group offload резко снижает измеренную VRAM, но переносит нагрузку в CPU/RAM"
text-original__ckpt-distilled__q-none__compile-1__offload-group__vae-tiling-1__fast-steps-1__lowres-1__temporal-sub-1,original,distilled,none,1,group,1,1,1,1,15.8,488.0,15.8,488.0,,23.8463,0.99434,0.001995,0.312817,почти статично / риск «застывания»,не брать: слишком статично для требования «не застыло»,"distilled чище и улыбчивее, но движение более слабое; lowres 384→512: лицо мягче/мыльнее, но движение сохраняется; temporal subsample/interpolation сглаживает и делает ролик более статичным; compile визуально не меняет, но в этом запуске сильно замедлил; VAE tiling визуально и по памяти на 512 почти не изменил результат; group offload резко снижает измеренную VRAM, но переносит нагрузку в CPU/RAM"
text-original__ckpt-distilled__q-int8__compile-0__offload-none__vae-tiling-0__fast-steps-1__lowres-0__temporal-sub-0,original,distilled,int8,0,none,0,1,0,0,13614.5,13982.0,13614.5,13982.0,,6.6765,0.96536,0.008747,0.306096,движение умеренное,второстепенно/не приоритет,"distilled чище и улыбчивее, но движение более слабое; INT8 визуально приемлем, но по памяти в этом запуске невыгоден"
text-original__ckpt-distilled__q-int8__compile-0__offload-none__vae-tiling-0__fast-steps-1__lowres-0__temporal-sub-1,original,distilled,int8,0,none,0,1,0,1,13614.5,14332.0,13614.5,14332.0,,3.4212,0.992141,0.002921,0.307449,почти статично / риск «застывания»,не брать: слишком статично для требования «не застыло»,"distilled чище и улыбчивее, но движение более слабое; INT8 визуально приемлем, но по памяти в этом запуске невыгоден; temporal subsample/interpolation сглаживает и делает ролик более статичным"
text-original__ckpt-distilled__q-int8__compile-0__offload-none__vae-tiling-0__fast-steps-1__lowres-1__temporal-sub-0,original,distilled,int8,0,none,0,1,1,0,13614.5,14390.0,13614.5,14390.0,,3.6881,0.978874,0.005806,0.318542,движение слабое; выглядит почти статично,"условно: красивое лицо, но движение слабее base","distilled чище и улыбчивее, но движение более слабое; INT8 визуально приемлем, но по памяти в этом запуске невыгоден; lowres 384→512: лицо мягче/мыльнее, но движение сохраняется"
text-original__ckpt-distilled__q-int8__compile-0__offload-none__vae-tiling-0__fast-steps-1__lowres-1__temporal-sub-1,original,distilled,int8,0,none,0,1,1,1,13614.5,14026.0,13614.5,14026.0,,2.4733,0.994674,0.001913,0.31458,почти статично / риск «застывания»,не брать: слишком статично для требования «не застыло»,"distilled чище и улыбчивее, но движение более слабое; INT8 визуально приемлем, но по памяти в этом запуске невыгоден; lowres 384→512: лицо мягче/мыльнее, но движение сохраняется; temporal subsample/interpolation сглаживает и делает ролик более статичным"
text-original__ckpt-distilled__q-int8__compile-0__offload-none__vae-tiling-1__fast-steps-1__lowres-0__temporal-sub-0,original,distilled,int8,0,none,1,1,0,0,13614.5,13982.0,13614.5,13982.0,,7.7198,0.96536,0.008747,0.306096,движение умеренное,второстепенно/не приоритет,"distilled чище и улыбчивее, но движение более слабое; INT8 визуально приемлем, но по памяти в этом запуске невыгоден; VAE tiling визуально и по памяти на 512 почти не изменил результат"
text-original__ckpt-distilled__q-int8__compile-0__offload-none__vae-tiling-1__fast-steps-1__lowres-0__temporal-sub-1,original,distilled,int8,0,none,1,1,0,1,13614.5,14332.0,13614.5,14332.0,,3.4784,0.992141,0.002921,0.307449,почти статично / риск «застывания»,не брать: слишком статично для требования «не застыло»,"distilled чище и улыбчивее, но движение более слабое; INT8 визуально приемлем, но по памяти в этом запуске невыгоден; temporal subsample/interpolation сглаживает и делает ролик более статичным; VAE tiling визуально и по памяти на 512 почти не изменил результат"
text-original__ckpt-distilled__q-int8__compile-0__offload-none__vae-tiling-1__fast-steps-1__lowres-1__temporal-sub-0,original,distilled,int8,0,none,1,1,1,0,13614.5,14390.0,13614.5,14390.0,,3.7373,0.978874,0.005806,0.318542,движение слабое; выглядит почти статично,"условно: красивое лицо, но движение слабее base","distilled чище и улыбчивее, но движение более слабое; INT8 визуально приемлем, но по памяти в этом запуске невыгоден; lowres 384→512: лицо мягче/мыльнее, но движение сохраняется; VAE tiling визуально и по памяти на 512 почти не изменил результат"
text-original__ckpt-distilled__q-int8__compile-0__offload-none__vae-tiling-1__fast-steps-1__lowres-1__temporal-sub-1,original,distilled,int8,0,none,1,1,1,1,13614.5,14026.0,13614.5,14026.0,,2.4405,0.994674,0.001913,0.31458,почти статично / риск «застывания»,не брать: слишком статично для требования «не застыло»,"distilled чище и улыбчивее, но движение более слабое; INT8 визуально приемлем, но по памяти в этом запуске невыгоден; lowres 384→512: лицо мягче/мыльнее, но движение сохраняется; temporal subsample/interpolation сглаживает и делает ролик более статичным; VAE tiling визуально и по памяти на 512 почти не изменил результат"
text-original__ckpt-distilled__q-int8__compile-1__offload-none__vae-tiling-0__fast-steps-1__lowres-0__temporal-sub-0,original,distilled,int8,1,none,0,1,0,0,13615.2,13982.0,13615.2,13982.0,,31.2955,0.965698,0.008812,0.305077,движение умеренное,второстепенно/не приоритет,"distilled чище и улыбчивее, но движение более слабое; INT8 визуально приемлем, но по памяти в этом запуске невыгоден; compile визуально не меняет, но в этом запуске сильно замедлил"
text-original__ckpt-distilled__q-int8__compile-1__offload-none__vae-tiling-0__fast-steps-1__lowres-0__temporal-sub-1,original,distilled,int8,1,none,0,1,0,1,13615.3,14542.0,13615.3,14542.0,,20.8633,0.992109,0.002871,0.308102,почти статично / риск «застывания»,не брать: слишком статично для требования «не застыло»,"distilled чище и улыбчивее, но движение более слабое; INT8 визуально приемлем, но по памяти в этом запуске невыгоден; temporal subsample/interpolation сглаживает и делает ролик более статичным; compile визуально не меняет, но в этом запуске сильно замедлил"
text-original__ckpt-distilled__q-int8__compile-1__offload-none__vae-tiling-0__fast-steps-1__lowres-1__temporal-sub-0,original,distilled,int8,1,none,0,1,1,0,13614.5,14410.0,13614.5,14410.0,,23.4329,0.978213,0.005909,0.318764,движение слабое; выглядит почти статично,"условно: красивое лицо, но движение слабее base","distilled чище и улыбчивее, но движение более слабое; INT8 визуально приемлем, но по памяти в этом запуске невыгоден; lowres 384→512: лицо мягче/мыльнее, но движение сохраняется; compile визуально не меняет, но в этом запуске сильно замедлил"
text-original__ckpt-distilled__q-int8__compile-1__offload-none__vae-tiling-0__fast-steps-1__lowres-1__temporal-sub-1,original,distilled,int8,1,none,0,1,1,1,13614.5,14024.0,13614.5,14024.0,,18.0304,0.994571,0.001942,0.314894,почти статично / риск «застывания»,не брать: слишком статично для требования «не застыло»,"distilled чище и улыбчивее, но движение более слабое; INT8 визуально приемлем, но по памяти в этом запуске невыгоден; lowres 384→512: лицо мягче/мыльнее, но движение сохраняется; temporal subsample/interpolation сглаживает и делает ролик более статичным; compile визуально не меняет, но в этом запуске сильно замедлил"
text-original__ckpt-distilled__q-int8__compile-1__offload-none__vae-tiling-1__fast-steps-1__lowres-0__temporal-sub-0,original,distilled,int8,1,none,1,1,0,0,13615.2,13982.0,13615.2,13982.0,,22.0031,0.965899,0.008723,0.306242,движение умеренное,второстепенно/не приоритет,"distilled чище и улыбчивее, но движение более слабое; INT8 визуально приемлем, но по памяти в этом запуске невыгоден; compile визуально не меняет, но в этом запуске сильно замедлил; VAE tiling визуально и по памяти на 512 почти не изменил результат"
text-original__ckpt-distilled__q-int8__compile-1__offload-none__vae-tiling-1__fast-steps-1__lowres-0__temporal-sub-1,original,distilled,int8,1,none,1,1,0,1,13615.3,14542.0,13615.3,14542.0,,20.0522,0.992066,0.00294,0.308044,почти статично / риск «застывания»,не брать: слишком статично для требования «не застыло»,"distilled чище и улыбчивее, но движение более слабое; INT8 визуально приемлем, но по памяти в этом запуске невыгоден; temporal subsample/interpolation сглаживает и делает ролик более статичным; compile визуально не меняет, но в этом запуске сильно замедлил; VAE tiling визуально и по памяти на 512 почти не изменил результат"
text-original__ckpt-distilled__q-int8__compile-1__offload-none__vae-tiling-1__fast-steps-1__lowres-1__temporal-sub-0,original,distilled,int8,1,none,1,1,1,0,13614.5,14410.0,13614.5,14410.0,,20.5145,0.978571,0.005864,0.318696,движение слабое; выглядит почти статично,"условно: красивое лицо, но движение слабее base","distilled чище и улыбчивее, но движение более слабое; INT8 визуально приемлем, но по памяти в этом запуске невыгоден; lowres 384→512: лицо мягче/мыльнее, но движение сохраняется; compile визуально не меняет, но в этом запуске сильно замедлил; VAE tiling визуально и по памяти на 512 почти не изменил результат"
text-original__ckpt-distilled__q-int8__compile-1__offload-none__vae-tiling-1__fast-steps-1__lowres-1__temporal-sub-1,original,distilled,int8,1,none,1,1,1,1,13614.5,14024.0,13614.5,14024.0,,18.2644,0.994718,0.00189,0.315245,почти статично / риск «застывания»,не брать: слишком статично для требования «не застыло»,"distilled чище и улыбчивее, но движение более слабое; INT8 визуально приемлем, но по памяти в этом запуске невыгоден; lowres 384→512: лицо мягче/мыльнее, но движение сохраняется; temporal subsample/interpolation сглаживает и делает ролик более статичным; compile визуально не меняет, но в этом запуске сильно замедлил; VAE tiling визуально и по памяти на 512 почти не изменил результат"
text-original__ckpt-distilled_fp8__q-none__compile-0__offload-none__vae-tiling-0__fast-steps-1__lowres-0__temporal-sub-0,original,distilled_fp8,none,0,none,0,1,0,0,15175.7,15542.0,15175.7,15542.0,,91.94,0.968438,0.008441,0.309514,движение умеренное,второстепенно/не приоритет,"distilled_fp8 похож на distilled: чистое лицо, но малое движение"
text-original__ckpt-distilled_fp8__q-none__compile-0__offload-none__vae-tiling-0__fast-steps-1__lowres-0__temporal-sub-1,original,distilled_fp8,none,0,none,0,1,0,1,15175.7,15544.0,15175.7,15544.0,,23.7854,0.991133,0.003237,0.30722,почти статично / риск «застывания»,не брать: слишком статично для требования «не застыло»,"distilled_fp8 похож на distilled: чистое лицо, но малое движение; temporal subsample/interpolation сглаживает и делает ролик более статичным"
text-original__ckpt-distilled_fp8__q-none__compile-0__offload-none__vae-tiling-0__fast-steps-1__lowres-1__temporal-sub-0,original,distilled_fp8,none,0,none,0,1,1,0,15175.7,15542.0,15175.7,15542.0,,24.8375,0.979332,0.005942,0.318991,движение слабое; выглядит почти статично,"условно: красивое лицо, но движение слабее base","distilled_fp8 похож на distilled: чистое лицо, но малое движение; lowres 384→512: лицо мягче/мыльнее, но движение сохраняется"
text-original__ckpt-distilled_fp8__q-none__compile-0__offload-none__vae-tiling-0__fast-steps-1__lowres-1__temporal-sub-1,original,distilled_fp8,none,0,none,0,1,1,1,15175.7,15544.0,15175.7,15544.0,,13.2805,0.995906,0.001475,0.314398,почти статично / риск «застывания»,не брать: слишком статично для требования «не застыло»,"distilled_fp8 похож на distilled: чистое лицо, но малое движение; lowres 384→512: лицо мягче/мыльнее, но движение сохраняется; temporal subsample/interpolation сглаживает и делает ролик более статичным"
text-original__ckpt-distilled_fp8__q-none__compile-0__offload-none__vae-tiling-1__fast-steps-1__lowres-0__temporal-sub-0,original,distilled_fp8,none,0,none,1,1,0,0,15175.7,15542.0,15175.7,15542.0,,95.8941,0.968438,0.008441,0.309514,движение умеренное,второстепенно/не приоритет,"distilled_fp8 похож на distilled: чистое лицо, но малое движение; VAE tiling визуально и по памяти на 512 почти не изменил результат"
text-original__ckpt-distilled_fp8__q-none__compile-0__offload-none__vae-tiling-1__fast-steps-1__lowres-0__temporal-sub-1,original,distilled_fp8,none,0,none,1,1,0,1,15175.7,15544.0,15175.7,15544.0,,16.2257,0.991133,0.003237,0.30722,почти статично / риск «застывания»,не брать: слишком статично для требования «не застыло»,"distilled_fp8 похож на distilled: чистое лицо, но малое движение; temporal subsample/interpolation сглаживает и делает ролик более статичным; VAE tiling визуально и по памяти на 512 почти не изменил результат"
text-original__ckpt-distilled_fp8__q-none__compile-0__offload-none__vae-tiling-1__fast-steps-1__lowres-1__temporal-sub-0,original,distilled_fp8,none,0,none,1,1,1,0,15175.7,15542.0,15175.7,15542.0,,16.0536,0.979332,0.005942,0.318991,движение слабое; выглядит почти статично,"условно: красивое лицо, но движение слабее base","distilled_fp8 похож на distilled: чистое лицо, но малое движение; lowres 384→512: лицо мягче/мыльнее, но движение сохраняется; VAE tiling визуально и по памяти на 512 почти не изменил результат"
text-original__ckpt-distilled_fp8__q-none__compile-0__offload-none__vae-tiling-1__fast-steps-1__lowres-1__temporal-sub-1,original,distilled_fp8,none,0,none,1,1,1,1,15175.7,15544.0,15175.7,15544.0,,12.2351,0.995906,0.001475,0.314398,почти статично / риск «застывания»,не брать: слишком статично для требования «не застыло»,"distilled_fp8 похож на distilled: чистое лицо, но малое движение; lowres 384→512: лицо мягче/мыльнее, но движение сохраняется; temporal subsample/interpolation сглаживает и делает ролик более статичным; VAE tiling визуально и по памяти на 512 почти не изменил результат"
text-original__ckpt-distilled_fp8__q-none__compile-0__offload-group__vae-tiling-0__fast-steps-1__lowres-0__temporal-sub-0,original,distilled_fp8,none,0,group,0,1,0,0,15.8,60.0,15.8,60.0,,14.622,0.968438,0.008441,0.309514,движение умеренное,второстепенно/не приоритет,"distilled_fp8 похож на distilled: чистое лицо, но малое движение; group offload резко снижает измеренную VRAM, но переносит нагрузку в CPU/RAM"
text-original__ckpt-distilled_fp8__q-none__compile-0__offload-group__vae-tiling-0__fast-steps-1__lowres-0__temporal-sub-1,original,distilled_fp8,none,0,group,0,1,0,1,15.8,60.0,15.8,60.0,,11.0506,0.991133,0.003237,0.30722,почти статично / риск «застывания»,не брать: слишком статично для требования «не застыло»,"distilled_fp8 похож на distilled: чистое лицо, но малое движение; temporal subsample/interpolation сглаживает и делает ролик более статичным; group offload резко снижает измеренную VRAM, но переносит нагрузку в CPU/RAM"
text-original__ckpt-distilled_fp8__q-none__compile-0__offload-group__vae-tiling-0__fast-steps-1__lowres-1__temporal-sub-0,original,distilled_fp8,none,0,group,0,1,1,0,15.8,58.0,15.8,58.0,,11.1427,0.979332,0.005942,0.318991,движение слабое; выглядит почти статично,"условно: красивое лицо, но движение слабее base","distilled_fp8 похож на distilled: чистое лицо, но малое движение; lowres 384→512: лицо мягче/мыльнее, но движение сохраняется; group offload резко снижает измеренную VRAM, но переносит нагрузку в CPU/RAM"
text-original__ckpt-distilled_fp8__q-none__compile-0__offload-group__vae-tiling-0__fast-steps-1__lowres-1__temporal-sub-1,original,distilled_fp8,none,0,group,0,1,1,1,15.8,60.0,15.8,60.0,,12.794,0.995906,0.001475,0.314398,почти статично / риск «застывания»,не брать: слишком статично для требования «не застыло»,"distilled_fp8 похож на distilled: чистое лицо, но малое движение; lowres 384→512: лицо мягче/мыльнее, но движение сохраняется; temporal subsample/interpolation сглаживает и делает ролик более статичным; group offload резко снижает измеренную VRAM, но переносит нагрузку в CPU/RAM"
text-original__ckpt-distilled_fp8__q-none__compile-0__offload-group__vae-tiling-1__fast-steps-1__lowres-0__temporal-sub-0,original,distilled_fp8,none,0,group,1,1,0,0,15.8,60.0,15.8,60.0,,14.4474,0.968438,0.008441,0.309514,движение умеренное,второстепенно/не приоритет,"distilled_fp8 похож на distilled: чистое лицо, но малое движение; VAE tiling визуально и по памяти на 512 почти не изменил результат; group offload резко снижает измеренную VRAM, но переносит нагрузку в CPU/RAM"
text-original__ckpt-distilled_fp8__q-none__compile-0__offload-group__vae-tiling-1__fast-steps-1__lowres-0__temporal-sub-1,original,distilled_fp8,none,0,group,1,1,0,1,15.8,60.0,15.8,60.0,,13.0747,0.991133,0.003237,0.30722,почти статично / риск «застывания»,не брать: слишком статично для требования «не застыло»,"distilled_fp8 похож на distilled: чистое лицо, но малое движение; temporal subsample/interpolation сглаживает и делает ролик более статичным; VAE tiling визуально и по памяти на 512 почти не изменил результат; group offload резко снижает измеренную VRAM, но переносит нагрузку в CPU/RAM"
text-original__ckpt-distilled_fp8__q-none__compile-0__offload-group__vae-tiling-1__fast-steps-1__lowres-1__temporal-sub-0,original,distilled_fp8,none,0,group,1,1,1,0,15.8,58.0,15.8,58.0,,13.017,0.979332,0.005942,0.318991,движение слабое; выглядит почти статично,"условно: красивое лицо, но движение слабее base","distilled_fp8 похож на distilled: чистое лицо, но малое движение; lowres 384→512: лицо мягче/мыльнее, но движение сохраняется; VAE tiling визуально и по памяти на 512 почти не изменил результат; group offload резко снижает измеренную VRAM, но переносит нагрузку в CPU/RAM"
text-original__ckpt-distilled_fp8__q-none__compile-0__offload-group__vae-tiling-1__fast-steps-1__lowres-1__temporal-sub-1,original,distilled_fp8,none,0,group,1,1,1,1,15.8,60.0,15.8,60.0,,12.7002,0.995906,0.001475,0.314398,почти статично / риск «застывания»,не брать: слишком статично для требования «не застыло»,"distilled_fp8 похож на distilled: чистое лицо, но малое движение; lowres 384→512: лицо мягче/мыльнее, но движение сохраняется; temporal subsample/interpolation сглаживает и делает ролик более статичным; VAE tiling визуально и по памяти на 512 почти не изменил результат; group offload резко снижает измеренную VRAM, но переносит нагрузку в CPU/RAM"
text-original__ckpt-distilled_fp8__q-none__compile-1__offload-none__vae-tiling-0__fast-steps-1__lowres-0__temporal-sub-0,original,distilled_fp8,none,1,none,0,1,0,0,15175.4,15558.0,15175.4,15558.0,,48.9057,0.969068,0.008446,0.30683,движение умеренное,второстепенно/не приоритет,"distilled_fp8 похож на distilled: чистое лицо, но малое движение; compile визуально не меняет, но в этом запуске сильно замедлил"
text-original__ckpt-distilled_fp8__q-none__compile-1__offload-none__vae-tiling-0__fast-steps-1__lowres-0__temporal-sub-1,original,distilled_fp8,none,1,none,0,1,0,1,15175.5,15544.0,15175.5,15544.0,,38.9073,0.991149,0.003209,0.306519,почти статично / риск «застывания»,не брать: слишком статично для требования «не застыло»,"distilled_fp8 похож на distilled: чистое лицо, но малое движение; temporal subsample/interpolation сглаживает и делает ролик более статичным; compile визуально не меняет, но в этом запуске сильно замедлил"
text-original__ckpt-distilled_fp8__q-none__compile-1__offload-none__vae-tiling-0__fast-steps-1__lowres-1__temporal-sub-0,original,distilled_fp8,none,1,none,0,1,1,0,15175.6,15542.0,15175.6,15542.0,,38.5729,0.978747,0.00601,0.318939,движение слабое; выглядит почти статично,"условно: красивое лицо, но движение слабее base","distilled_fp8 похож на distilled: чистое лицо, но малое движение; lowres 384→512: лицо мягче/мыльнее, но движение сохраняется; compile визуально не меняет, но в этом запуске сильно замедлил"
text-original__ckpt-distilled_fp8__q-none__compile-1__offload-none__vae-tiling-0__fast-steps-1__lowres-1__temporal-sub-1,original,distilled_fp8,none,1,none,0,1,1,1,15175.4,15574.0,15175.4,15574.0,,27.9701,0.995799,0.001527,0.315022,почти статично / риск «застывания»,не брать: слишком статично для требования «не застыло»,"distilled_fp8 похож на distilled: чистое лицо, но малое движение; lowres 384→512: лицо мягче/мыльнее, но движение сохраняется; temporal subsample/interpolation сглаживает и делает ролик более статичным; compile визуально не меняет, но в этом запуске сильно замедлил"
text-original__ckpt-distilled_fp8__q-none__compile-1__offload-none__vae-tiling-1__fast-steps-1__lowres-0__temporal-sub-0,original,distilled_fp8,none,1,none,1,1,0,0,15175.4,15558.0,15175.4,15558.0,,61.1617,0.969068,0.008446,0.30683,движение умеренное,второстепенно/не приоритет,"distilled_fp8 похож на distilled: чистое лицо, но малое движение; compile визуально не меняет, но в этом запуске сильно замедлил; VAE tiling визуально и по памяти на 512 почти не изменил результат"
text-original__ckpt-distilled_fp8__q-none__compile-1__offload-none__vae-tiling-1__fast-steps-1__lowres-0__temporal-sub-1,original,distilled_fp8,none,1,none,1,1,0,1,15175.5,15544.0,15175.5,15544.0,,77.2455,0.991149,0.003209,0.306519,почти статично / риск «застывания»,не брать: слишком статично для требования «не застыло»,"distilled_fp8 похож на distilled: чистое лицо, но малое движение; temporal subsample/interpolation сглаживает и делает ролик более статичным; compile визуально не меняет, но в этом запуске сильно замедлил; VAE tiling визуально и по памяти на 512 почти не изменил результат"
text-original__ckpt-distilled_fp8__q-none__compile-1__offload-none__vae-tiling-1__fast-steps-1__lowres-1__temporal-sub-0,original,distilled_fp8,none,1,none,1,1,1,0,15175.6,15542.0,15175.6,15542.0,,62.2028,0.978747,0.00601,0.318939,движение слабое; выглядит почти статично,"условно: красивое лицо, но движение слабее base","distilled_fp8 похож на distilled: чистое лицо, но малое движение; lowres 384→512: лицо мягче/мыльнее, но движение сохраняется; compile визуально не меняет, но в этом запуске сильно замедлил; VAE tiling визуально и по памяти на 512 почти не изменил результат"
text-original__ckpt-distilled_fp8__q-none__compile-1__offload-none__vae-tiling-1__fast-steps-1__lowres-1__temporal-sub-1,original,distilled_fp8,none,1,none,1,1,1,1,15175.4,15574.0,15175.4,15574.0,,32.3452,0.995955,0.001464,0.314811,почти статично / риск «застывания»,не брать: слишком статично для требования «не застыло»,"distilled_fp8 похож на distilled: чистое лицо, но малое движение; lowres 384→512: лицо мягче/мыльнее, но движение сохраняется; temporal subsample/interpolation сглаживает и делает ролик более статичным; compile визуально не меняет, но в этом запуске сильно замедлил; VAE tiling визуально и по памяти на 512 почти не изменил результат"
text-original__ckpt-distilled_fp8__q-none__compile-1__offload-group__vae-tiling-0__fast-steps-1__lowres-0__temporal-sub-0,original,distilled_fp8,none,1,group,0,1,0,0,16.6,392.0,16.6,392.0,,40.6162,0.967485,0.00859,0.309936,движение умеренное,второстепенно/не приоритет,"distilled_fp8 похож на distilled: чистое лицо, но малое движение; compile визуально не меняет, но в этом запуске сильно замедлил; group offload резко снижает измеренную VRAM, но переносит нагрузку в CPU/RAM"
text-original__ckpt-distilled_fp8__q-none__compile-1__offload-group__vae-tiling-0__fast-steps-1__lowres-0__temporal-sub-1,original,distilled_fp8,none,1,group,0,1,0,1,15.8,820.0,15.8,820.0,,23.8521,0.991073,0.003251,0.306391,почти статично / риск «застывания»,не брать: слишком статично для требования «не застыло»,"distilled_fp8 похож на distilled: чистое лицо, но малое движение; temporal subsample/interpolation сглаживает и делает ролик более статичным; compile визуально не меняет, но в этом запуске сильно замедлил; group offload резко снижает измеренную VRAM, но переносит нагрузку в CPU/RAM"
text-original__ckpt-distilled_fp8__q-none__compile-1__offload-group__vae-tiling-0__fast-steps-1__lowres-1__temporal-sub-0,original,distilled_fp8,none,1,group,0,1,1,0,15.8,878.0,15.8,878.0,,24.731,0.979455,0.005886,0.318594,движение слабое; выглядит почти статично,"условно: красивое лицо, но движение слабее base","distilled_fp8 похож на distilled: чистое лицо, но малое движение; lowres 384→512: лицо мягче/мыльнее, но движение сохраняется; compile визуально не меняет, но в этом запуске сильно замедлил; group offload резко снижает измеренную VRAM, но переносит нагрузку в CPU/RAM"
text-original__ckpt-distilled_fp8__q-none__compile-1__offload-group__vae-tiling-0__fast-steps-1__lowres-1__temporal-sub-1,original,distilled_fp8,none,1,group,0,1,1,1,15.8,488.0,15.8,488.0,,23.5495,0.995678,0.001561,0.315644,почти статично / риск «застывания»,не брать: слишком статично для требования «не застыло»,"distilled_fp8 похож на distilled: чистое лицо, но малое движение; lowres 384→512: лицо мягче/мыльнее, но движение сохраняется; temporal subsample/interpolation сглаживает и делает ролик более статичным; compile визуально не меняет, но в этом запуске сильно замедлил; group offload резко снижает измеренную VRAM, но переносит нагрузку в CPU/RAM"
text-original__ckpt-distilled_fp8__q-none__compile-1__offload-group__vae-tiling-1__fast-steps-1__lowres-0__temporal-sub-0,original,distilled_fp8,none,1,group,1,1,0,0,16.6,392.0,16.6,392.0,,24.1217,0.967485,0.00859,0.309936,движение умеренное,второстепенно/не приоритет,"distilled_fp8 похож на distilled: чистое лицо, но малое движение; compile визуально не меняет, но в этом запуске сильно замедлил; VAE tiling визуально и по памяти на 512 почти не изменил результат; group offload резко снижает измеренную VRAM, но переносит нагрузку в CPU/RAM"
text-original__ckpt-distilled_fp8__q-none__compile-1__offload-group__vae-tiling-1__fast-steps-1__lowres-0__temporal-sub-1,original,distilled_fp8,none,1,group,1,1,0,1,15.8,820.0,15.8,820.0,,21.7361,0.991073,0.003251,0.306391,почти статично / риск «застывания»,не брать: слишком статично для требования «не застыло»,"distilled_fp8 похож на distilled: чистое лицо, но малое движение; temporal subsample/interpolation сглаживает и делает ролик более статичным; compile визуально не меняет, но в этом запуске сильно замедлил; VAE tiling визуально и по памяти на 512 почти не изменил результат; group offload резко снижает измеренную VRAM, но переносит нагрузку в CPU/RAM"
text-original__ckpt-distilled_fp8__q-none__compile-1__offload-group__vae-tiling-1__fast-steps-1__lowres-1__temporal-sub-0,original,distilled_fp8,none,1,group,1,1,1,0,15.8,878.0,15.8,878.0,,22.3182,0.979455,0.005886,0.318594,движение слабое; выглядит почти статично,"условно: красивое лицо, но движение слабее base","distilled_fp8 похож на distilled: чистое лицо, но малое движение; lowres 384→512: лицо мягче/мыльнее, но движение сохраняется; compile визуально не меняет, но в этом запуске сильно замедлил; VAE tiling визуально и по памяти на 512 почти не изменил результат; group offload резко снижает измеренную VRAM, но переносит нагрузку в CPU/RAM"
text-original__ckpt-distilled_fp8__q-none__compile-1__offload-group__vae-tiling-1__fast-steps-1__lowres-1__temporal-sub-1,original,distilled_fp8,none,1,group,1,1,1,1,15.8,488.0,15.8,488.0,,22.0558,0.995678,0.001561,0.315644,почти статично / риск «застывания»,не брать: слишком статично для требования «не застыло»,"distilled_fp8 похож на distilled: чистое лицо, но малое движение; lowres 384→512: лицо мягче/мыльнее, но движение сохраняется; temporal subsample/interpolation сглаживает и делает ролик более статичным; compile визуально не меняет, но в этом запуске сильно замедлил; VAE tiling визуально и по памяти на 512 почти не изменил результат; group offload резко снижает измеренную VRAM, но переносит нагрузку в CPU/RAM"
text-precompute__ckpt-base__q-none__compile-0__offload-none__vae-tiling-0__fast-steps-0__lowres-0__temporal-sub-0,precompute,base,none,0,none,0,0,0,0,13611.9,13996.0,4519.1,4922.0,13611.9,4.4535,0.825673,0.023638,0.304573,очень заметное движение; точно не застыло,визуально годится по движению; смотреть память,визуально совпадает с original при том же seed; выигрыш только после выгрузки T5; base даёт больше реального движения волос/лица
text-precompute__ckpt-base__q-none__compile-0__offload-none__vae-tiling-0__fast-steps-0__lowres-0__temporal-sub-1,precompute,base,none,0,none,0,0,0,1,13611.9,13996.0,4519.2,4908.0,13611.9,2.9983,0.977508,0.002943,0.302637,движение слабое; выглядит почти статично,не брать: слишком статично для требования «не застыло»,визуально совпадает с original при том же seed; выигрыш только после выгрузки T5; base даёт больше реального движения волос/лица; temporal subsample/interpolation сглаживает и делает ролик более статичным
text-precompute__ckpt-base__q-none__compile-0__offload-none__vae-tiling-0__fast-steps-0__lowres-1__temporal-sub-0,precompute,base,none,0,none,0,0,1,0,13611.9,13996.0,4519.2,4910.0,13611.9,2.9524,0.90849,0.032307,0.309643,движение заметное; не застыло,визуально годится по движению; смотреть память,"визуально совпадает с original при том же seed; выигрыш только после выгрузки T5; base даёт больше реального движения волос/лица; lowres 384→512: лицо мягче/мыльнее, но движение сохраняется"
text-precompute__ckpt-base__q-none__compile-0__offload-none__vae-tiling-0__fast-steps-0__lowres-1__temporal-sub-1,precompute,base,none,0,none,0,0,1,1,13611.9,13996.0,4519.2,4910.0,13611.9,2.9498,0.987314,0.014808,0.305877,движение слабое; выглядит почти статично,не брать: слишком статично для требования «не застыло»,"визуально совпадает с original при том же seed; выигрыш только после выгрузки T5; base даёт больше реального движения волос/лица; lowres 384→512: лицо мягче/мыльнее, но движение сохраняется; temporal subsample/interpolation сглаживает и делает ролик более статичным"
text-precompute__ckpt-base__q-none__compile-0__offload-none__vae-tiling-0__fast-steps-1__lowres-0__temporal-sub-0,precompute,base,none,0,none,0,1,0,0,13611.9,13996.0,4519.1,4922.0,13611.9,3.288,0.845387,0.018642,0.304918,очень заметное движение; точно не застыло,визуально годится по движению; смотреть память,визуально совпадает с original при том же seed; выигрыш только после выгрузки T5; base даёт больше реального движения волос/лица
text-precompute__ckpt-base__q-none__compile-0__offload-none__vae-tiling-0__fast-steps-1__lowres-0__temporal-sub-1,precompute,base,none,0,none,0,1,0,1,13611.9,13996.0,4519.2,4908.0,13611.9,2.0176,0.974026,0.003376,0.303952,движение слабое; выглядит почти статично,не брать: слишком статично для требования «не застыло»,визуально совпадает с original при том же seed; выигрыш только после выгрузки T5; base даёт больше реального движения волос/лица; temporal subsample/interpolation сглаживает и делает ролик более статичным
text-precompute__ckpt-base__q-none__compile-0__offload-none__vae-tiling-0__fast-steps-1__lowres-1__temporal-sub-0,precompute,base,none,0,none,0,1,1,0,13611.9,13996.0,4519.2,4910.0,13611.9,1.8449,0.902452,0.038472,0.307318,движение заметное; не застыло,визуально годится по движению; смотреть память,"визуально совпадает с original при том же seed; выигрыш только после выгрузки T5; base даёт больше реального движения волос/лица; lowres 384→512: лицо мягче/мыльнее, но движение сохраняется"
text-precompute__ckpt-base__q-none__compile-0__offload-none__vae-tiling-0__fast-steps-1__lowres-1__temporal-sub-1,precompute,base,none,0,none,0,1,1,1,13611.9,13996.0,4519.2,4910.0,13611.9,1.6015,0.98623,0.01576,0.304799,движение слабое; выглядит почти статично,не брать: слишком статично для требования «не застыло»,"визуально совпадает с original при том же seed; выигрыш только после выгрузки T5; base даёт больше реального движения волос/лица; lowres 384→512: лицо мягче/мыльнее, но движение сохраняется; temporal subsample/interpolation сглаживает и делает ролик более статичным"
text-precompute__ckpt-base__q-none__compile-0__offload-none__vae-tiling-1__fast-steps-0__lowres-0__temporal-sub-0,precompute,base,none,0,none,1,0,0,0,13611.9,13996.0,4519.1,4922.0,13611.9,4.7595,0.825673,0.023638,0.304573,очень заметное движение; точно не застыло,визуально годится по движению; смотреть память,визуально совпадает с original при том же seed; выигрыш только после выгрузки T5; base даёт больше реального движения волос/лица; VAE tiling визуально и по памяти на 512 почти не изменил результат
text-precompute__ckpt-base__q-none__compile-0__offload-none__vae-tiling-1__fast-steps-0__lowres-0__temporal-sub-1,precompute,base,none,0,none,1,0,0,1,13611.9,13996.0,4519.2,4908.0,13611.9,3.4353,0.977508,0.002943,0.302637,движение слабое; выглядит почти статично,не брать: слишком статично для требования «не застыло»,визуально совпадает с original при том же seed; выигрыш только после выгрузки T5; base даёт больше реального движения волос/лица; temporal subsample/interpolation сглаживает и делает ролик более статичным; VAE tiling визуально и по памяти на 512 почти не изменил результат
text-precompute__ckpt-base__q-none__compile-0__offload-none__vae-tiling-1__fast-steps-0__lowres-1__temporal-sub-0,precompute,base,none,0,none,1,0,1,0,13611.9,13996.0,4519.2,4910.0,13611.9,3.4602,0.90849,0.032307,0.309643,движение заметное; не застыло,визуально годится по движению; смотреть память,"визуально совпадает с original при том же seed; выигрыш только после выгрузки T5; base даёт больше реального движения волос/лица; lowres 384→512: лицо мягче/мыльнее, но движение сохраняется; VAE tiling визуально и по памяти на 512 почти не изменил результат"
text-precompute__ckpt-base__q-none__compile-0__offload-none__vae-tiling-1__fast-steps-0__lowres-1__temporal-sub-1,precompute,base,none,0,none,1,0,1,1,13611.9,13996.0,4519.2,4910.0,13611.9,2.682,0.987314,0.014808,0.305877,движение слабое; выглядит почти статично,не брать: слишком статично для требования «не застыло»,"визуально совпадает с original при том же seed; выигрыш только после выгрузки T5; base даёт больше реального движения волос/лица; lowres 384→512: лицо мягче/мыльнее, но движение сохраняется; temporal subsample/interpolation сглаживает и делает ролик более статичным; VAE tiling визуально и по памяти на 512 почти не изменил результат"
text-precompute__ckpt-base__q-none__compile-0__offload-none__vae-tiling-1__fast-steps-1__lowres-0__temporal-sub-0,precompute,base,none,0,none,1,1,0,0,13611.9,13996.0,4519.1,4922.0,13611.9,3.0311,0.845387,0.018642,0.304918,очень заметное движение; точно не застыло,визуально годится по движению; смотреть память,визуально совпадает с original при том же seed; выигрыш только после выгрузки T5; base даёт больше реального движения волос/лица; VAE tiling визуально и по памяти на 512 почти не изменил результат
text-precompute__ckpt-base__q-none__compile-0__offload-none__vae-tiling-1__fast-steps-1__lowres-0__temporal-sub-1,precompute,base,none,0,none,1,1,0,1,13611.9,13996.0,4519.2,4908.0,13611.9,1.935,0.974026,0.003376,0.303952,движение слабое; выглядит почти статично,не брать: слишком статично для требования «не застыло»,визуально совпадает с original при том же seed; выигрыш только после выгрузки T5; base даёт больше реального движения волос/лица; temporal subsample/interpolation сглаживает и делает ролик более статичным; VAE tiling визуально и по памяти на 512 почти не изменил результат
text-precompute__ckpt-base__q-none__compile-0__offload-none__vae-tiling-1__fast-steps-1__lowres-1__temporal-sub-0,precompute,base,none,0,none,1,1,1,0,13611.9,13996.0,4519.2,4910.0,13611.9,1.986,0.902452,0.038472,0.307318,движение заметное; не застыло,визуально годится по движению; смотреть память,"визуально совпадает с original при том же seed; выигрыш только после выгрузки T5; base даёт больше реального движения волос/лица; lowres 384→512: лицо мягче/мыльнее, но движение сохраняется; VAE tiling визуально и по памяти на 512 почти не изменил результат"
text-precompute__ckpt-base__q-none__compile-0__offload-none__vae-tiling-1__fast-steps-1__lowres-1__temporal-sub-1,precompute,base,none,0,none,1,1,1,1,13611.9,13996.0,4519.2,4910.0,13611.9,1.7282,0.98623,0.01576,0.304799,движение слабое; выглядит почти статично,не брать: слишком статично для требования «не застыло»,"визуально совпадает с original при том же seed; выигрыш только после выгрузки T5; base даёт больше реального движения волос/лица; lowres 384→512: лицо мягче/мыльнее, но движение сохраняется; temporal subsample/interpolation сглаживает и делает ролик более статичным; VAE tiling визуально и по памяти на 512 почти не изменил результат"
text-precompute__ckpt-base__q-none__compile-0__offload-group__vae-tiling-0__fast-steps-0__lowres-0__temporal-sub-0,precompute,base,none,0,group,0,0,0,0,9110.5,9134.0,17.2,380.0,9110.5,18.0684,0.825673,0.023638,0.304573,очень заметное движение; точно не застыло,визуально годится по движению; смотреть память,"визуально совпадает с original при том же seed; выигрыш только после выгрузки T5; base даёт больше реального движения волос/лица; group offload резко снижает измеренную VRAM, но переносит нагрузку в CPU/RAM"
text-precompute__ckpt-base__q-none__compile-0__offload-group__vae-tiling-0__fast-steps-0__lowres-0__temporal-sub-1,precompute,base,none,0,group,0,0,0,1,9110.5,9134.0,16.8,730.0,9110.5,15.554,0.977508,0.002943,0.302637,движение слабое; выглядит почти статично,не брать: слишком статично для требования «не застыло»,"визуально совпадает с original при том же seed; выигрыш только после выгрузки T5; base даёт больше реального движения волос/лица; temporal subsample/interpolation сглаживает и делает ролик более статичным; group offload резко снижает измеренную VRAM, но переносит нагрузку в CPU/RAM"
text-precompute__ckpt-base__q-none__compile-0__offload-group__vae-tiling-0__fast-steps-0__lowres-1__temporal-sub-0,precompute,base,none,0,group,0,0,1,0,9110.5,9134.0,16.8,786.0,9110.5,15.7924,0.90849,0.032307,0.309643,движение заметное; не застыло,визуально годится по движению; смотреть память,"визуально совпадает с original при том же seed; выигрыш только после выгрузки T5; base даёт больше реального движения волос/лица; lowres 384→512: лицо мягче/мыльнее, но движение сохраняется; group offload резко снижает измеренную VRAM, но переносит нагрузку в CPU/RAM"
text-precompute__ckpt-base__q-none__compile-0__offload-group__vae-tiling-0__fast-steps-0__lowres-1__temporal-sub-1,precompute,base,none,0,group,0,0,1,1,9110.5,9134.0,16.8,424.0,9110.5,15.4595,0.987314,0.014808,0.305877,движение слабое; выглядит почти статично,не брать: слишком статично для требования «не застыло»,"визуально совпадает с original при том же seed; выигрыш только после выгрузки T5; base даёт больше реального движения волос/лица; lowres 384→512: лицо мягче/мыльнее, но движение сохраняется; temporal subsample/interpolation сглаживает и делает ролик более статичным; group offload резко снижает измеренную VRAM, но переносит нагрузку в CPU/RAM"
text-precompute__ckpt-base__q-none__compile-0__offload-group__vae-tiling-0__fast-steps-1__lowres-0__temporal-sub-0,precompute,base,none,0,group,0,1,0,0,9110.5,9134.0,17.2,380.0,9110.5,11.9026,0.845387,0.018642,0.304918,очень заметное движение; точно не застыло,визуально годится по движению; смотреть память,"визуально совпадает с original при том же seed; выигрыш только после выгрузки T5; base даёт больше реального движения волос/лица; group offload резко снижает измеренную VRAM, но переносит нагрузку в CPU/RAM"
text-precompute__ckpt-base__q-none__compile-0__offload-group__vae-tiling-0__fast-steps-1__lowres-0__temporal-sub-1,precompute,base,none,0,group,0,1,0,1,9110.5,9134.0,16.8,730.0,9110.5,12.2735,0.974026,0.003376,0.303952,движение слабое; выглядит почти статично,не брать: слишком статично для требования «не застыло»,"визуально совпадает с original при том же seed; выигрыш только после выгрузки T5; base даёт больше реального движения волос/лица; temporal subsample/interpolation сглаживает и делает ролик более статичным; group offload резко снижает измеренную VRAM, но переносит нагрузку в CPU/RAM"
text-precompute__ckpt-base__q-none__compile-0__offload-group__vae-tiling-0__fast-steps-1__lowres-1__temporal-sub-0,precompute,base,none,0,group,0,1,1,0,9110.5,9134.0,16.8,786.0,9110.5,14.8095,0.902452,0.038472,0.307318,движение заметное; не застыло,визуально годится по движению; смотреть память,"визуально совпадает с original при том же seed; выигрыш только после выгрузки T5; base даёт больше реального движения волос/лица; lowres 384→512: лицо мягче/мыльнее, но движение сохраняется; group offload резко снижает измеренную VRAM, но переносит нагрузку в CPU/RAM"
text-precompute__ckpt-base__q-none__compile-0__offload-group__vae-tiling-0__fast-steps-1__lowres-1__temporal-sub-1,precompute,base,none,0,group,0,1,1,1,9110.5,9134.0,16.8,424.0,9110.5,13.3211,0.98623,0.01576,0.304799,движение слабое; выглядит почти статично,не брать: слишком статично для требования «не застыло»,"визуально совпадает с original при том же seed; выигрыш только после выгрузки T5; base даёт больше реального движения волос/лица; lowres 384→512: лицо мягче/мыльнее, но движение сохраняется; temporal subsample/interpolation сглаживает и делает ролик более статичным; group offload резко снижает измеренную VRAM, но переносит нагрузку в CPU/RAM"
text-precompute__ckpt-base__q-none__compile-0__offload-group__vae-tiling-1__fast-steps-0__lowres-0__temporal-sub-0,precompute,base,none,0,group,1,0,0,0,9110.5,9134.0,17.2,380.0,9110.5,18.9132,0.825673,0.023638,0.304573,очень заметное движение; точно не застыло,визуально годится по движению; смотреть память,"визуально совпадает с original при том же seed; выигрыш только после выгрузки T5; base даёт больше реального движения волос/лица; VAE tiling визуально и по памяти на 512 почти не изменил результат; group offload резко снижает измеренную VRAM, но переносит нагрузку в CPU/RAM"
text-precompute__ckpt-base__q-none__compile-0__offload-group__vae-tiling-1__fast-steps-0__lowres-0__temporal-sub-1,precompute,base,none,0,group,1,0,0,1,9110.5,9134.0,16.8,730.0,9110.5,13.7118,0.977508,0.002943,0.302637,движение слабое; выглядит почти статично,не брать: слишком статично для требования «не застыло»,"визуально совпадает с original при том же seed; выигрыш только после выгрузки T5; base даёт больше реального движения волос/лица; temporal subsample/interpolation сглаживает и делает ролик более статичным; VAE tiling визуально и по памяти на 512 почти не изменил результат; group offload резко снижает измеренную VRAM, но переносит нагрузку в CPU/RAM"
text-precompute__ckpt-base__q-none__compile-0__offload-group__vae-tiling-1__fast-steps-0__lowres-1__temporal-sub-0,precompute,base,none,0,group,1,0,1,0,9110.5,9134.0,16.8,786.0,9110.5,14.2177,0.90849,0.032307,0.309643,движение заметное; не застыло,визуально годится по движению; смотреть память,"визуально совпадает с original при том же seed; выигрыш только после выгрузки T5; base даёт больше реального движения волос/лица; lowres 384→512: лицо мягче/мыльнее, но движение сохраняется; VAE tiling визуально и по памяти на 512 почти не изменил результат; group offload резко снижает измеренную VRAM, но переносит нагрузку в CPU/RAM"
text-precompute__ckpt-base__q-none__compile-0__offload-group__vae-tiling-1__fast-steps-0__lowres-1__temporal-sub-1,precompute,base,none,0,group,1,0,1,1,9110.5,9134.0,16.8,424.0,9110.5,13.2625,0.987314,0.014808,0.305877,движение слабое; выглядит почти статично,не брать: слишком статично для требования «не застыло»,"визуально совпадает с original при том же seed; выигрыш только после выгрузки T5; base даёт больше реального движения волос/лица; lowres 384→512: лицо мягче/мыльнее, но движение сохраняется; temporal subsample/interpolation сглаживает и делает ролик более статичным; VAE tiling визуально и по памяти на 512 почти не изменил результат; group offload резко снижает измеренную VRAM, но переносит нагрузку в CPU/RAM"
text-precompute__ckpt-base__q-none__compile-0__offload-group__vae-tiling-1__fast-steps-1__lowres-0__temporal-sub-0,precompute,base,none,0,group,1,1,0,0,9110.5,9134.0,17.2,380.0,9110.5,12.2348,0.845387,0.018642,0.304918,очень заметное движение; точно не застыло,визуально годится по движению; смотреть память,"визуально совпадает с original при том же seed; выигрыш только после выгрузки T5; base даёт больше реального движения волос/лица; VAE tiling визуально и по памяти на 512 почти не изменил результат; group offload резко снижает измеренную VRAM, но переносит нагрузку в CPU/RAM"
text-precompute__ckpt-base__q-none__compile-0__offload-group__vae-tiling-1__fast-steps-1__lowres-0__temporal-sub-1,precompute,base,none,0,group,1,1,0,1,9110.5,9134.0,16.8,730.0,9110.5,12.3638,0.974026,0.003376,0.303952,движение слабое; выглядит почти статично,не брать: слишком статично для требования «не застыло»,"визуально совпадает с original при том же seed; выигрыш только после выгрузки T5; base даёт больше реального движения волос/лица; temporal subsample/interpolation сглаживает и делает ролик более статичным; VAE tiling визуально и по памяти на 512 почти не изменил результат; group offload резко снижает измеренную VRAM, но переносит нагрузку в CPU/RAM"
text-precompute__ckpt-base__q-none__compile-0__offload-group__vae-tiling-1__fast-steps-1__lowres-1__temporal-sub-0,precompute,base,none,0,group,1,1,1,0,9110.5,9134.0,16.8,786.0,9110.5,19.0945,0.902452,0.038472,0.307318,движение заметное; не застыло,визуально годится по движению; смотреть память,"визуально совпадает с original при том же seed; выигрыш только после выгрузки T5; base даёт больше реального движения волос/лица; lowres 384→512: лицо мягче/мыльнее, но движение сохраняется; VAE tiling визуально и по памяти на 512 почти не изменил результат; group offload резко снижает измеренную VRAM, но переносит нагрузку в CPU/RAM"
text-precompute__ckpt-base__q-none__compile-0__offload-group__vae-tiling-1__fast-steps-1__lowres-1__temporal-sub-1,precompute,base,none,0,group,1,1,1,1,9110.5,9134.0,16.8,424.0,9110.5,10.6408,0.98623,0.01576,0.304799,движение слабое; выглядит почти статично,не брать: слишком статично для требования «не застыло»,"визуально совпадает с original при том же seed; выигрыш только после выгрузки T5; base даёт больше реального движения волос/лица; lowres 384→512: лицо мягче/мыльнее, но движение сохраняется; temporal subsample/interpolation сглаживает и делает ролик более статичным; VAE tiling визуально и по памяти на 512 почти не изменил результат; group offload резко снижает измеренную VRAM, но переносит нагрузку в CPU/RAM"
text-precompute__ckpt-base__q-none__compile-1__offload-none__vae-tiling-0__fast-steps-0__lowres-0__temporal-sub-0,precompute,base,none,1,none,0,0,0,0,13611.9,13996.0,4518.7,4930.0,13611.9,13.3766,0.825691,0.023861,0.302575,очень заметное движение; точно не застыло,визуально годится по движению; смотреть память,"визуально совпадает с original при том же seed; выигрыш только после выгрузки T5; base даёт больше реального движения волос/лица; compile визуально не меняет, но в этом запуске сильно замедлил"
text-precompute__ckpt-base__q-none__compile-1__offload-none__vae-tiling-0__fast-steps-0__lowres-0__temporal-sub-1,precompute,base,none,1,none,0,0,0,1,13611.9,13996.0,4518.7,4928.0,13611.9,12.3148,0.97743,0.002941,0.30251,движение слабое; выглядит почти статично,не брать: слишком статично для требования «не застыло»,"визуально совпадает с original при том же seed; выигрыш только после выгрузки T5; base даёт больше реального движения волос/лица; temporal subsample/interpolation сглаживает и делает ролик более статичным; compile визуально не меняет, но в этом запуске сильно замедлил"
text-precompute__ckpt-base__q-none__compile-1__offload-none__vae-tiling-0__fast-steps-0__lowres-1__temporal-sub-0,precompute,base,none,1,none,0,0,1,0,13611.9,13996.0,4518.7,4928.0,13611.9,11.4056,0.907758,0.032332,0.309918,движение заметное; не застыло,визуально годится по движению; смотреть память,"визуально совпадает с original при том же seed; выигрыш только после выгрузки T5; base даёт больше реального движения волос/лица; lowres 384→512: лицо мягче/мыльнее, но движение сохраняется; compile визуально не меняет, но в этом запуске сильно замедлил"
text-precompute__ckpt-base__q-none__compile-1__offload-none__vae-tiling-0__fast-steps-0__lowres-1__temporal-sub-1,precompute,base,none,1,none,0,0,1,1,13611.9,13996.0,4519.2,4908.0,13611.9,12.2508,0.984519,0.015753,0.305224,движение слабое; выглядит почти статично,не брать: слишком статично для требования «не застыло»,"визуально совпадает с original при том же seed; выигрыш только после выгрузки T5; base даёт больше реального движения волос/лица; lowres 384→512: лицо мягче/мыльнее, но движение сохраняется; temporal subsample/interpolation сглаживает и делает ролик более статичным; compile визуально не меняет, но в этом запуске сильно замедлил"
text-precompute__ckpt-base__q-none__compile-1__offload-none__vae-tiling-0__fast-steps-1__lowres-0__temporal-sub-0,precompute,base,none,1,none,0,1,0,0,13611.9,13996.0,4518.7,4930.0,13611.9,11.3621,0.845286,0.018618,0.305114,очень заметное движение; точно не застыло,визуально годится по движению; смотреть память,"визуально совпадает с original при том же seed; выигрыш только после выгрузки T5; base даёт больше реального движения волос/лица; compile визуально не меняет, но в этом запуске сильно замедлил"
text-precompute__ckpt-base__q-none__compile-1__offload-none__vae-tiling-0__fast-steps-1__lowres-0__temporal-sub-1,precompute,base,none,1,none,0,1,0,1,13611.9,13996.0,4518.7,4928.0,13611.9,11.9129,0.97377,0.003415,0.303422,движение слабое; выглядит почти статично,не брать: слишком статично для требования «не застыло»,"визуально совпадает с original при том же seed; выигрыш только после выгрузки T5; base даёт больше реального движения волос/лица; temporal subsample/interpolation сглаживает и делает ролик более статичным; compile визуально не меняет, но в этом запуске сильно замедлил"
text-precompute__ckpt-base__q-none__compile-1__offload-none__vae-tiling-0__fast-steps-1__lowres-1__temporal-sub-0,precompute,base,none,1,none,0,1,1,0,13611.9,13996.0,4518.7,4928.0,13611.9,11.4129,0.902956,0.038442,0.307072,движение заметное; не застыло,визуально годится по движению; смотреть память,"визуально совпадает с original при том же seed; выигрыш только после выгрузки T5; base даёт больше реального движения волос/лица; lowres 384→512: лицо мягче/мыльнее, но движение сохраняется; compile визуально не меняет, но в этом запуске сильно замедлил"
text-precompute__ckpt-base__q-none__compile-1__offload-none__vae-tiling-0__fast-steps-1__lowres-1__temporal-sub-1,precompute,base,none,1,none,0,1,1,1,13611.9,13996.0,4519.2,4908.0,13611.9,10.6594,0.986176,0.015763,0.304705,движение слабое; выглядит почти статично,не брать: слишком статично для требования «не застыло»,"визуально совпадает с original при том же seed; выигрыш только после выгрузки T5; base даёт больше реального движения волос/лица; lowres 384→512: лицо мягче/мыльнее, но движение сохраняется; temporal subsample/interpolation сглаживает и делает ролик более статичным; compile визуально не меняет, но в этом запуске сильно замедлил"
text-precompute__ckpt-base__q-none__compile-1__offload-none__vae-tiling-1__fast-steps-0__lowres-0__temporal-sub-0,precompute,base,none,1,none,1,0,0,0,13611.9,13996.0,4518.7,4930.0,13611.9,13.0414,0.825691,0.023861,0.302575,очень заметное движение; точно не застыло,визуально годится по движению; смотреть память,"визуально совпадает с original при том же seed; выигрыш только после выгрузки T5; base даёт больше реального движения волос/лица; compile визуально не меняет, но в этом запуске сильно замедлил; VAE tiling визуально и по памяти на 512 почти не изменил результат"
text-precompute__ckpt-base__q-none__compile-1__offload-none__vae-tiling-1__fast-steps-0__lowres-0__temporal-sub-1,precompute,base,none,1,none,1,0,0,1,13611.9,13996.0,4518.7,4928.0,13611.9,11.1502,0.977481,0.002938,0.302232,движение слабое; выглядит почти статично,не брать: слишком статично для требования «не застыло»,"визуально совпадает с original при том же seed; выигрыш только после выгрузки T5; base даёт больше реального движения волос/лица; temporal subsample/interpolation сглаживает и делает ролик более статичным; compile визуально не меняет, но в этом запуске сильно замедлил; VAE tiling визуально и по памяти на 512 почти не изменил результат"
text-precompute__ckpt-base__q-none__compile-1__offload-none__vae-tiling-1__fast-steps-0__lowres-1__temporal-sub-0,precompute,base,none,1,none,1,0,1,0,13611.9,13996.0,4518.7,4928.0,13611.9,12.1185,0.907936,0.032293,0.309741,движение заметное; не застыло,визуально годится по движению; смотреть память,"визуально совпадает с original при том же seed; выигрыш только после выгрузки T5; base даёт больше реального движения волос/лица; lowres 384→512: лицо мягче/мыльнее, но движение сохраняется; compile визуально не меняет, но в этом запуске сильно замедлил; VAE tiling визуально и по памяти на 512 почти не изменил результат"
text-precompute__ckpt-base__q-none__compile-1__offload-none__vae-tiling-1__fast-steps-0__lowres-1__temporal-sub-1,precompute,base,none,1,none,1,0,1,1,13611.9,13996.0,4519.2,4908.0,13611.9,11.6579,0.984519,0.015753,0.305224,движение слабое; выглядит почти статично,не брать: слишком статично для требования «не застыло»,"визуально совпадает с original при том же seed; выигрыш только после выгрузки T5; base даёт больше реального движения волос/лица; lowres 384→512: лицо мягче/мыльнее, но движение сохраняется; temporal subsample/interpolation сглаживает и делает ролик более статичным; compile визуально не меняет, но в этом запуске сильно замедлил; VAE tiling визуально и по памяти на 512 почти не изменил результат"
text-precompute__ckpt-base__q-none__compile-1__offload-none__vae-tiling-1__fast-steps-1__lowres-0__temporal-sub-0,precompute,base,none,1,none,1,1,0,0,13611.9,13996.0,4518.7,4930.0,13611.9,11.5237,0.845286,0.018618,0.305114,очень заметное движение; точно не застыло,визуально годится по движению; смотреть память,"визуально совпадает с original при том же seed; выигрыш только после выгрузки T5; base даёт больше реального движения волос/лица; compile визуально не меняет, но в этом запуске сильно замедлил; VAE tiling визуально и по памяти на 512 почти не изменил результат"
text-precompute__ckpt-base__q-none__compile-1__offload-none__vae-tiling-1__fast-steps-1__lowres-0__temporal-sub-1,precompute,base,none,1,none,1,1,0,1,13611.9,13996.0,4518.7,4928.0,13611.9,10.6066,0.97377,0.003415,0.303422,движение слабое; выглядит почти статично,не брать: слишком статично для требования «не застыло»,"визуально совпадает с original при том же seed; выигрыш только после выгрузки T5; base даёт больше реального движения волос/лица; temporal subsample/interpolation сглаживает и делает ролик более статичным; compile визуально не меняет, но в этом запуске сильно замедлил; VAE tiling визуально и по памяти на 512 почти не изменил результат"
text-precompute__ckpt-base__q-none__compile-1__offload-none__vae-tiling-1__fast-steps-1__lowres-1__temporal-sub-0,precompute,base,none,1,none,1,1,1,0,13611.9,13996.0,4518.7,4928.0,13611.9,10.3804,0.902815,0.038532,0.306573,движение заметное; не застыло,визуально годится по движению; смотреть память,"визуально совпадает с original при том же seed; выигрыш только после выгрузки T5; base даёт больше реального движения волос/лица; lowres 384→512: лицо мягче/мыльнее, но движение сохраняется; compile визуально не меняет, но в этом запуске сильно замедлил; VAE tiling визуально и по памяти на 512 почти не изменил результат"
text-precompute__ckpt-base__q-none__compile-1__offload-none__vae-tiling-1__fast-steps-1__lowres-1__temporal-sub-1,precompute,base,none,1,none,1,1,1,1,13611.9,13996.0,4519.2,4908.0,13611.9,11.0379,0.986175,0.015749,0.30432,движение слабое; выглядит почти статично,не брать: слишком статично для требования «не застыло»,"визуально совпадает с original при том же seed; выигрыш только после выгрузки T5; base даёт больше реального движения волос/лица; lowres 384→512: лицо мягче/мыльнее, но движение сохраняется; temporal subsample/interpolation сглаживает и делает ролик более статичным; compile визуально не меняет, но в этом запуске сильно замедлил; VAE tiling визуально и по памяти на 512 почти не изменил результат"
text-precompute__ckpt-base__q-none__compile-1__offload-group__vae-tiling-0__fast-steps-0__lowres-0__temporal-sub-0,precompute,base,none,1,group,0,0,0,0,9110.5,9134.0,17.6,528.0,9110.5,28.2855,0.825801,0.02375,0.302826,очень заметное движение; точно не застыло,визуально годится по движению; смотреть память,"визуально совпадает с original при том же seed; выигрыш только после выгрузки T5; base даёт больше реального движения волос/лица; compile визуально не меняет, но в этом запуске сильно замедлил; group offload резко снижает измеренную VRAM, но переносит нагрузку в CPU/RAM"
text-precompute__ckpt-base__q-none__compile-1__offload-group__vae-tiling-0__fast-steps-0__lowres-0__temporal-sub-1,precompute,base,none,1,group,0,0,0,1,9110.5,9134.0,16.8,820.0,9110.5,25.2524,0.977497,0.002951,0.302346,движение слабое; выглядит почти статично,не брать: слишком статично для требования «не застыло»,"визуально совпадает с original при том же seed; выигрыш только после выгрузки T5; base даёт больше реального движения волос/лица; temporal subsample/interpolation сглаживает и делает ролик более статичным; compile визуально не меняет, но в этом запуске сильно замедлил; group offload резко снижает измеренную VRAM, но переносит нагрузку в CPU/RAM"
text-precompute__ckpt-base__q-none__compile-1__offload-group__vae-tiling-0__fast-steps-0__lowres-1__temporal-sub-0,precompute,base,none,1,group,0,0,1,0,9110.5,9134.0,16.8,878.0,9110.5,23.5254,0.90834,0.032383,0.3101,движение заметное; не застыло,визуально годится по движению; смотреть память,"визуально совпадает с original при том же seed; выигрыш только после выгрузки T5; base даёт больше реального движения волос/лица; lowres 384→512: лицо мягче/мыльнее, но движение сохраняется; compile визуально не меняет, но в этом запуске сильно замедлил; group offload резко снижает измеренную VRAM, но переносит нагрузку в CPU/RAM"
text-precompute__ckpt-base__q-none__compile-1__offload-group__vae-tiling-0__fast-steps-0__lowres-1__temporal-sub-1,precompute,base,none,1,group,0,0,1,1,9110.5,9134.0,16.8,488.0,9110.5,23.5016,0.987046,0.014912,0.305311,движение слабое; выглядит почти статично,не брать: слишком статично для требования «не застыло»,"визуально совпадает с original при том же seed; выигрыш только после выгрузки T5; base даёт больше реального движения волос/лица; lowres 384→512: лицо мягче/мыльнее, но движение сохраняется; temporal subsample/interpolation сглаживает и делает ролик более статичным; compile визуально не меняет, но в этом запуске сильно замедлил; group offload резко снижает измеренную VRAM, но переносит нагрузку в CPU/RAM"
text-precompute__ckpt-base__q-none__compile-1__offload-group__vae-tiling-0__fast-steps-1__lowres-0__temporal-sub-0,precompute,base,none,1,group,0,1,0,0,9110.5,9134.0,17.6,528.0,9110.5,23.3125,0.845361,0.018718,0.305179,очень заметное движение; точно не застыло,визуально годится по движению; смотреть память,"визуально совпадает с original при том же seed; выигрыш только после выгрузки T5; base даёт больше реального движения волос/лица; compile визуально не меняет, но в этом запуске сильно замедлил; group offload резко снижает измеренную VRAM, но переносит нагрузку в CPU/RAM"
text-precompute__ckpt-base__q-none__compile-1__offload-group__vae-tiling-0__fast-steps-1__lowres-0__temporal-sub-1,precompute,base,none,1,group,0,1,0,1,9110.5,9134.0,16.8,820.0,9110.5,21.5407,0.973982,0.00338,0.303569,движение слабое; выглядит почти статично,не брать: слишком статично для требования «не застыло»,"визуально совпадает с original при том же seed; выигрыш только после выгрузки T5; base даёт больше реального движения волос/лица; temporal subsample/interpolation сглаживает и делает ролик более статичным; compile визуально не меняет, но в этом запуске сильно замедлил; group offload резко снижает измеренную VRAM, но переносит нагрузку в CPU/RAM"
text-precompute__ckpt-base__q-none__compile-1__offload-group__vae-tiling-0__fast-steps-1__lowres-1__temporal-sub-0,precompute,base,none,1,group,0,1,1,0,9110.5,9134.0,16.8,878.0,9110.5,21.6313,0.902177,0.038521,0.307781,движение заметное; не застыло,визуально годится по движению; смотреть память,"визуально совпадает с original при том же seed; выигрыш только после выгрузки T5; base даёт больше реального движения волос/лица; lowres 384→512: лицо мягче/мыльнее, но движение сохраняется; compile визуально не меняет, но в этом запуске сильно замедлил; group offload резко снижает измеренную VRAM, но переносит нагрузку в CPU/RAM"
text-precompute__ckpt-base__q-none__compile-1__offload-group__vae-tiling-0__fast-steps-1__lowres-1__temporal-sub-1,precompute,base,none,1,group,0,1,1,1,9110.5,9134.0,16.8,488.0,9110.5,20.8637,0.986244,0.015755,0.304709,движение слабое; выглядит почти статично,не брать: слишком статично для требования «не застыло»,"визуально совпадает с original при том же seed; выигрыш только после выгрузки T5; base даёт больше реального движения волос/лица; lowres 384→512: лицо мягче/мыльнее, но движение сохраняется; temporal subsample/interpolation сглаживает и делает ролик более статичным; compile визуально не меняет, но в этом запуске сильно замедлил; group offload резко снижает измеренную VRAM, но переносит нагрузку в CPU/RAM"
text-precompute__ckpt-base__q-none__compile-1__offload-group__vae-tiling-1__fast-steps-0__lowres-0__temporal-sub-0,precompute,base,none,1,group,1,0,0,0,9110.5,9134.0,17.6,528.0,9110.5,26.4263,0.825801,0.02375,0.302826,очень заметное движение; точно не застыло,визуально годится по движению; смотреть память,"визуально совпадает с original при том же seed; выигрыш только после выгрузки T5; base даёт больше реального движения волос/лица; compile визуально не меняет, но в этом запуске сильно замедлил; VAE tiling визуально и по памяти на 512 почти не изменил результат; group offload резко снижает измеренную VRAM, но переносит нагрузку в CPU/RAM"
text-precompute__ckpt-base__q-none__compile-1__offload-group__vae-tiling-1__fast-steps-0__lowres-0__temporal-sub-1,precompute,base,none,1,group,1,0,0,1,9110.5,9134.0,16.8,820.0,9110.5,25.8611,0.977497,0.002951,0.302346,движение слабое; выглядит почти статично,не брать: слишком статично для требования «не застыло»,"визуально совпадает с original при том же seed; выигрыш только после выгрузки T5; base даёт больше реального движения волос/лица; temporal subsample/interpolation сглаживает и делает ролик более статичным; compile визуально не меняет, но в этом запуске сильно замедлил; VAE tiling визуально и по памяти на 512 почти не изменил результат; group offload резко снижает измеренную VRAM, но переносит нагрузку в CPU/RAM"
text-precompute__ckpt-base__q-none__compile-1__offload-group__vae-tiling-1__fast-steps-0__lowres-1__temporal-sub-0,precompute,base,none,1,group,1,0,1,0,9110.5,9134.0,16.8,878.0,9110.5,25.675,0.90834,0.032383,0.3101,движение заметное; не застыло,визуально годится по движению; смотреть память,"визуально совпадает с original при том же seed; выигрыш только после выгрузки T5; base даёт больше реального движения волос/лица; lowres 384→512: лицо мягче/мыльнее, но движение сохраняется; compile визуально не меняет, но в этом запуске сильно замедлил; VAE tiling визуально и по памяти на 512 почти не изменил результат; group offload резко снижает измеренную VRAM, но переносит нагрузку в CPU/RAM"
text-precompute__ckpt-base__q-none__compile-1__offload-group__vae-tiling-1__fast-steps-0__lowres-1__temporal-sub-1,precompute,base,none,1,group,1,0,1,1,9110.5,9134.0,16.8,488.0,9110.5,23.459,0.987046,0.014912,0.305311,движение слабое; выглядит почти статично,не брать: слишком статично для требования «не застыло»,"визуально совпадает с original при том же seed; выигрыш только после выгрузки T5; base даёт больше реального движения волос/лица; lowres 384→512: лицо мягче/мыльнее, но движение сохраняется; temporal subsample/interpolation сглаживает и делает ролик более статичным; compile визуально не меняет, но в этом запуске сильно замедлил; VAE tiling визуально и по памяти на 512 почти не изменил результат; group offload резко снижает измеренную VRAM, но переносит нагрузку в CPU/RAM"
text-precompute__ckpt-base__q-none__compile-1__offload-group__vae-tiling-1__fast-steps-1__lowres-0__temporal-sub-0,precompute,base,none,1,group,1,1,0,0,9110.5,9134.0,17.6,528.0,9110.5,21.6396,0.845361,0.018718,0.305179,очень заметное движение; точно не застыло,визуально годится по движению; смотреть память,"визуально совпадает с original при том же seed; выигрыш только после выгрузки T5; base даёт больше реального движения волос/лица; compile визуально не меняет, но в этом запуске сильно замедлил; VAE tiling визуально и по памяти на 512 почти не изменил результат; group offload резко снижает измеренную VRAM, но переносит нагрузку в CPU/RAM"
text-precompute__ckpt-base__q-none__compile-1__offload-group__vae-tiling-1__fast-steps-1__lowres-0__temporal-sub-1,precompute,base,none,1,group,1,1,0,1,9110.5,9134.0,16.8,820.0,9110.5,24.2842,0.973982,0.00338,0.303569,движение слабое; выглядит почти статично,не брать: слишком статично для требования «не застыло»,"визуально совпадает с original при том же seed; выигрыш только после выгрузки T5; base даёт больше реального движения волос/лица; temporal subsample/interpolation сглаживает и делает ролик более статичным; compile визуально не меняет, но в этом запуске сильно замедлил; VAE tiling визуально и по памяти на 512 почти не изменил результат; group offload резко снижает измеренную VRAM, но переносит нагрузку в CPU/RAM"
text-precompute__ckpt-base__q-none__compile-1__offload-group__vae-tiling-1__fast-steps-1__lowres-1__temporal-sub-0,precompute,base,none,1,group,1,1,1,0,9110.5,9134.0,16.8,878.0,9110.5,22.4792,0.902177,0.038521,0.307781,движение заметное; не застыло,визуально годится по движению; смотреть память,"визуально совпадает с original при том же seed; выигрыш только после выгрузки T5; base даёт больше реального движения волос/лица; lowres 384→512: лицо мягче/мыльнее, но движение сохраняется; compile визуально не меняет, но в этом запуске сильно замедлил; VAE tiling визуально и по памяти на 512 почти не изменил результат; group offload резко снижает измеренную VRAM, но переносит нагрузку в CPU/RAM"
text-precompute__ckpt-base__q-none__compile-1__offload-group__vae-tiling-1__fast-steps-1__lowres-1__temporal-sub-1,precompute,base,none,1,group,1,1,1,1,9110.5,9134.0,16.8,488.0,9110.5,20.2746,0.986244,0.015755,0.304709,движение слабое; выглядит почти статично,не брать: слишком статично для требования «не застыло»,"визуально совпадает с original при том же seed; выигрыш только после выгрузки T5; base даёт больше реального движения волос/лица; lowres 384→512: лицо мягче/мыльнее, но движение сохраняется; temporal subsample/interpolation сглаживает и делает ролик более статичным; compile визуально не меняет, но в этом запуске сильно замедлил; VAE tiling визуально и по памяти на 512 почти не изменил результат; group offload резко снижает измеренную VRAM, но переносит нагрузку в CPU/RAM"
text-precompute__ckpt-base__q-fp8__compile-0__offload-none__vae-tiling-0__fast-steps-0__lowres-0__temporal-sub-0,precompute,base,fp8,0,none,0,0,0,0,11767.4,11792.0,2673.9,3054.0,11767.4,5.078,0.862181,0.016305,0.306835,очень заметное движение; точно не застыло,визуально годится по движению; смотреть память,визуально совпадает с original при том же seed; выигрыш только после выгрузки T5; base даёт больше реального движения волос/лица; FP8 не дал заметного визуального ухудшения относительно BF16
text-precompute__ckpt-base__q-fp8__compile-0__offload-none__vae-tiling-0__fast-steps-0__lowres-0__temporal-sub-1,precompute,base,fp8,0,none,0,0,0,1,11767.4,11792.0,2673.9,3470.0,11767.4,3.7711,0.978883,0.002782,0.301013,движение слабое; выглядит почти статично,не брать: слишком статично для требования «не застыло»,визуально совпадает с original при том же seed; выигрыш только после выгрузки T5; base даёт больше реального движения волос/лица; FP8 не дал заметного визуального ухудшения относительно BF16; temporal subsample/interpolation сглаживает и делает ролик более статичным
text-precompute__ckpt-base__q-fp8__compile-0__offload-none__vae-tiling-0__fast-steps-0__lowres-1__temporal-sub-0,precompute,base,fp8,0,none,0,0,1,0,11767.4,11792.0,2675.0,3582.0,11767.4,3.6279,0.909246,0.032018,0.307345,движение заметное; не застыло,визуально годится по движению; смотреть память,"визуально совпадает с original при том же seed; выигрыш только после выгрузки T5; base даёт больше реального движения волос/лица; FP8 не дал заметного визуального ухудшения относительно BF16; lowres 384→512: лицо мягче/мыльнее, но движение сохраняется"
text-precompute__ckpt-base__q-fp8__compile-0__offload-none__vae-tiling-0__fast-steps-0__lowres-1__temporal-sub-1,precompute,base,fp8,0,none,0,0,1,1,11767.4,11792.0,2676.7,3150.0,11767.4,2.8268,0.988047,0.014312,0.305164,движение слабое; выглядит почти статично,не брать: слишком статично для требования «не застыло»,"визуально совпадает с original при том же seed; выигрыш только после выгрузки T5; base даёт больше реального движения волос/лица; FP8 не дал заметного визуального ухудшения относительно BF16; lowres 384→512: лицо мягче/мыльнее, но движение сохраняется; temporal subsample/interpolation сглаживает и делает ролик более статичным"
text-precompute__ckpt-base__q-fp8__compile-0__offload-none__vae-tiling-0__fast-steps-1__lowres-0__temporal-sub-0,precompute,base,fp8,0,none,0,1,0,0,11767.4,11792.0,2673.9,3054.0,11767.4,2.9001,0.848621,0.017884,0.305275,очень заметное движение; точно не застыло,визуально годится по движению; смотреть память,визуально совпадает с original при том же seed; выигрыш только после выгрузки T5; base даёт больше реального движения волос/лица; FP8 не дал заметного визуального ухудшения относительно BF16
text-precompute__ckpt-base__q-fp8__compile-0__offload-none__vae-tiling-0__fast-steps-1__lowres-0__temporal-sub-1,precompute,base,fp8,0,none,0,1,0,1,11767.4,11792.0,2673.9,3468.0,11767.4,2.5992,0.974941,0.003286,0.303465,движение слабое; выглядит почти статично,не брать: слишком статично для требования «не застыло»,визуально совпадает с original при том же seed; выигрыш только после выгрузки T5; base даёт больше реального движения волос/лица; FP8 не дал заметного визуального ухудшения относительно BF16; temporal subsample/interpolation сглаживает и делает ролик более статичным
text-precompute__ckpt-base__q-fp8__compile-0__offload-none__vae-tiling-0__fast-steps-1__lowres-1__temporal-sub-0,precompute,base,fp8,0,none,0,1,1,0,11767.4,11792.0,2675.0,3580.0,11767.4,2.2432,0.901989,0.037914,0.307269,движение заметное; не застыло,"брать, если prompt_embeds можно кэшировать/считать вне телефона: низкая память диффузии","визуально совпадает с original при том же seed; выигрыш только после выгрузки T5; base даёт больше реального движения волос/лица; FP8 не дал заметного визуального ухудшения относительно BF16; lowres 384→512: лицо мягче/мыльнее, но движение сохраняется"
text-precompute__ckpt-base__q-fp8__compile-0__offload-none__vae-tiling-0__fast-steps-1__lowres-1__temporal-sub-1,precompute,base,fp8,0,none,0,1,1,1,11767.4,11792.0,2675.7,3216.0,11767.4,2.3882,0.986641,0.015513,0.304527,движение слабое; выглядит почти статично,не брать: слишком статично для требования «не застыло»,"визуально совпадает с original при том же seed; выигрыш только после выгрузки T5; base даёт больше реального движения волос/лица; FP8 не дал заметного визуального ухудшения относительно BF16; lowres 384→512: лицо мягче/мыльнее, но движение сохраняется; temporal subsample/interpolation сглаживает и делает ролик более статичным"
text-precompute__ckpt-base__q-fp8__compile-0__offload-none__vae-tiling-1__fast-steps-0__lowres-0__temporal-sub-0,precompute,base,fp8,0,none,1,0,0,0,11767.4,11792.0,2673.9,3054.0,11767.4,5.3663,0.862181,0.016305,0.306835,очень заметное движение; точно не застыло,визуально годится по движению; смотреть память,визуально совпадает с original при том же seed; выигрыш только после выгрузки T5; base даёт больше реального движения волос/лица; FP8 не дал заметного визуального ухудшения относительно BF16; VAE tiling визуально и по памяти на 512 почти не изменил результат
text-precompute__ckpt-base__q-fp8__compile-0__offload-none__vae-tiling-1__fast-steps-0__lowres-0__temporal-sub-1,precompute,base,fp8,0,none,1,0,0,1,11767.4,11792.0,2673.9,3470.0,11767.4,4.11,0.978883,0.002782,0.301013,движение слабое; выглядит почти статично,не брать: слишком статично для требования «не застыло»,визуально совпадает с original при том же seed; выигрыш только после выгрузки T5; base даёт больше реального движения волос/лица; FP8 не дал заметного визуального ухудшения относительно BF16; temporal subsample/interpolation сглаживает и делает ролик более статичным; VAE tiling визуально и по памяти на 512 почти не изменил результат
text-precompute__ckpt-base__q-fp8__compile-0__offload-none__vae-tiling-1__fast-steps-0__lowres-1__temporal-sub-0,precompute,base,fp8,0,none,1,0,1,0,11767.4,11792.0,2675.0,3582.0,11767.4,4.0282,0.909246,0.032018,0.307345,движение заметное; не застыло,визуально годится по движению; смотреть память,"визуально совпадает с original при том же seed; выигрыш только после выгрузки T5; base даёт больше реального движения волос/лица; FP8 не дал заметного визуального ухудшения относительно BF16; lowres 384→512: лицо мягче/мыльнее, но движение сохраняется; VAE tiling визуально и по памяти на 512 почти не изменил результат"
text-precompute__ckpt-base__q-fp8__compile-0__offload-none__vae-tiling-1__fast-steps-0__lowres-1__temporal-sub-1,precompute,base,fp8,0,none,1,0,1,1,11767.4,11792.0,2676.7,3150.0,11767.4,2.733,0.988047,0.014312,0.305164,движение слабое; выглядит почти статично,не брать: слишком статично для требования «не застыло»,"визуально совпадает с original при том же seed; выигрыш только после выгрузки T5; base даёт больше реального движения волос/лица; FP8 не дал заметного визуального ухудшения относительно BF16; lowres 384→512: лицо мягче/мыльнее, но движение сохраняется; temporal subsample/interpolation сглаживает и делает ролик более статичным; VAE tiling визуально и по памяти на 512 почти не изменил результат"
text-precompute__ckpt-base__q-fp8__compile-0__offload-none__vae-tiling-1__fast-steps-1__lowres-0__temporal-sub-0,precompute,base,fp8,0,none,1,1,0,0,11767.4,11792.0,2673.9,3054.0,11767.4,3.3969,0.848621,0.017884,0.305275,очень заметное движение; точно не застыло,визуально годится по движению; смотреть память,визуально совпадает с original при том же seed; выигрыш только после выгрузки T5; base даёт больше реального движения волос/лица; FP8 не дал заметного визуального ухудшения относительно BF16; VAE tiling визуально и по памяти на 512 почти не изменил результат
text-precompute__ckpt-base__q-fp8__compile-0__offload-none__vae-tiling-1__fast-steps-1__lowres-0__temporal-sub-1,precompute,base,fp8,0,none,1,1,0,1,11767.4,11792.0,2673.9,3468.0,11767.4,1.9851,0.974941,0.003286,0.303465,движение слабое; выглядит почти статично,не брать: слишком статично для требования «не застыло»,визуально совпадает с original при том же seed; выигрыш только после выгрузки T5; base даёт больше реального движения волос/лица; FP8 не дал заметного визуального ухудшения относительно BF16; temporal subsample/interpolation сглаживает и делает ролик более статичным; VAE tiling визуально и по памяти на 512 почти не изменил результат
text-precompute__ckpt-base__q-fp8__compile-0__offload-none__vae-tiling-1__fast-steps-1__lowres-1__temporal-sub-0,precompute,base,fp8,0,none,1,1,1,0,11767.4,11792.0,2675.0,3580.0,11767.4,2.237,0.901989,0.037914,0.307269,движение заметное; не застыло,"брать, если prompt_embeds можно кэшировать/считать вне телефона: низкая память диффузии","визуально совпадает с original при том же seed; выигрыш только после выгрузки T5; base даёт больше реального движения волос/лица; FP8 не дал заметного визуального ухудшения относительно BF16; lowres 384→512: лицо мягче/мыльнее, но движение сохраняется; VAE tiling визуально и по памяти на 512 почти не изменил результат"
text-precompute__ckpt-base__q-fp8__compile-0__offload-none__vae-tiling-1__fast-steps-1__lowres-1__temporal-sub-1,precompute,base,fp8,0,none,1,1,1,1,11767.4,11792.0,2675.7,3216.0,11767.4,2.3831,0.986641,0.015513,0.304527,движение слабое; выглядит почти статично,не брать: слишком статично для требования «не застыло»,"визуально совпадает с original при том же seed; выигрыш только после выгрузки T5; base даёт больше реального движения волос/лица; FP8 не дал заметного визуального ухудшения относительно BF16; lowres 384→512: лицо мягче/мыльнее, но движение сохраняется; temporal subsample/interpolation сглаживает и делает ролик более статичным; VAE tiling визуально и по памяти на 512 почти не изменил результат"
text-precompute__ckpt-base__q-fp8__compile-0__offload-group__vae-tiling-0__fast-steps-0__lowres-0__temporal-sub-0,precompute,base,fp8,0,group,0,0,0,0,9110.5,9134.0,17.1,408.0,9110.5,14.6374,0.862181,0.016305,0.306835,очень заметное движение; точно не застыло,визуально годится по движению; смотреть память,"визуально совпадает с original при том же seed; выигрыш только после выгрузки T5; base даёт больше реального движения волос/лица; FP8 не дал заметного визуального ухудшения относительно BF16; group offload резко снижает измеренную VRAM, но переносит нагрузку в CPU/RAM"
text-precompute__ckpt-base__q-fp8__compile-0__offload-group__vae-tiling-0__fast-steps-0__lowres-0__temporal-sub-1,precompute,base,fp8,0,group,0,0,0,1,9110.5,9134.0,16.8,730.0,9110.5,12.9656,0.978883,0.002782,0.301013,движение слабое; выглядит почти статично,не брать: слишком статично для требования «не застыло»,"визуально совпадает с original при том же seed; выигрыш только после выгрузки T5; base даёт больше реального движения волос/лица; FP8 не дал заметного визуального ухудшения относительно BF16; temporal subsample/interpolation сглаживает и делает ролик более статичным; group offload резко снижает измеренную VRAM, но переносит нагрузку в CPU/RAM"
text-precompute__ckpt-base__q-fp8__compile-0__offload-group__vae-tiling-0__fast-steps-0__lowres-1__temporal-sub-0,precompute,base,fp8,0,group,0,0,1,0,9110.5,9134.0,16.8,788.0,9110.5,13.9294,0.909246,0.032018,0.307345,движение заметное; не застыло,визуально годится по движению; смотреть память,"визуально совпадает с original при том же seed; выигрыш только после выгрузки T5; base даёт больше реального движения волос/лица; FP8 не дал заметного визуального ухудшения относительно BF16; lowres 384→512: лицо мягче/мыльнее, но движение сохраняется; group offload резко снижает измеренную VRAM, но переносит нагрузку в CPU/RAM"
text-precompute__ckpt-base__q-fp8__compile-0__offload-group__vae-tiling-0__fast-steps-0__lowres-1__temporal-sub-1,precompute,base,fp8,0,group,0,0,1,1,9110.5,9134.0,16.8,424.0,9110.5,12.7745,0.988047,0.014312,0.305164,движение слабое; выглядит почти статично,не брать: слишком статично для требования «не застыло»,"визуально совпадает с original при том же seed; выигрыш только после выгрузки T5; base даёт больше реального движения волос/лица; FP8 не дал заметного визуального ухудшения относительно BF16; lowres 384→512: лицо мягче/мыльнее, но движение сохраняется; temporal subsample/interpolation сглаживает и делает ролик более статичным; group offload резко снижает измеренную VRAM, но переносит нагрузку в CPU/RAM"
text-precompute__ckpt-base__q-fp8__compile-0__offload-group__vae-tiling-0__fast-steps-1__lowres-0__temporal-sub-0,precompute,base,fp8,0,group,0,1,0,0,9110.5,9134.0,17.1,408.0,9110.5,10.8883,0.848621,0.017884,0.305275,очень заметное движение; точно не застыло,визуально годится по движению; смотреть память,"визуально совпадает с original при том же seed; выигрыш только после выгрузки T5; base даёт больше реального движения волос/лица; FP8 не дал заметного визуального ухудшения относительно BF16; group offload резко снижает измеренную VRAM, но переносит нагрузку в CPU/RAM"
text-precompute__ckpt-base__q-fp8__compile-0__offload-group__vae-tiling-0__fast-steps-1__lowres-0__temporal-sub-1,precompute,base,fp8,0,group,0,1,0,1,9110.5,9134.0,16.8,730.0,9110.5,11.0089,0.974941,0.003286,0.303465,движение слабое; выглядит почти статично,не брать: слишком статично для требования «не застыло»,"визуально совпадает с original при том же seed; выигрыш только после выгрузки T5; base даёт больше реального движения волос/лица; FP8 не дал заметного визуального ухудшения относительно BF16; temporal subsample/interpolation сглаживает и делает ролик более статичным; group offload резко снижает измеренную VRAM, но переносит нагрузку в CPU/RAM"
text-precompute__ckpt-base__q-fp8__compile-0__offload-group__vae-tiling-0__fast-steps-1__lowres-1__temporal-sub-0,precompute,base,fp8,0,group,0,1,1,0,9110.5,9134.0,16.8,788.0,9110.5,11.1501,0.901989,0.037914,0.307269,движение заметное; не застыло,"брать, если prompt_embeds можно кэшировать/считать вне телефона: низкая память диффузии","визуально совпадает с original при том же seed; выигрыш только после выгрузки T5; base даёт больше реального движения волос/лица; FP8 не дал заметного визуального ухудшения относительно BF16; lowres 384→512: лицо мягче/мыльнее, но движение сохраняется; group offload резко снижает измеренную VRAM, но переносит нагрузку в CPU/RAM"
text-precompute__ckpt-base__q-fp8__compile-0__offload-group__vae-tiling-0__fast-steps-1__lowres-1__temporal-sub-1,precompute,base,fp8,0,group,0,1,1,1,9110.5,9134.0,16.8,424.0,9110.5,10.3397,0.986641,0.015513,0.304527,движение слабое; выглядит почти статично,не брать: слишком статично для требования «не застыло»,"визуально совпадает с original при том же seed; выигрыш только после выгрузки T5; base даёт больше реального движения волос/лица; FP8 не дал заметного визуального ухудшения относительно BF16; lowres 384→512: лицо мягче/мыльнее, но движение сохраняется; temporal subsample/interpolation сглаживает и делает ролик более статичным; group offload резко снижает измеренную VRAM, но переносит нагрузку в CPU/RAM"
text-precompute__ckpt-base__q-fp8__compile-0__offload-group__vae-tiling-1__fast-steps-0__lowres-0__temporal-sub-0,precompute,base,fp8,0,group,1,0,0,0,9110.5,9134.0,17.1,408.0,9110.5,15.2858,0.862181,0.016305,0.306835,очень заметное движение; точно не застыло,визуально годится по движению; смотреть память,"визуально совпадает с original при том же seed; выигрыш только после выгрузки T5; base даёт больше реального движения волос/лица; FP8 не дал заметного визуального ухудшения относительно BF16; VAE tiling визуально и по памяти на 512 почти не изменил результат; group offload резко снижает измеренную VRAM, но переносит нагрузку в CPU/RAM"
text-precompute__ckpt-base__q-fp8__compile-0__offload-group__vae-tiling-1__fast-steps-0__lowres-0__temporal-sub-1,precompute,base,fp8,0,group,1,0,0,1,9110.5,9134.0,16.8,730.0,9110.5,13.2788,0.978883,0.002782,0.301013,движение слабое; выглядит почти статично,не брать: слишком статично для требования «не застыло»,"визуально совпадает с original при том же seed; выигрыш только после выгрузки T5; base даёт больше реального движения волос/лица; FP8 не дал заметного визуального ухудшения относительно BF16; temporal subsample/interpolation сглаживает и делает ролик более статичным; VAE tiling визуально и по памяти на 512 почти не изменил результат; group offload резко снижает измеренную VRAM, но переносит нагрузку в CPU/RAM"
text-precompute__ckpt-base__q-fp8__compile-0__offload-group__vae-tiling-1__fast-steps-0__lowres-1__temporal-sub-0,precompute,base,fp8,0,group,1,0,1,0,9110.5,9134.0,16.8,788.0,9110.5,13.3635,0.909246,0.032018,0.307345,движение заметное; не застыло,визуально годится по движению; смотреть память,"визуально совпадает с original при том же seed; выигрыш только после выгрузки T5; base даёт больше реального движения волос/лица; FP8 не дал заметного визуального ухудшения относительно BF16; lowres 384→512: лицо мягче/мыльнее, но движение сохраняется; VAE tiling визуально и по памяти на 512 почти не изменил результат; group offload резко снижает измеренную VRAM, но переносит нагрузку в CPU/RAM"
text-precompute__ckpt-base__q-fp8__compile-0__offload-group__vae-tiling-1__fast-steps-0__lowres-1__temporal-sub-1,precompute,base,fp8,0,group,1,0,1,1,9110.5,9134.0,16.8,424.0,9110.5,14.6772,0.988047,0.014312,0.305164,движение слабое; выглядит почти статично,не брать: слишком статично для требования «не застыло»,"визуально совпадает с original при том же seed; выигрыш только после выгрузки T5; base даёт больше реального движения волос/лица; FP8 не дал заметного визуального ухудшения относительно BF16; lowres 384→512: лицо мягче/мыльнее, но движение сохраняется; temporal subsample/interpolation сглаживает и делает ролик более статичным; VAE tiling визуально и по памяти на 512 почти не изменил результат; group offload резко снижает измеренную VRAM, но переносит нагрузку в CPU/RAM"
text-precompute__ckpt-base__q-fp8__compile-0__offload-group__vae-tiling-1__fast-steps-1__lowres-0__temporal-sub-0,precompute,base,fp8,0,group,1,1,0,0,9110.5,9134.0,17.1,408.0,9110.5,10.8095,0.848621,0.017884,0.305275,очень заметное движение; точно не застыло,визуально годится по движению; смотреть память,"визуально совпадает с original при том же seed; выигрыш только после выгрузки T5; base даёт больше реального движения волос/лица; FP8 не дал заметного визуального ухудшения относительно BF16; VAE tiling визуально и по памяти на 512 почти не изменил результат; group offload резко снижает измеренную VRAM, но переносит нагрузку в CPU/RAM"
text-precompute__ckpt-base__q-fp8__compile-0__offload-group__vae-tiling-1__fast-steps-1__lowres-0__temporal-sub-1,precompute,base,fp8,0,group,1,1,0,1,9110.5,9134.0,16.8,730.0,9110.5,10.2758,0.974941,0.003286,0.303465,движение слабое; выглядит почти статично,не брать: слишком статично для требования «не застыло»,"визуально совпадает с original при том же seed; выигрыш только после выгрузки T5; base даёт больше реального движения волос/лица; FP8 не дал заметного визуального ухудшения относительно BF16; temporal subsample/interpolation сглаживает и делает ролик более статичным; VAE tiling визуально и по памяти на 512 почти не изменил результат; group offload резко снижает измеренную VRAM, но переносит нагрузку в CPU/RAM"
text-precompute__ckpt-base__q-fp8__compile-0__offload-group__vae-tiling-1__fast-steps-1__lowres-1__temporal-sub-0,precompute,base,fp8,0,group,1,1,1,0,9110.5,9134.0,16.8,788.0,9110.5,11.6026,0.901989,0.037914,0.307269,движение заметное; не застыло,"брать, если prompt_embeds можно кэшировать/считать вне телефона: низкая память диффузии","визуально совпадает с original при том же seed; выигрыш только после выгрузки T5; base даёт больше реального движения волос/лица; FP8 не дал заметного визуального ухудшения относительно BF16; lowres 384→512: лицо мягче/мыльнее, но движение сохраняется; VAE tiling визуально и по памяти на 512 почти не изменил результат; group offload резко снижает измеренную VRAM, но переносит нагрузку в CPU/RAM"
text-precompute__ckpt-base__q-fp8__compile-0__offload-group__vae-tiling-1__fast-steps-1__lowres-1__temporal-sub-1,precompute,base,fp8,0,group,1,1,1,1,9110.5,9134.0,16.8,424.0,9110.5,10.1462,0.986641,0.015513,0.304527,движение слабое; выглядит почти статично,не брать: слишком статично для требования «не застыло»,"визуально совпадает с original при том же seed; выигрыш только после выгрузки T5; base даёт больше реального движения волос/лица; FP8 не дал заметного визуального ухудшения относительно BF16; lowres 384→512: лицо мягче/мыльнее, но движение сохраняется; temporal subsample/interpolation сглаживает и делает ролик более статичным; VAE tiling визуально и по памяти на 512 почти не изменил результат; group offload резко снижает измеренную VRAM, но переносит нагрузку в CPU/RAM"
text-precompute__ckpt-base__q-fp8__compile-1__offload-none__vae-tiling-0__fast-steps-0__lowres-0__temporal-sub-0,precompute,base,fp8,1,none,0,0,0,0,11767.4,11792.0,2675.2,4372.0,11767.4,47.2946,0.862673,0.016483,0.306291,очень заметное движение; точно не застыло,визуально годится по движению; смотреть память,"визуально совпадает с original при том же seed; выигрыш только после выгрузки T5; base даёт больше реального движения волос/лица; FP8 не дал заметного визуального ухудшения относительно BF16; compile визуально не меняет, но в этом запуске сильно замедлил"
text-precompute__ckpt-base__q-fp8__compile-1__offload-none__vae-tiling-0__fast-steps-0__lowres-0__temporal-sub-1,precompute,base,fp8,1,none,0,0,0,1,11767.4,11792.0,2674.5,3598.0,11767.4,47.4759,0.978828,0.002802,0.301411,движение слабое; выглядит почти статично,не брать: слишком статично для требования «не застыло»,"визуально совпадает с original при том же seed; выигрыш только после выгрузки T5; base даёт больше реального движения волос/лица; FP8 не дал заметного визуального ухудшения относительно BF16; temporal subsample/interpolation сглаживает и делает ролик более статичным; compile визуально не меняет, но в этом запуске сильно замедлил"
text-precompute__ckpt-base__q-fp8__compile-1__offload-none__vae-tiling-0__fast-steps-0__lowres-1__temporal-sub-0,precompute,base,fp8,1,none,0,0,1,0,11767.4,11792.0,2674.5,3642.0,11767.4,42.9671,0.912412,0.032248,0.306196,движение заметное; не застыло,визуально годится по движению; смотреть память,"визуально совпадает с original при том же seed; выигрыш только после выгрузки T5; base даёт больше реального движения волос/лица; FP8 не дал заметного визуального ухудшения относительно BF16; lowres 384→512: лицо мягче/мыльнее, но движение сохраняется; compile визуально не меняет, но в этом запуске сильно замедлил"
text-precompute__ckpt-base__q-fp8__compile-1__offload-none__vae-tiling-0__fast-steps-0__lowres-1__temporal-sub-1,precompute,base,fp8,1,none,0,0,1,1,11767.4,11792.0,2674.2,3238.0,11767.4,46.5341,0.98809,0.014214,0.305679,движение слабое; выглядит почти статично,не брать: слишком статично для требования «не застыло»,"визуально совпадает с original при том же seed; выигрыш только после выгрузки T5; base даёт больше реального движения волос/лица; FP8 не дал заметного визуального ухудшения относительно BF16; lowres 384→512: лицо мягче/мыльнее, но движение сохраняется; temporal subsample/interpolation сглаживает и делает ролик более статичным; compile визуально не меняет, но в этом запуске сильно замедлил"
text-precompute__ckpt-base__q-fp8__compile-1__offload-none__vae-tiling-0__fast-steps-1__lowres-0__temporal-sub-0,precompute,base,fp8,1,none,0,1,0,0,11767.4,11792.0,2675.2,4374.0,11767.4,18.8679,0.848421,0.017877,0.305027,очень заметное движение; точно не застыло,визуально годится по движению; смотреть память,"визуально совпадает с original при том же seed; выигрыш только после выгрузки T5; base даёт больше реального движения волос/лица; FP8 не дал заметного визуального ухудшения относительно BF16; compile визуально не меняет, но в этом запуске сильно замедлил"
text-precompute__ckpt-base__q-fp8__compile-1__offload-none__vae-tiling-0__fast-steps-1__lowres-0__temporal-sub-1,precompute,base,fp8,1,none,0,1,0,1,11767.4,11792.0,2674.5,3582.0,11767.4,16.4536,0.974964,0.003283,0.303393,движение слабое; выглядит почти статично,не брать: слишком статично для требования «не застыло»,"визуально совпадает с original при том же seed; выигрыш только после выгрузки T5; base даёт больше реального движения волос/лица; FP8 не дал заметного визуального ухудшения относительно BF16; temporal subsample/interpolation сглаживает и делает ролик более статичным; compile визуально не меняет, но в этом запуске сильно замедлил"
text-precompute__ckpt-base__q-fp8__compile-1__offload-none__vae-tiling-0__fast-steps-1__lowres-1__temporal-sub-0,precompute,base,fp8,1,none,0,1,1,0,11767.4,11792.0,2674.5,3658.0,11767.4,18.1433,0.901901,0.037924,0.307491,движение заметное; не застыло,"брать, если prompt_embeds можно кэшировать/считать вне телефона: низкая память диффузии","визуально совпадает с original при том же seed; выигрыш только после выгрузки T5; base даёт больше реального движения волос/лица; FP8 не дал заметного визуального ухудшения относительно BF16; lowres 384→512: лицо мягче/мыльнее, но движение сохраняется; compile визуально не меняет, но в этом запуске сильно замедлил"
text-precompute__ckpt-base__q-fp8__compile-1__offload-none__vae-tiling-0__fast-steps-1__lowres-1__temporal-sub-1,precompute,base,fp8,1,none,0,1,1,1,11767.4,11792.0,2674.2,3238.0,11767.4,18.0171,0.986615,0.015487,0.304676,движение слабое; выглядит почти статично,не брать: слишком статично для требования «не застыло»,"визуально совпадает с original при том же seed; выигрыш только после выгрузки T5; base даёт больше реального движения волос/лица; FP8 не дал заметного визуального ухудшения относительно BF16; lowres 384→512: лицо мягче/мыльнее, но движение сохраняется; temporal subsample/interpolation сглаживает и делает ролик более статичным; compile визуально не меняет, но в этом запуске сильно замедлил"
text-precompute__ckpt-base__q-fp8__compile-1__offload-none__vae-tiling-1__fast-steps-0__lowres-0__temporal-sub-0,precompute,base,fp8,1,none,1,0,0,0,11767.4,11792.0,2675.2,4372.0,11767.4,45.7079,0.862673,0.016483,0.306291,очень заметное движение; точно не застыло,визуально годится по движению; смотреть память,"визуально совпадает с original при том же seed; выигрыш только после выгрузки T5; base даёт больше реального движения волос/лица; FP8 не дал заметного визуального ухудшения относительно BF16; compile визуально не меняет, но в этом запуске сильно замедлил; VAE tiling визуально и по памяти на 512 почти не изменил результат"
text-precompute__ckpt-base__q-fp8__compile-1__offload-none__vae-tiling-1__fast-steps-0__lowres-0__temporal-sub-1,precompute,base,fp8,1,none,1,0,0,1,11767.4,11792.0,2674.5,3598.0,11767.4,46.2324,0.978828,0.002802,0.301411,движение слабое; выглядит почти статично,не брать: слишком статично для требования «не застыло»,"визуально совпадает с original при том же seed; выигрыш только после выгрузки T5; base даёт больше реального движения волос/лица; FP8 не дал заметного визуального ухудшения относительно BF16; temporal subsample/interpolation сглаживает и делает ролик более статичным; compile визуально не меняет, но в этом запуске сильно замедлил; VAE tiling визуально и по памяти на 512 почти не изменил результат"
text-precompute__ckpt-base__q-fp8__compile-1__offload-none__vae-tiling-1__fast-steps-0__lowres-1__temporal-sub-0,precompute,base,fp8,1,none,1,0,1,0,11767.4,11792.0,2674.5,3642.0,11767.4,47.9201,0.91277,0.032532,0.306758,движение заметное; не застыло,визуально годится по движению; смотреть память,"визуально совпадает с original при том же seed; выигрыш только после выгрузки T5; base даёт больше реального движения волос/лица; FP8 не дал заметного визуального ухудшения относительно BF16; lowres 384→512: лицо мягче/мыльнее, но движение сохраняется; compile визуально не меняет, но в этом запуске сильно замедлил; VAE tiling визуально и по памяти на 512 почти не изменил результат"
text-precompute__ckpt-base__q-fp8__compile-1__offload-none__vae-tiling-1__fast-steps-0__lowres-1__temporal-sub-1,precompute,base,fp8,1,none,1,0,1,1,11767.4,11792.0,2674.2,3238.0,11767.4,47.3743,0.98809,0.014214,0.305679,движение слабое; выглядит почти статично,не брать: слишком статично для требования «не застыло»,"визуально совпадает с original при том же seed; выигрыш только после выгрузки T5; base даёт больше реального движения волос/лица; FP8 не дал заметного визуального ухудшения относительно BF16; lowres 384→512: лицо мягче/мыльнее, но движение сохраняется; temporal subsample/interpolation сглаживает и делает ролик более статичным; compile визуально не меняет, но в этом запуске сильно замедлил; VAE tiling визуально и по памяти на 512 почти не изменил результат"
text-precompute__ckpt-base__q-fp8__compile-1__offload-none__vae-tiling-1__fast-steps-1__lowres-0__temporal-sub-0,precompute,base,fp8,1,none,1,1,0,0,11767.4,11792.0,2675.2,4374.0,11767.4,17.4921,0.848449,0.017848,0.305078,очень заметное движение; точно не застыло,визуально годится по движению; смотреть память,"визуально совпадает с original при том же seed; выигрыш только после выгрузки T5; base даёт больше реального движения волос/лица; FP8 не дал заметного визуального ухудшения относительно BF16; compile визуально не меняет, но в этом запуске сильно замедлил; VAE tiling визуально и по памяти на 512 почти не изменил результат"
text-precompute__ckpt-base__q-fp8__compile-1__offload-none__vae-tiling-1__fast-steps-1__lowres-0__temporal-sub-1,precompute,base,fp8,1,none,1,1,0,1,11767.4,11792.0,2674.5,3582.0,11767.4,18.9016,0.975019,0.003276,0.303609,движение слабое; выглядит почти статично,не брать: слишком статично для требования «не застыло»,"визуально совпадает с original при том же seed; выигрыш только после выгрузки T5; base даёт больше реального движения волос/лица; FP8 не дал заметного визуального ухудшения относительно BF16; temporal subsample/interpolation сглаживает и делает ролик более статичным; compile визуально не меняет, но в этом запуске сильно замедлил; VAE tiling визуально и по памяти на 512 почти не изменил результат"
text-precompute__ckpt-base__q-fp8__compile-1__offload-none__vae-tiling-1__fast-steps-1__lowres-1__temporal-sub-0,precompute,base,fp8,1,none,1,1,1,0,11767.4,11792.0,2674.5,3658.0,11767.4,17.6127,0.901875,0.037986,0.307669,движение заметное; не застыло,"брать, если prompt_embeds можно кэшировать/считать вне телефона: низкая память диффузии","визуально совпадает с original при том же seed; выигрыш только после выгрузки T5; base даёт больше реального движения волос/лица; FP8 не дал заметного визуального ухудшения относительно BF16; lowres 384→512: лицо мягче/мыльнее, но движение сохраняется; compile визуально не меняет, но в этом запуске сильно замедлил; VAE tiling визуально и по памяти на 512 почти не изменил результат"
text-precompute__ckpt-base__q-fp8__compile-1__offload-none__vae-tiling-1__fast-steps-1__lowres-1__temporal-sub-1,precompute,base,fp8,1,none,1,1,1,1,11767.4,11792.0,2674.2,3238.0,11767.4,15.9743,0.986615,0.015487,0.304676,движение слабое; выглядит почти статично,не брать: слишком статично для требования «не застыло»,"визуально совпадает с original при том же seed; выигрыш только после выгрузки T5; base даёт больше реального движения волос/лица; FP8 не дал заметного визуального ухудшения относительно BF16; lowres 384→512: лицо мягче/мыльнее, но движение сохраняется; temporal subsample/interpolation сглаживает и делает ролик более статичным; compile визуально не меняет, но в этом запуске сильно замедлил; VAE tiling визуально и по памяти на 512 почти не изменил результат"
text-precompute__ckpt-base__q-fp8__compile-1__offload-group__vae-tiling-0__fast-steps-0__lowres-0__temporal-sub-0,precompute,base,fp8,1,group,0,0,0,0,9110.5,9134.0,17.6,528.0,9110.5,26.1917,0.861924,0.016262,0.306051,очень заметное движение; точно не застыло,визуально годится по движению; смотреть память,"визуально совпадает с original при том же seed; выигрыш только после выгрузки T5; base даёт больше реального движения волос/лица; FP8 не дал заметного визуального ухудшения относительно BF16; compile визуально не меняет, но в этом запуске сильно замедлил; group offload резко снижает измеренную VRAM, но переносит нагрузку в CPU/RAM"
text-precompute__ckpt-base__q-fp8__compile-1__offload-group__vae-tiling-0__fast-steps-0__lowres-0__temporal-sub-1,precompute,base,fp8,1,group,0,0,0,1,9110.5,9134.0,16.8,820.0,9110.5,24.8598,0.97886,0.002784,0.301642,движение слабое; выглядит почти статично,не брать: слишком статично для требования «не застыло»,"визуально совпадает с original при том же seed; выигрыш только после выгрузки T5; base даёт больше реального движения волос/лица; FP8 не дал заметного визуального ухудшения относительно BF16; temporal subsample/interpolation сглаживает и делает ролик более статичным; compile визуально не меняет, но в этом запуске сильно замедлил; group offload резко снижает измеренную VRAM, но переносит нагрузку в CPU/RAM"
text-precompute__ckpt-base__q-fp8__compile-1__offload-group__vae-tiling-0__fast-steps-0__lowres-1__temporal-sub-0,precompute,base,fp8,1,group,0,0,1,0,9110.5,9134.0,16.8,878.0,9110.5,23.3479,0.909062,0.031787,0.307352,движение заметное; не застыло,визуально годится по движению; смотреть память,"визуально совпадает с original при том же seed; выигрыш только после выгрузки T5; base даёт больше реального движения волос/лица; FP8 не дал заметного визуального ухудшения относительно BF16; lowres 384→512: лицо мягче/мыльнее, но движение сохраняется; compile визуально не меняет, но в этом запуске сильно замедлил; group offload резко снижает измеренную VRAM, но переносит нагрузку в CPU/RAM"
text-precompute__ckpt-base__q-fp8__compile-1__offload-group__vae-tiling-0__fast-steps-0__lowres-1__temporal-sub-1,precompute,base,fp8,1,group,0,0,1,1,9110.5,9134.0,16.8,490.0,9110.5,24.0651,0.988075,0.014268,0.305217,движение слабое; выглядит почти статично,не брать: слишком статично для требования «не застыло»,"визуально совпадает с original при том же seed; выигрыш только после выгрузки T5; base даёт больше реального движения волос/лица; FP8 не дал заметного визуального ухудшения относительно BF16; lowres 384→512: лицо мягче/мыльнее, но движение сохраняется; temporal subsample/interpolation сглаживает и делает ролик более статичным; compile визуально не меняет, но в этом запуске сильно замедлил; group offload резко снижает измеренную VRAM, но переносит нагрузку в CPU/RAM"
text-precompute__ckpt-base__q-fp8__compile-1__offload-group__vae-tiling-0__fast-steps-1__lowres-0__temporal-sub-0,precompute,base,fp8,1,group,0,1,0,0,9110.5,9134.0,17.6,528.0,9110.5,22.064,0.848418,0.017867,0.305376,очень заметное движение; точно не застыло,визуально годится по движению; смотреть память,"визуально совпадает с original при том же seed; выигрыш только после выгрузки T5; base даёт больше реального движения волос/лица; FP8 не дал заметного визуального ухудшения относительно BF16; compile визуально не меняет, но в этом запуске сильно замедлил; group offload резко снижает измеренную VRAM, но переносит нагрузку в CPU/RAM"
text-precompute__ckpt-base__q-fp8__compile-1__offload-group__vae-tiling-0__fast-steps-1__lowres-0__temporal-sub-1,precompute,base,fp8,1,group,0,1,0,1,9110.5,9134.0,16.8,818.0,9110.5,19.7389,0.974975,0.003269,0.303438,движение слабое; выглядит почти статично,не брать: слишком статично для требования «не застыло»,"визуально совпадает с original при том же seed; выигрыш только после выгрузки T5; base даёт больше реального движения волос/лица; FP8 не дал заметного визуального ухудшения относительно BF16; temporal subsample/interpolation сглаживает и делает ролик более статичным; compile визуально не меняет, но в этом запуске сильно замедлил; group offload резко снижает измеренную VRAM, но переносит нагрузку в CPU/RAM"
text-precompute__ckpt-base__q-fp8__compile-1__offload-group__vae-tiling-0__fast-steps-1__lowres-1__temporal-sub-0,precompute,base,fp8,1,group,0,1,1,0,9110.5,9134.0,16.8,878.0,9110.5,21.7272,0.902146,0.038003,0.307141,движение заметное; не застыло,"брать, если prompt_embeds можно кэшировать/считать вне телефона: низкая память диффузии","визуально совпадает с original при том же seed; выигрыш только после выгрузки T5; base даёт больше реального движения волос/лица; FP8 не дал заметного визуального ухудшения относительно BF16; lowres 384→512: лицо мягче/мыльнее, но движение сохраняется; compile визуально не меняет, но в этом запуске сильно замедлил; group offload резко снижает измеренную VRAM, но переносит нагрузку в CPU/RAM"
text-precompute__ckpt-base__q-fp8__compile-1__offload-group__vae-tiling-0__fast-steps-1__lowres-1__temporal-sub-1,precompute,base,fp8,1,group,0,1,1,1,9110.5,9134.0,16.8,488.0,9110.5,19.1856,0.986617,0.015512,0.305102,движение слабое; выглядит почти статично,не брать: слишком статично для требования «не застыло»,"визуально совпадает с original при том же seed; выигрыш только после выгрузки T5; base даёт больше реального движения волос/лица; FP8 не дал заметного визуального ухудшения относительно BF16; lowres 384→512: лицо мягче/мыльнее, но движение сохраняется; temporal subsample/interpolation сглаживает и делает ролик более статичным; compile визуально не меняет, но в этом запуске сильно замедлил; group offload резко снижает измеренную VRAM, но переносит нагрузку в CPU/RAM"
text-precompute__ckpt-base__q-fp8__compile-1__offload-group__vae-tiling-1__fast-steps-0__lowres-0__temporal-sub-0,precompute,base,fp8,1,group,1,0,0,0,9110.5,9134.0,17.6,528.0,9110.5,26.1204,0.861924,0.016262,0.306051,очень заметное движение; точно не застыло,визуально годится по движению; смотреть память,"визуально совпадает с original при том же seed; выигрыш только после выгрузки T5; base даёт больше реального движения волос/лица; FP8 не дал заметного визуального ухудшения относительно BF16; compile визуально не меняет, но в этом запуске сильно замедлил; VAE tiling визуально и по памяти на 512 почти не изменил результат; group offload резко снижает измеренную VRAM, но переносит нагрузку в CPU/RAM"
text-precompute__ckpt-base__q-fp8__compile-1__offload-group__vae-tiling-1__fast-steps-0__lowres-0__temporal-sub-1,precompute,base,fp8,1,group,1,0,0,1,9110.5,9134.0,16.8,820.0,9110.5,24.6003,0.97886,0.002784,0.301642,движение слабое; выглядит почти статично,не брать: слишком статично для требования «не застыло»,"визуально совпадает с original при том же seed; выигрыш только после выгрузки T5; base даёт больше реального движения волос/лица; FP8 не дал заметного визуального ухудшения относительно BF16; temporal subsample/interpolation сглаживает и делает ролик более статичным; compile визуально не меняет, но в этом запуске сильно замедлил; VAE tiling визуально и по памяти на 512 почти не изменил результат; group offload резко снижает измеренную VRAM, но переносит нагрузку в CPU/RAM"
text-precompute__ckpt-base__q-fp8__compile-1__offload-group__vae-tiling-1__fast-steps-0__lowres-1__temporal-sub-0,precompute,base,fp8,1,group,1,0,1,0,9110.5,9134.0,16.8,878.0,9110.5,23.7633,0.909062,0.031787,0.307352,движение заметное; не застыло,визуально годится по движению; смотреть память,"визуально совпадает с original при том же seed; выигрыш только после выгрузки T5; base даёт больше реального движения волос/лица; FP8 не дал заметного визуального ухудшения относительно BF16; lowres 384→512: лицо мягче/мыльнее, но движение сохраняется; compile визуально не меняет, но в этом запуске сильно замедлил; VAE tiling визуально и по памяти на 512 почти не изменил результат; group offload резко снижает измеренную VRAM, но переносит нагрузку в CPU/RAM"
text-precompute__ckpt-base__q-fp8__compile-1__offload-group__vae-tiling-1__fast-steps-0__lowres-1__temporal-sub-1,precompute,base,fp8,1,group,1,0,1,1,9110.5,9134.0,16.8,490.0,9110.5,25.1396,0.988075,0.014268,0.305217,движение слабое; выглядит почти статично,не брать: слишком статично для требования «не застыло»,"визуально совпадает с original при том же seed; выигрыш только после выгрузки T5; base даёт больше реального движения волос/лица; FP8 не дал заметного визуального ухудшения относительно BF16; lowres 384→512: лицо мягче/мыльнее, но движение сохраняется; temporal subsample/interpolation сглаживает и делает ролик более статичным; compile визуально не меняет, но в этом запуске сильно замедлил; VAE tiling визуально и по памяти на 512 почти не изменил результат; group offload резко снижает измеренную VRAM, но переносит нагрузку в CPU/RAM"
text-precompute__ckpt-base__q-fp8__compile-1__offload-group__vae-tiling-1__fast-steps-1__lowres-0__temporal-sub-0,precompute,base,fp8,1,group,1,1,0,0,9110.5,9134.0,17.6,528.0,9110.5,20.895,0.848418,0.017867,0.305376,очень заметное движение; точно не застыло,визуально годится по движению; смотреть память,"визуально совпадает с original при том же seed; выигрыш только после выгрузки T5; base даёт больше реального движения волос/лица; FP8 не дал заметного визуального ухудшения относительно BF16; compile визуально не меняет, но в этом запуске сильно замедлил; VAE tiling визуально и по памяти на 512 почти не изменил результат; group offload резко снижает измеренную VRAM, но переносит нагрузку в CPU/RAM"
text-precompute__ckpt-base__q-fp8__compile-1__offload-group__vae-tiling-1__fast-steps-1__lowres-0__temporal-sub-1,precompute,base,fp8,1,group,1,1,0,1,9110.5,9134.0,16.8,818.0,9110.5,20.5258,0.974975,0.003269,0.303438,движение слабое; выглядит почти статично,не брать: слишком статично для требования «не застыло»,"визуально совпадает с original при том же seed; выигрыш только после выгрузки T5; base даёт больше реального движения волос/лица; FP8 не дал заметного визуального ухудшения относительно BF16; temporal subsample/interpolation сглаживает и делает ролик более статичным; compile визуально не меняет, но в этом запуске сильно замедлил; VAE tiling визуально и по памяти на 512 почти не изменил результат; group offload резко снижает измеренную VRAM, но переносит нагрузку в CPU/RAM"
text-precompute__ckpt-base__q-fp8__compile-1__offload-group__vae-tiling-1__fast-steps-1__lowres-1__temporal-sub-0,precompute,base,fp8,1,group,1,1,1,0,9110.5,9134.0,16.8,878.0,9110.5,20.8938,0.902146,0.038003,0.307141,движение заметное; не застыло,"брать, если prompt_embeds можно кэшировать/считать вне телефона: низкая память диффузии","визуально совпадает с original при том же seed; выигрыш только после выгрузки T5; base даёт больше реального движения волос/лица; FP8 не дал заметного визуального ухудшения относительно BF16; lowres 384→512: лицо мягче/мыльнее, но движение сохраняется; compile визуально не меняет, но в этом запуске сильно замедлил; VAE tiling визуально и по памяти на 512 почти не изменил результат; group offload резко снижает измеренную VRAM, но переносит нагрузку в CPU/RAM"
text-precompute__ckpt-base__q-fp8__compile-1__offload-group__vae-tiling-1__fast-steps-1__lowres-1__temporal-sub-1,precompute,base,fp8,1,group,1,1,1,1,9110.5,9134.0,16.8,488.0,9110.5,21.8279,0.986617,0.015512,0.305102,движение слабое; выглядит почти статично,не брать: слишком статично для требования «не застыло»,"визуально совпадает с original при том же seed; выигрыш только после выгрузки T5; base даёт больше реального движения волос/лица; FP8 не дал заметного визуального ухудшения относительно BF16; lowres 384→512: лицо мягче/мыльнее, но движение сохраняется; temporal subsample/interpolation сглаживает и делает ролик более статичным; compile визуально не меняет, но в этом запуске сильно замедлил; VAE tiling визуально и по памяти на 512 почти не изменил результат; group offload резко снижает измеренную VRAM, но переносит нагрузку в CPU/RAM"
text-precompute__ckpt-base__q-int8__compile-0__offload-none__vae-tiling-0__fast-steps-0__lowres-0__temporal-sub-0,precompute,base,int8,0,none,0,0,0,0,12055.7,12084.0,2962.7,3344.0,12055.7,6.0195,0.825892,0.023801,0.301956,очень заметное движение; точно не застыло,визуально годится по движению; смотреть память,"визуально совпадает с original при том же seed; выигрыш только после выгрузки T5; base даёт больше реального движения волос/лица; INT8 визуально приемлем, но по памяти в этом запуске невыгоден"
text-precompute__ckpt-base__q-int8__compile-0__offload-none__vae-tiling-0__fast-steps-0__lowres-0__temporal-sub-1,precompute,base,int8,0,none,0,0,0,1,12055.7,12084.0,2961.9,3680.0,12055.7,3.864,0.977309,0.003004,0.302019,движение слабое; выглядит почти статично,не брать: слишком статично для требования «не застыло»,"визуально совпадает с original при том же seed; выигрыш только после выгрузки T5; base даёт больше реального движения волос/лица; INT8 визуально приемлем, но по памяти в этом запуске невыгоден; temporal subsample/interpolation сглаживает и делает ролик более статичным"
text-precompute__ckpt-base__q-int8__compile-0__offload-none__vae-tiling-0__fast-steps-0__lowres-1__temporal-sub-0,precompute,base,int8,0,none,0,0,1,0,12055.7,12084.0,2961.9,3738.0,12055.7,3.5668,0.909086,0.032358,0.310705,движение заметное; не застыло,визуально годится по движению; смотреть память,"визуально совпадает с original при том же seed; выигрыш только после выгрузки T5; base даёт больше реального движения волос/лица; INT8 визуально приемлем, но по памяти в этом запуске невыгоден; lowres 384→512: лицо мягче/мыльнее, но движение сохраняется"
text-precompute__ckpt-base__q-int8__compile-0__offload-none__vae-tiling-0__fast-steps-0__lowres-1__temporal-sub-1,precompute,base,int8,0,none,0,0,1,1,12055.7,12084.0,2961.9,3374.0,12055.7,3.8348,0.984644,0.015765,0.305535,движение слабое; выглядит почти статично,не брать: слишком статично для требования «не застыло»,"визуально совпадает с original при том же seed; выигрыш только после выгрузки T5; base даёт больше реального движения волос/лица; INT8 визуально приемлем, но по памяти в этом запуске невыгоден; lowres 384→512: лицо мягче/мыльнее, но движение сохраняется; temporal subsample/interpolation сглаживает и делает ролик более статичным"
text-precompute__ckpt-base__q-int8__compile-0__offload-none__vae-tiling-0__fast-steps-1__lowres-0__temporal-sub-0,precompute,base,int8,0,none,0,1,0,0,12055.7,12084.0,2962.7,3344.0,12055.7,3.3165,0.845981,0.01834,0.306502,очень заметное движение; точно не застыло,визуально годится по движению; смотреть память,"визуально совпадает с original при том же seed; выигрыш только после выгрузки T5; base даёт больше реального движения волос/лица; INT8 визуально приемлем, но по памяти в этом запуске невыгоден"
text-precompute__ckpt-base__q-int8__compile-0__offload-none__vae-tiling-0__fast-steps-1__lowres-0__temporal-sub-1,precompute,base,int8,0,none,0,1,0,1,12055.7,12084.0,2961.9,3680.0,12055.7,2.5211,0.974294,0.003346,0.303781,движение слабое; выглядит почти статично,не брать: слишком статично для требования «не застыло»,"визуально совпадает с original при том же seed; выигрыш только после выгрузки T5; base даёт больше реального движения волос/лица; INT8 визуально приемлем, но по памяти в этом запуске невыгоден; temporal subsample/interpolation сглаживает и делает ролик более статичным"
text-precompute__ckpt-base__q-int8__compile-0__offload-none__vae-tiling-0__fast-steps-1__lowres-1__temporal-sub-0,precompute,base,int8,0,none,0,1,1,0,12055.7,12084.0,2961.9,3738.0,12055.7,2.3954,0.903181,0.038566,0.307394,движение заметное; не застыло,визуально годится по движению; смотреть память,"визуально совпадает с original при том же seed; выигрыш только после выгрузки T5; base даёт больше реального движения волос/лица; INT8 визуально приемлем, но по памяти в этом запуске невыгоден; lowres 384→512: лицо мягче/мыльнее, но движение сохраняется"
text-precompute__ckpt-base__q-int8__compile-0__offload-none__vae-tiling-0__fast-steps-1__lowres-1__temporal-sub-1,precompute,base,int8,0,none,0,1,1,1,12055.7,12084.0,2961.9,3374.0,12055.7,2.3391,0.986367,0.015685,0.305074,движение слабое; выглядит почти статично,не брать: слишком статично для требования «не застыло»,"визуально совпадает с original при том же seed; выигрыш только после выгрузки T5; base даёт больше реального движения волос/лица; INT8 визуально приемлем, но по памяти в этом запуске невыгоден; lowres 384→512: лицо мягче/мыльнее, но движение сохраняется; temporal subsample/interpolation сглаживает и делает ролик более статичным"
text-precompute__ckpt-base__q-int8__compile-0__offload-none__vae-tiling-1__fast-steps-0__lowres-0__temporal-sub-0,precompute,base,int8,0,none,1,0,0,0,12055.7,12084.0,2962.7,3344.0,12055.7,5.5603,0.825892,0.023801,0.301956,очень заметное движение; точно не застыло,визуально годится по движению; смотреть память,"визуально совпадает с original при том же seed; выигрыш только после выгрузки T5; base даёт больше реального движения волос/лица; INT8 визуально приемлем, но по памяти в этом запуске невыгоден; VAE tiling визуально и по памяти на 512 почти не изменил результат"
text-precompute__ckpt-base__q-int8__compile-0__offload-none__vae-tiling-1__fast-steps-0__lowres-0__temporal-sub-1,precompute,base,int8,0,none,1,0,0,1,12055.7,12084.0,2961.9,3680.0,12055.7,4.0724,0.977309,0.003004,0.302019,движение слабое; выглядит почти статично,не брать: слишком статично для требования «не застыло»,"визуально совпадает с original при том же seed; выигрыш только после выгрузки T5; base даёт больше реального движения волос/лица; INT8 визуально приемлем, но по памяти в этом запуске невыгоден; temporal subsample/interpolation сглаживает и делает ролик более статичным; VAE tiling визуально и по памяти на 512 почти не изменил результат"
text-precompute__ckpt-base__q-int8__compile-0__offload-none__vae-tiling-1__fast-steps-0__lowres-1__temporal-sub-0,precompute,base,int8,0,none,1,0,1,0,12055.7,12084.0,2961.9,3738.0,12055.7,4.068,0.909086,0.032358,0.310705,движение заметное; не застыло,визуально годится по движению; смотреть память,"визуально совпадает с original при том же seed; выигрыш только после выгрузки T5; base даёт больше реального движения волос/лица; INT8 визуально приемлем, но по памяти в этом запуске невыгоден; lowres 384→512: лицо мягче/мыльнее, но движение сохраняется; VAE tiling визуально и по памяти на 512 почти не изменил результат"
text-precompute__ckpt-base__q-int8__compile-0__offload-none__vae-tiling-1__fast-steps-0__lowres-1__temporal-sub-1,precompute,base,int8,0,none,1,0,1,1,12055.7,12084.0,2961.9,3374.0,12055.7,3.8748,0.984644,0.015765,0.305535,движение слабое; выглядит почти статично,не брать: слишком статично для требования «не застыло»,"визуально совпадает с original при том же seed; выигрыш только после выгрузки T5; base даёт больше реального движения волос/лица; INT8 визуально приемлем, но по памяти в этом запуске невыгоден; lowres 384→512: лицо мягче/мыльнее, но движение сохраняется; temporal subsample/interpolation сглаживает и делает ролик более статичным; VAE tiling визуально и по памяти на 512 почти не изменил результат"
text-precompute__ckpt-base__q-int8__compile-0__offload-none__vae-tiling-1__fast-steps-1__lowres-0__temporal-sub-0,precompute,base,int8,0,none,1,1,0,0,12055.7,12084.0,2962.7,3344.0,12055.7,3.0846,0.845981,0.01834,0.306502,очень заметное движение; точно не застыло,визуально годится по движению; смотреть память,"визуально совпадает с original при том же seed; выигрыш только после выгрузки T5; base даёт больше реального движения волос/лица; INT8 визуально приемлем, но по памяти в этом запуске невыгоден; VAE tiling визуально и по памяти на 512 почти не изменил результат"
text-precompute__ckpt-base__q-int8__compile-0__offload-none__vae-tiling-1__fast-steps-1__lowres-0__temporal-sub-1,precompute,base,int8,0,none,1,1,0,1,12055.7,12084.0,2961.9,3680.0,12055.7,2.4528,0.974294,0.003346,0.303781,движение слабое; выглядит почти статично,не брать: слишком статично для требования «не застыло»,"визуально совпадает с original при том же seed; выигрыш только после выгрузки T5; base даёт больше реального движения волос/лица; INT8 визуально приемлем, но по памяти в этом запуске невыгоден; temporal subsample/interpolation сглаживает и делает ролик более статичным; VAE tiling визуально и по памяти на 512 почти не изменил результат"
text-precompute__ckpt-base__q-int8__compile-0__offload-none__vae-tiling-1__fast-steps-1__lowres-1__temporal-sub-0,precompute,base,int8,0,none,1,1,1,0,12055.7,12084.0,2961.9,3738.0,12055.7,2.4103,0.903181,0.038566,0.307394,движение заметное; не застыло,визуально годится по движению; смотреть память,"визуально совпадает с original при том же seed; выигрыш только после выгрузки T5; base даёт больше реального движения волос/лица; INT8 визуально приемлем, но по памяти в этом запуске невыгоден; lowres 384→512: лицо мягче/мыльнее, но движение сохраняется; VAE tiling визуально и по памяти на 512 почти не изменил результат"
text-precompute__ckpt-base__q-int8__compile-0__offload-none__vae-tiling-1__fast-steps-1__lowres-1__temporal-sub-1,precompute,base,int8,0,none,1,1,1,1,12055.7,12084.0,2961.9,3374.0,12055.7,2.2115,0.986367,0.015685,0.305074,движение слабое; выглядит почти статично,не брать: слишком статично для требования «не застыло»,"визуально совпадает с original при том же seed; выигрыш только после выгрузки T5; base даёт больше реального движения волос/лица; INT8 визуально приемлем, но по памяти в этом запуске невыгоден; lowres 384→512: лицо мягче/мыльнее, но движение сохраняется; temporal subsample/interpolation сглаживает и делает ролик более статичным; VAE tiling визуально и по памяти на 512 почти не изменил результат"
text-precompute__ckpt-base__q-int8__compile-1__offload-none__vae-tiling-0__fast-steps-0__lowres-0__temporal-sub-0,precompute,base,int8,1,none,0,0,0,0,12055.7,12084.0,2961.9,4328.0,12055.7,18.7265,0.824587,0.023856,0.302043,очень заметное движение; точно не застыло,визуально годится по движению; смотреть память,"визуально совпадает с original при том же seed; выигрыш только после выгрузки T5; base даёт больше реального движения волос/лица; INT8 визуально приемлем, но по памяти в этом запуске невыгоден; compile визуально не меняет, но в этом запуске сильно замедлил"
text-precompute__ckpt-base__q-int8__compile-1__offload-none__vae-tiling-0__fast-steps-0__lowres-0__temporal-sub-1,precompute,base,int8,1,none,0,0,0,1,12055.7,12084.0,2961.9,3700.0,12055.7,19.9274,0.977019,0.003036,0.302797,движение слабое; выглядит почти статично,не брать: слишком статично для требования «не застыло»,"визуально совпадает с original при том же seed; выигрыш только после выгрузки T5; base даёт больше реального движения волос/лица; INT8 визуально приемлем, но по памяти в этом запуске невыгоден; temporal subsample/interpolation сглаживает и делает ролик более статичным; compile визуально не меняет, но в этом запуске сильно замедлил"
text-precompute__ckpt-base__q-int8__compile-1__offload-none__vae-tiling-0__fast-steps-0__lowres-1__temporal-sub-0,precompute,base,int8,1,none,0,0,1,0,12055.7,12084.0,2961.9,3758.0,12055.7,19.1577,0.908251,0.032422,0.309895,движение заметное; не застыло,визуально годится по движению; смотреть память,"визуально совпадает с original при том же seed; выигрыш только после выгрузки T5; base даёт больше реального движения волос/лица; INT8 визуально приемлем, но по памяти в этом запуске невыгоден; lowres 384→512: лицо мягче/мыльнее, но движение сохраняется; compile визуально не меняет, но в этом запуске сильно замедлил"
text-precompute__ckpt-base__q-int8__compile-1__offload-none__vae-tiling-0__fast-steps-0__lowres-1__temporal-sub-1,precompute,base,int8,1,none,0,0,1,1,12055.7,12084.0,2961.9,3394.0,12055.7,19.292,0.975129,0.019979,0.305746,движение слабое; выглядит почти статично,не брать: слишком статично для требования «не застыло»,"визуально совпадает с original при том же seed; выигрыш только после выгрузки T5; base даёт больше реального движения волос/лица; INT8 визуально приемлем, но по памяти в этом запуске невыгоден; lowres 384→512: лицо мягче/мыльнее, но движение сохраняется; temporal subsample/interpolation сглаживает и делает ролик более статичным; compile визуально не меняет, но в этом запуске сильно замедлил"
text-precompute__ckpt-base__q-int8__compile-1__offload-none__vae-tiling-0__fast-steps-1__lowres-0__temporal-sub-0,precompute,base,int8,1,none,0,1,0,0,12055.7,12084.0,2961.9,4328.0,12055.7,16.4665,0.844442,0.018562,0.306585,очень заметное движение; точно не застыло,визуально годится по движению; смотреть память,"визуально совпадает с original при том же seed; выигрыш только после выгрузки T5; base даёт больше реального движения волос/лица; INT8 визуально приемлем, но по памяти в этом запуске невыгоден; compile визуально не меняет, но в этом запуске сильно замедлил"
text-precompute__ckpt-base__q-int8__compile-1__offload-none__vae-tiling-0__fast-steps-1__lowres-0__temporal-sub-1,precompute,base,int8,1,none,0,1,0,1,12055.7,12084.0,2961.9,3700.0,12055.7,22.0538,0.973736,0.003438,0.303454,движение слабое; выглядит почти статично,не брать: слишком статично для требования «не застыло»,"визуально совпадает с original при том же seed; выигрыш только после выгрузки T5; base даёт больше реального движения волос/лица; INT8 визуально приемлем, но по памяти в этом запуске невыгоден; temporal subsample/interpolation сглаживает и делает ролик более статичным; compile визуально не меняет, но в этом запуске сильно замедлил"
text-precompute__ckpt-base__q-int8__compile-1__offload-none__vae-tiling-0__fast-steps-1__lowres-1__temporal-sub-0,precompute,base,int8,1,none,0,1,1,0,12055.7,12084.0,2961.9,3758.0,12055.7,18.8309,0.902091,0.039031,0.306776,движение заметное; не застыло,визуально годится по движению; смотреть память,"визуально совпадает с original при том же seed; выигрыш только после выгрузки T5; base даёт больше реального движения волос/лица; INT8 визуально приемлем, но по памяти в этом запуске невыгоден; lowres 384→512: лицо мягче/мыльнее, но движение сохраняется; compile визуально не меняет, но в этом запуске сильно замедлил"
text-precompute__ckpt-base__q-int8__compile-1__offload-none__vae-tiling-0__fast-steps-1__lowres-1__temporal-sub-1,precompute,base,int8,1,none,0,1,1,1,12055.7,12084.0,2961.9,3394.0,12055.7,19.4805,0.986126,0.015852,0.304607,движение слабое; выглядит почти статично,не брать: слишком статично для требования «не застыло»,"визуально совпадает с original при том же seed; выигрыш только после выгрузки T5; base даёт больше реального движения волос/лица; INT8 визуально приемлем, но по памяти в этом запуске невыгоден; lowres 384→512: лицо мягче/мыльнее, но движение сохраняется; temporal subsample/interpolation сглаживает и делает ролик более статичным; compile визуально не меняет, но в этом запуске сильно замедлил"
text-precompute__ckpt-base__q-int8__compile-1__offload-none__vae-tiling-1__fast-steps-0__lowres-0__temporal-sub-0,precompute,base,int8,1,none,1,0,0,0,12055.7,12084.0,2961.9,4328.0,12055.7,19.0697,0.824721,0.023848,0.302032,очень заметное движение; точно не застыло,визуально годится по движению; смотреть память,"визуально совпадает с original при том же seed; выигрыш только после выгрузки T5; base даёт больше реального движения волос/лица; INT8 визуально приемлем, но по памяти в этом запуске невыгоден; compile визуально не меняет, но в этом запуске сильно замедлил; VAE tiling визуально и по памяти на 512 почти не изменил результат"
text-precompute__ckpt-base__q-int8__compile-1__offload-none__vae-tiling-1__fast-steps-0__lowres-0__temporal-sub-1,precompute,base,int8,1,none,1,0,0,1,12055.7,12084.0,2961.9,3700.0,12055.7,22.4885,0.977003,0.003041,0.30294,движение слабое; выглядит почти статично,не брать: слишком статично для требования «не застыло»,"визуально совпадает с original при том же seed; выигрыш только после выгрузки T5; base даёт больше реального движения волос/лица; INT8 визуально приемлем, но по памяти в этом запуске невыгоден; temporal subsample/interpolation сглаживает и делает ролик более статичным; compile визуально не меняет, но в этом запуске сильно замедлил; VAE tiling визуально и по памяти на 512 почти не изменил результат"
text-precompute__ckpt-base__q-int8__compile-1__offload-none__vae-tiling-1__fast-steps-0__lowres-1__temporal-sub-0,precompute,base,int8,1,none,1,0,1,0,12055.7,12084.0,2961.9,3758.0,12055.7,19.394,0.908179,0.032486,0.310272,движение заметное; не застыло,визуально годится по движению; смотреть память,"визуально совпадает с original при том же seed; выигрыш только после выгрузки T5; base даёт больше реального движения волос/лица; INT8 визуально приемлем, но по памяти в этом запуске невыгоден; lowres 384→512: лицо мягче/мыльнее, но движение сохраняется; compile визуально не меняет, но в этом запуске сильно замедлил; VAE tiling визуально и по памяти на 512 почти не изменил результат"
text-precompute__ckpt-base__q-int8__compile-1__offload-none__vae-tiling-1__fast-steps-0__lowres-1__temporal-sub-1,precompute,base,int8,1,none,1,0,1,1,12055.7,12084.0,2961.9,3394.0,12055.7,18.4967,0.974476,0.020825,0.30565,движение слабое; выглядит почти статично,не брать: слишком статично для требования «не застыло»,"визуально совпадает с original при том же seed; выигрыш только после выгрузки T5; base даёт больше реального движения волос/лица; INT8 визуально приемлем, но по памяти в этом запуске невыгоден; lowres 384→512: лицо мягче/мыльнее, но движение сохраняется; temporal subsample/interpolation сглаживает и делает ролик более статичным; compile визуально не меняет, но в этом запуске сильно замедлил; VAE tiling визуально и по памяти на 512 почти не изменил результат"
text-precompute__ckpt-base__q-int8__compile-1__offload-none__vae-tiling-1__fast-steps-1__lowres-0__temporal-sub-0,precompute,base,int8,1,none,1,1,0,0,12055.7,12084.0,2961.9,4328.0,12055.7,17.1141,0.844611,0.01849,0.306393,очень заметное движение; точно не застыло,визуально годится по движению; смотреть память,"визуально совпадает с original при том же seed; выигрыш только после выгрузки T5; base даёт больше реального движения волос/лица; INT8 визуально приемлем, но по памяти в этом запуске невыгоден; compile визуально не меняет, но в этом запуске сильно замедлил; VAE tiling визуально и по памяти на 512 почти не изменил результат"
text-precompute__ckpt-base__q-int8__compile-1__offload-none__vae-tiling-1__fast-steps-1__lowres-0__temporal-sub-1,precompute,base,int8,1,none,1,1,0,1,12055.7,12084.0,2961.9,3700.0,12055.7,20.218,0.973692,0.003458,0.303592,движение слабое; выглядит почти статично,не брать: слишком статично для требования «не застыло»,"визуально совпадает с original при том же seed; выигрыш только после выгрузки T5; base даёт больше реального движения волос/лица; INT8 визуально приемлем, но по памяти в этом запуске невыгоден; temporal subsample/interpolation сглаживает и делает ролик более статичным; compile визуально не меняет, но в этом запуске сильно замедлил; VAE tiling визуально и по памяти на 512 почти не изменил результат"
text-precompute__ckpt-base__q-int8__compile-1__offload-none__vae-tiling-1__fast-steps-1__lowres-1__temporal-sub-0,precompute,base,int8,1,none,1,1,1,0,12055.7,12084.0,2961.9,3758.0,12055.7,17.4871,0.901999,0.039047,0.306867,движение заметное; не застыло,визуально годится по движению; смотреть память,"визуально совпадает с original при том же seed; выигрыш только после выгрузки T5; base даёт больше реального движения волос/лица; INT8 визуально приемлем, но по памяти в этом запуске невыгоден; lowres 384→512: лицо мягче/мыльнее, но движение сохраняется; compile визуально не меняет, но в этом запуске сильно замедлил; VAE tiling визуально и по памяти на 512 почти не изменил результат"
text-precompute__ckpt-base__q-int8__compile-1__offload-none__vae-tiling-1__fast-steps-1__lowres-1__temporal-sub-1,precompute,base,int8,1,none,1,1,1,1,12055.7,12084.0,2961.9,3394.0,12055.7,19.1016,0.986069,0.015869,0.30452,движение слабое; выглядит почти статично,не брать: слишком статично для требования «не застыло»,"визуально совпадает с original при том же seed; выигрыш только после выгрузки T5; base даёт больше реального движения волос/лица; INT8 визуально приемлем, но по памяти в этом запуске невыгоден; lowres 384→512: лицо мягче/мыльнее, но движение сохраняется; temporal subsample/interpolation сглаживает и делает ролик более статичным; compile визуально не меняет, но в этом запуске сильно замедлил; VAE tiling визуально и по памяти на 512 почти не изменил результат"
text-precompute__ckpt-distilled__q-none__compile-0__offload-none__vae-tiling-0__fast-steps-1__lowres-0__temporal-sub-0,precompute,distilled,none,0,none,0,1,0,0,15184.8,15548.0,6092.3,6460.0,15184.8,3.2506,0.966428,0.008311,0.31083,движение умеренное,второстепенно/не приоритет,"визуально совпадает с original при том же seed; выигрыш только после выгрузки T5; distilled чище и улыбчивее, но движение более слабое"
text-precompute__ckpt-distilled__q-none__compile-0__offload-none__vae-tiling-0__fast-steps-1__lowres-0__temporal-sub-1,precompute,distilled,none,0,none,0,1,0,1,15184.8,15548.0,6092.3,6462.0,15184.8,3.0069,0.991354,0.003167,0.308017,почти статично / риск «застывания»,не брать: слишком статично для требования «не застыло»,"визуально совпадает с original при том же seed; выигрыш только после выгрузки T5; distilled чище и улыбчивее, но движение более слабое; temporal subsample/interpolation сглаживает и делает ролик более статичным"
text-precompute__ckpt-distilled__q-none__compile-0__offload-none__vae-tiling-0__fast-steps-1__lowres-1__temporal-sub-0,precompute,distilled,none,0,none,0,1,1,0,15184.8,15548.0,6092.3,6460.0,15184.8,3.4016,0.97949,0.005692,0.317893,движение слабое; выглядит почти статично,"условно: красивое лицо, но движение слабее base","визуально совпадает с original при том же seed; выигрыш только после выгрузки T5; distilled чище и улыбчивее, но движение более слабое; lowres 384→512: лицо мягче/мыльнее, но движение сохраняется"
text-precompute__ckpt-distilled__q-none__compile-0__offload-none__vae-tiling-0__fast-steps-1__lowres-1__temporal-sub-1,precompute,distilled,none,0,none,0,1,1,1,15184.8,15548.0,6092.3,6462.0,15184.8,3.8857,0.994533,0.001941,0.314958,почти статично / риск «застывания»,не брать: слишком статично для требования «не застыло»,"визуально совпадает с original при том же seed; выигрыш только после выгрузки T5; distilled чище и улыбчивее, но движение более слабое; lowres 384→512: лицо мягче/мыльнее, но движение сохраняется; temporal subsample/interpolation сглаживает и делает ролик более статичным"
text-precompute__ckpt-distilled__q-none__compile-0__offload-none__vae-tiling-1__fast-steps-1__lowres-0__temporal-sub-0,precompute,distilled,none,0,none,1,1,0,0,15184.8,15548.0,6092.3,6460.0,15184.8,3.7155,0.966428,0.008311,0.31083,движение умеренное,второстепенно/не приоритет,"визуально совпадает с original при том же seed; выигрыш только после выгрузки T5; distilled чище и улыбчивее, но движение более слабое; VAE tiling визуально и по памяти на 512 почти не изменил результат"
text-precompute__ckpt-distilled__q-none__compile-0__offload-none__vae-tiling-1__fast-steps-1__lowres-0__temporal-sub-1,precompute,distilled,none,0,none,1,1,0,1,15184.8,15548.0,6092.3,6462.0,15184.8,3.0943,0.991354,0.003167,0.308017,почти статично / риск «застывания»,не брать: слишком статично для требования «не застыло»,"визуально совпадает с original при том же seed; выигрыш только после выгрузки T5; distilled чище и улыбчивее, но движение более слабое; temporal subsample/interpolation сглаживает и делает ролик более статичным; VAE tiling визуально и по памяти на 512 почти не изменил результат"
text-precompute__ckpt-distilled__q-none__compile-0__offload-none__vae-tiling-1__fast-steps-1__lowres-1__temporal-sub-0,precompute,distilled,none,0,none,1,1,1,0,15184.8,15548.0,6092.3,6460.0,15184.8,3.488,0.97949,0.005692,0.317893,движение слабое; выглядит почти статично,"условно: красивое лицо, но движение слабее base","визуально совпадает с original при том же seed; выигрыш только после выгрузки T5; distilled чище и улыбчивее, но движение более слабое; lowres 384→512: лицо мягче/мыльнее, но движение сохраняется; VAE tiling визуально и по памяти на 512 почти не изменил результат"
text-precompute__ckpt-distilled__q-none__compile-0__offload-none__vae-tiling-1__fast-steps-1__lowres-1__temporal-sub-1,precompute,distilled,none,0,none,1,1,1,1,15184.8,15548.0,6092.3,6462.0,15184.8,3.9524,0.994533,0.001941,0.314958,почти статично / риск «застывания»,не брать: слишком статично для требования «не застыло»,"визуально совпадает с original при том же seed; выигрыш только после выгрузки T5; distilled чище и улыбчивее, но движение более слабое; lowres 384→512: лицо мягче/мыльнее, но движение сохраняется; temporal subsample/interpolation сглаживает и делает ролик более статичным; VAE tiling визуально и по памяти на 512 почти не изменил результат"
text-precompute__ckpt-distilled__q-none__compile-0__offload-group__vae-tiling-0__fast-steps-1__lowres-0__temporal-sub-0,precompute,distilled,none,0,group,0,1,0,0,9110.5,9134.0,16.8,380.0,9110.5,15.5114,0.966428,0.008311,0.31083,движение умеренное,второстепенно/не приоритет,"визуально совпадает с original при том же seed; выигрыш только после выгрузки T5; distilled чище и улыбчивее, но движение более слабое; group offload резко снижает измеренную VRAM, но переносит нагрузку в CPU/RAM"
text-precompute__ckpt-distilled__q-none__compile-0__offload-group__vae-tiling-0__fast-steps-1__lowres-0__temporal-sub-1,precompute,distilled,none,0,group,0,1,0,1,9110.5,9134.0,16.8,730.0,9110.5,20.4992,0.991354,0.003167,0.308017,почти статично / риск «застывания»,не брать: слишком статично для требования «не застыло»,"визуально совпадает с original при том же seed; выигрыш только после выгрузки T5; distilled чище и улыбчивее, но движение более слабое; temporal subsample/interpolation сглаживает и делает ролик более статичным; group offload резко снижает измеренную VRAM, но переносит нагрузку в CPU/RAM"
text-precompute__ckpt-distilled__q-none__compile-0__offload-group__vae-tiling-0__fast-steps-1__lowres-1__temporal-sub-0,precompute,distilled,none,0,group,0,1,1,0,9110.5,9134.0,16.8,786.0,9110.5,17.0736,0.97949,0.005692,0.317893,движение слабое; выглядит почти статично,"условно: красивое лицо, но движение слабее base","визуально совпадает с original при том же seed; выигрыш только после выгрузки T5; distilled чище и улыбчивее, но движение более слабое; lowres 384→512: лицо мягче/мыльнее, но движение сохраняется; group offload резко снижает измеренную VRAM, но переносит нагрузку в CPU/RAM"
text-precompute__ckpt-distilled__q-none__compile-0__offload-group__vae-tiling-0__fast-steps-1__lowres-1__temporal-sub-1,precompute,distilled,none,0,group,0,1,1,1,9110.5,9134.0,16.8,424.0,9110.5,13.7173,0.994533,0.001941,0.314958,почти статично / риск «застывания»,не брать: слишком статично для требования «не застыло»,"визуально совпадает с original при том же seed; выигрыш только после выгрузки T5; distilled чище и улыбчивее, но движение более слабое; lowres 384→512: лицо мягче/мыльнее, но движение сохраняется; temporal subsample/interpolation сглаживает и делает ролик более статичным; group offload резко снижает измеренную VRAM, но переносит нагрузку в CPU/RAM"
text-precompute__ckpt-distilled__q-none__compile-0__offload-group__vae-tiling-1__fast-steps-1__lowres-0__temporal-sub-0,precompute,distilled,none,0,group,1,1,0,0,9110.5,9134.0,16.8,380.0,9110.5,16.9994,0.966428,0.008311,0.31083,движение умеренное,второстепенно/не приоритет,"визуально совпадает с original при том же seed; выигрыш только после выгрузки T5; distilled чище и улыбчивее, но движение более слабое; VAE tiling визуально и по памяти на 512 почти не изменил результат; group offload резко снижает измеренную VRAM, но переносит нагрузку в CPU/RAM"
text-precompute__ckpt-distilled__q-none__compile-0__offload-group__vae-tiling-1__fast-steps-1__lowres-0__temporal-sub-1,precompute,distilled,none,0,group,1,1,0,1,9110.5,9134.0,16.8,730.0,9110.5,22.1296,0.991354,0.003167,0.308017,почти статично / риск «застывания»,не брать: слишком статично для требования «не застыло»,"визуально совпадает с original при том же seed; выигрыш только после выгрузки T5; distilled чище и улыбчивее, но движение более слабое; temporal subsample/interpolation сглаживает и делает ролик более статичным; VAE tiling визуально и по памяти на 512 почти не изменил результат; group offload резко снижает измеренную VRAM, но переносит нагрузку в CPU/RAM"
text-precompute__ckpt-distilled__q-none__compile-0__offload-group__vae-tiling-1__fast-steps-1__lowres-1__temporal-sub-0,precompute,distilled,none,0,group,1,1,1,0,9110.5,9134.0,16.8,786.0,9110.5,13.7037,0.97949,0.005692,0.317893,движение слабое; выглядит почти статично,"условно: красивое лицо, но движение слабее base","визуально совпадает с original при том же seed; выигрыш только после выгрузки T5; distilled чище и улыбчивее, но движение более слабое; lowres 384→512: лицо мягче/мыльнее, но движение сохраняется; VAE tiling визуально и по памяти на 512 почти не изменил результат; group offload резко снижает измеренную VRAM, но переносит нагрузку в CPU/RAM"
text-precompute__ckpt-distilled__q-none__compile-0__offload-group__vae-tiling-1__fast-steps-1__lowres-1__temporal-sub-1,precompute,distilled,none,0,group,1,1,1,1,9110.5,9134.0,16.8,424.0,9110.5,15.2494,0.994533,0.001941,0.314958,почти статично / риск «застывания»,не брать: слишком статично для требования «не застыло»,"визуально совпадает с original при том же seed; выигрыш только после выгрузки T5; distilled чище и улыбчивее, но движение более слабое; lowres 384→512: лицо мягче/мыльнее, но движение сохраняется; temporal subsample/interpolation сглаживает и делает ролик более статичным; VAE tiling визуально и по памяти на 512 почти не изменил результат; group offload резко снижает измеренную VRAM, но переносит нагрузку в CPU/RAM"
text-precompute__ckpt-distilled__q-none__compile-1__offload-none__vae-tiling-0__fast-steps-1__lowres-0__temporal-sub-0,precompute,distilled,none,1,none,0,1,0,0,15184.8,15548.0,6092.0,6476.0,15184.8,11.6008,0.964675,0.008665,0.308606,движение умеренное,второстепенно/не приоритет,"визуально совпадает с original при том же seed; выигрыш только после выгрузки T5; distilled чище и улыбчивее, но движение более слабое; compile визуально не меняет, но в этом запуске сильно замедлил"
text-precompute__ckpt-distilled__q-none__compile-1__offload-none__vae-tiling-0__fast-steps-1__lowres-0__temporal-sub-1,precompute,distilled,none,1,none,0,1,0,1,15184.8,15548.0,6092.1,6462.0,15184.8,10.5372,0.99182,0.002978,0.307912,почти статично / риск «застывания»,не брать: слишком статично для требования «не застыло»,"визуально совпадает с original при том же seed; выигрыш только после выгрузки T5; distilled чище и улыбчивее, но движение более слабое; temporal subsample/interpolation сглаживает и делает ролик более статичным; compile визуально не меняет, но в этом запуске сильно замедлил"
text-precompute__ckpt-distilled__q-none__compile-1__offload-none__vae-tiling-0__fast-steps-1__lowres-1__temporal-sub-0,precompute,distilled,none,1,none,0,1,1,0,15184.8,15548.0,6092.2,6460.0,15184.8,10.9398,0.978744,0.005829,0.318901,движение слабое; выглядит почти статично,"условно: красивое лицо, но движение слабее base","визуально совпадает с original при том же seed; выигрыш только после выгрузки T5; distilled чище и улыбчивее, но движение более слабое; lowres 384→512: лицо мягче/мыльнее, но движение сохраняется; compile визуально не меняет, но в этом запуске сильно замедлил"
text-precompute__ckpt-distilled__q-none__compile-1__offload-none__vae-tiling-0__fast-steps-1__lowres-1__temporal-sub-1,precompute,distilled,none,1,none,0,1,1,1,15184.8,15548.0,6092.0,6492.0,15184.8,9.8838,0.99473,0.001892,0.31368,почти статично / риск «застывания»,не брать: слишком статично для требования «не застыло»,"визуально совпадает с original при том же seed; выигрыш только после выгрузки T5; distilled чище и улыбчивее, но движение более слабое; lowres 384→512: лицо мягче/мыльнее, но движение сохраняется; temporal subsample/interpolation сглаживает и делает ролик более статичным; compile визуально не меняет, но в этом запуске сильно замедлил"
text-precompute__ckpt-distilled__q-none__compile-1__offload-none__vae-tiling-1__fast-steps-1__lowres-0__temporal-sub-0,precompute,distilled,none,1,none,1,1,0,0,15184.8,15548.0,6092.0,6476.0,15184.8,11.8528,0.96536,0.008547,0.30978,движение умеренное,второстепенно/не приоритет,"визуально совпадает с original при том же seed; выигрыш только после выгрузки T5; distilled чище и улыбчивее, но движение более слабое; compile визуально не меняет, но в этом запуске сильно замедлил; VAE tiling визуально и по памяти на 512 почти не изменил результат"
text-precompute__ckpt-distilled__q-none__compile-1__offload-none__vae-tiling-1__fast-steps-1__lowres-0__temporal-sub-1,precompute,distilled,none,1,none,1,1,0,1,15184.8,15548.0,6092.1,6462.0,15184.8,10.6421,0.99165,0.003042,0.308275,почти статично / риск «застывания»,не брать: слишком статично для требования «не застыло»,"визуально совпадает с original при том же seed; выигрыш только после выгрузки T5; distilled чище и улыбчивее, но движение более слабое; temporal subsample/interpolation сглаживает и делает ролик более статичным; compile визуально не меняет, но в этом запуске сильно замедлил; VAE tiling визуально и по памяти на 512 почти не изменил результат"
text-precompute__ckpt-distilled__q-none__compile-1__offload-none__vae-tiling-1__fast-steps-1__lowres-1__temporal-sub-0,precompute,distilled,none,1,none,1,1,1,0,15184.8,15548.0,6092.2,6460.0,15184.8,9.8139,0.978735,0.005847,0.318623,движение слабое; выглядит почти статично,"условно: красивое лицо, но движение слабее base","визуально совпадает с original при том же seed; выигрыш только после выгрузки T5; distilled чище и улыбчивее, но движение более слабое; lowres 384→512: лицо мягче/мыльнее, но движение сохраняется; compile визуально не меняет, но в этом запуске сильно замедлил; VAE tiling визуально и по памяти на 512 почти не изменил результат"
text-precompute__ckpt-distilled__q-none__compile-1__offload-none__vae-tiling-1__fast-steps-1__lowres-1__temporal-sub-1,precompute,distilled,none,1,none,1,1,1,1,15184.8,15548.0,6092.0,6492.0,15184.8,10.9778,0.994605,0.001935,0.314241,почти статично / риск «застывания»,не брать: слишком статично для требования «не застыло»,"визуально совпадает с original при том же seed; выигрыш только после выгрузки T5; distilled чище и улыбчивее, но движение более слабое; lowres 384→512: лицо мягче/мыльнее, но движение сохраняется; temporal subsample/interpolation сглаживает и делает ролик более статичным; compile визуально не меняет, но в этом запуске сильно замедлил; VAE tiling визуально и по памяти на 512 почти не изменил результат"
text-precompute__ckpt-distilled__q-none__compile-1__offload-group__vae-tiling-0__fast-steps-1__lowres-0__temporal-sub-0,precompute,distilled,none,1,group,0,1,0,0,9110.5,9134.0,17.6,392.0,9110.5,53.7585,0.966441,0.008382,0.310319,движение умеренное,второстепенно/не приоритет,"визуально совпадает с original при том же seed; выигрыш только после выгрузки T5; distilled чище и улыбчивее, но движение более слабое; compile визуально не меняет, но в этом запуске сильно замедлил; group offload резко снижает измеренную VRAM, но переносит нагрузку в CPU/RAM"
text-precompute__ckpt-distilled__q-none__compile-1__offload-group__vae-tiling-0__fast-steps-1__lowres-0__temporal-sub-1,precompute,distilled,none,1,group,0,1,0,1,9110.5,9134.0,16.8,820.0,9110.5,40.3536,0.991437,0.003134,0.307999,почти статично / риск «застывания»,не брать: слишком статично для требования «не застыло»,"визуально совпадает с original при том же seed; выигрыш только после выгрузки T5; distilled чище и улыбчивее, но движение более слабое; temporal subsample/interpolation сглаживает и делает ролик более статичным; compile визуально не меняет, но в этом запуске сильно замедлил; group offload резко снижает измеренную VRAM, но переносит нагрузку в CPU/RAM"
text-precompute__ckpt-distilled__q-none__compile-1__offload-group__vae-tiling-0__fast-steps-1__lowres-1__temporal-sub-0,precompute,distilled,none,1,group,0,1,1,0,9110.5,9134.0,16.8,878.0,9110.5,26.6991,0.978871,0.005769,0.31879,движение слабое; выглядит почти статично,"условно: красивое лицо, но движение слабее base","визуально совпадает с original при том же seed; выигрыш только после выгрузки T5; distilled чище и улыбчивее, но движение более слабое; lowres 384→512: лицо мягче/мыльнее, но движение сохраняется; compile визуально не меняет, но в этом запуске сильно замедлил; group offload резко снижает измеренную VRAM, но переносит нагрузку в CPU/RAM"
text-precompute__ckpt-distilled__q-none__compile-1__offload-group__vae-tiling-0__fast-steps-1__lowres-1__temporal-sub-1,precompute,distilled,none,1,group,0,1,1,1,9110.5,9134.0,16.8,488.0,9110.5,21.873,0.99434,0.001995,0.312817,почти статично / риск «застывания»,не брать: слишком статично для требования «не застыло»,"визуально совпадает с original при том же seed; выигрыш только после выгрузки T5; distilled чище и улыбчивее, но движение более слабое; lowres 384→512: лицо мягче/мыльнее, но движение сохраняется; temporal subsample/interpolation сглаживает и делает ролик более статичным; compile визуально не меняет, но в этом запуске сильно замедлил; group offload резко снижает измеренную VRAM, но переносит нагрузку в CPU/RAM"
text-precompute__ckpt-distilled__q-none__compile-1__offload-group__vae-tiling-1__fast-steps-1__lowres-0__temporal-sub-0,precompute,distilled,none,1,group,1,1,0,0,9110.5,9134.0,17.6,392.0,9110.5,30.7567,0.966441,0.008382,0.310319,движение умеренное,второстепенно/не приоритет,"визуально совпадает с original при том же seed; выигрыш только после выгрузки T5; distilled чище и улыбчивее, но движение более слабое; compile визуально не меняет, но в этом запуске сильно замедлил; VAE tiling визуально и по памяти на 512 почти не изменил результат; group offload резко снижает измеренную VRAM, но переносит нагрузку в CPU/RAM"
text-precompute__ckpt-distilled__q-none__compile-1__offload-group__vae-tiling-1__fast-steps-1__lowres-0__temporal-sub-1,precompute,distilled,none,1,group,1,1,0,1,9110.5,9134.0,16.8,820.0,9110.5,32.2244,0.991437,0.003134,0.307999,почти статично / риск «застывания»,не брать: слишком статично для требования «не застыло»,"визуально совпадает с original при том же seed; выигрыш только после выгрузки T5; distilled чище и улыбчивее, но движение более слабое; temporal subsample/interpolation сглаживает и делает ролик более статичным; compile визуально не меняет, но в этом запуске сильно замедлил; VAE tiling визуально и по памяти на 512 почти не изменил результат; group offload резко снижает измеренную VRAM, но переносит нагрузку в CPU/RAM"
text-precompute__ckpt-distilled__q-none__compile-1__offload-group__vae-tiling-1__fast-steps-1__lowres-1__temporal-sub-0,precompute,distilled,none,1,group,1,1,1,0,9110.5,9134.0,16.8,878.0,9110.5,22.2522,0.978871,0.005769,0.31879,движение слабое; выглядит почти статично,"условно: красивое лицо, но движение слабее base","визуально совпадает с original при том же seed; выигрыш только после выгрузки T5; distilled чище и улыбчивее, но движение более слабое; lowres 384→512: лицо мягче/мыльнее, но движение сохраняется; compile визуально не меняет, но в этом запуске сильно замедлил; VAE tiling визуально и по памяти на 512 почти не изменил результат; group offload резко снижает измеренную VRAM, но переносит нагрузку в CPU/RAM"
text-precompute__ckpt-distilled__q-none__compile-1__offload-group__vae-tiling-1__fast-steps-1__lowres-1__temporal-sub-1,precompute,distilled,none,1,group,1,1,1,1,9110.5,9134.0,16.8,488.0,9110.5,23.724,0.99434,0.001995,0.312817,почти статично / риск «застывания»,не брать: слишком статично для требования «не застыло»,"визуально совпадает с original при том же seed; выигрыш только после выгрузки T5; distilled чище и улыбчивее, но движение более слабое; lowres 384→512: лицо мягче/мыльнее, но движение сохраняется; temporal subsample/interpolation сглаживает и делает ролик более статичным; compile визуально не меняет, но в этом запуске сильно замедлил; VAE tiling визуально и по памяти на 512 почти не изменил результат; group offload резко снижает измеренную VRAM, но переносит нагрузку в CPU/RAM"
text-precompute__ckpt-distilled__q-int8__compile-0__offload-none__vae-tiling-0__fast-steps-1__lowres-0__temporal-sub-0,precompute,distilled,int8,0,none,0,1,0,0,13624.8,13654.0,4531.1,4900.0,13624.8,3.011,0.96536,0.008747,0.306096,движение умеренное,второстепенно/не приоритет,"визуально совпадает с original при том же seed; выигрыш только после выгрузки T5; distilled чище и улыбчивее, но движение более слабое; INT8 визуально приемлем, но по памяти в этом запуске невыгоден"
text-precompute__ckpt-distilled__q-int8__compile-0__offload-none__vae-tiling-0__fast-steps-1__lowres-0__temporal-sub-1,precompute,distilled,int8,0,none,0,1,0,1,13624.8,13654.0,4531.1,5250.0,13624.8,2.4063,0.992141,0.002921,0.307449,почти статично / риск «застывания»,не брать: слишком статично для требования «не застыло»,"визуально совпадает с original при том же seed; выигрыш только после выгрузки T5; distilled чище и улыбчивее, но движение более слабое; INT8 визуально приемлем, но по памяти в этом запуске невыгоден; temporal subsample/interpolation сглаживает и делает ролик более статичным"
text-precompute__ckpt-distilled__q-int8__compile-0__offload-none__vae-tiling-0__fast-steps-1__lowres-1__temporal-sub-0,precompute,distilled,int8,0,none,0,1,1,0,13624.8,13654.0,4531.1,5308.0,13624.8,2.3614,0.978874,0.005806,0.318542,движение слабое; выглядит почти статично,"условно: красивое лицо, но движение слабее base","визуально совпадает с original при том же seed; выигрыш только после выгрузки T5; distilled чище и улыбчивее, но движение более слабое; INT8 визуально приемлем, но по памяти в этом запуске невыгоден; lowres 384→512: лицо мягче/мыльнее, но движение сохраняется"
text-precompute__ckpt-distilled__q-int8__compile-0__offload-none__vae-tiling-0__fast-steps-1__lowres-1__temporal-sub-1,precompute,distilled,int8,0,none,0,1,1,1,13624.8,13654.0,4531.1,4944.0,13624.8,1.9536,0.994674,0.001913,0.31458,почти статично / риск «застывания»,не брать: слишком статично для требования «не застыло»,"визуально совпадает с original при том же seed; выигрыш только после выгрузки T5; distilled чище и улыбчивее, но движение более слабое; INT8 визуально приемлем, но по памяти в этом запуске невыгоден; lowres 384→512: лицо мягче/мыльнее, но движение сохраняется; temporal subsample/interpolation сглаживает и делает ролик более статичным"
text-precompute__ckpt-distilled__q-int8__compile-0__offload-none__vae-tiling-1__fast-steps-1__lowres-0__temporal-sub-0,precompute,distilled,int8,0,none,1,1,0,0,13624.8,13654.0,4531.1,4900.0,13624.8,3.0563,0.96536,0.008747,0.306096,движение умеренное,второстепенно/не приоритет,"визуально совпадает с original при том же seed; выигрыш только после выгрузки T5; distilled чище и улыбчивее, но движение более слабое; INT8 визуально приемлем, но по памяти в этом запуске невыгоден; VAE tiling визуально и по памяти на 512 почти не изменил результат"
text-precompute__ckpt-distilled__q-int8__compile-0__offload-none__vae-tiling-1__fast-steps-1__lowres-0__temporal-sub-1,precompute,distilled,int8,0,none,1,1,0,1,13624.8,13654.0,4531.1,5250.0,13624.8,2.234,0.992141,0.002921,0.307449,почти статично / риск «застывания»,не брать: слишком статично для требования «не застыло»,"визуально совпадает с original при том же seed; выигрыш только после выгрузки T5; distilled чище и улыбчивее, но движение более слабое; INT8 визуально приемлем, но по памяти в этом запуске невыгоден; temporal subsample/interpolation сглаживает и делает ролик более статичным; VAE tiling визуально и по памяти на 512 почти не изменил результат"
text-precompute__ckpt-distilled__q-int8__compile-0__offload-none__vae-tiling-1__fast-steps-1__lowres-1__temporal-sub-0,precompute,distilled,int8,0,none,1,1,1,0,13624.8,13654.0,4531.1,5308.0,13624.8,2.1099,0.978874,0.005806,0.318542,движение слабое; выглядит почти статично,"условно: красивое лицо, но движение слабее base","визуально совпадает с original при том же seed; выигрыш только после выгрузки T5; distilled чище и улыбчивее, но движение более слабое; INT8 визуально приемлем, но по памяти в этом запуске невыгоден; lowres 384→512: лицо мягче/мыльнее, но движение сохраняется; VAE tiling визуально и по памяти на 512 почти не изменил результат"
text-precompute__ckpt-distilled__q-int8__compile-0__offload-none__vae-tiling-1__fast-steps-1__lowres-1__temporal-sub-1,precompute,distilled,int8,0,none,1,1,1,1,13624.8,13654.0,4531.1,4944.0,13624.8,2.2262,0.994674,0.001913,0.31458,почти статично / риск «застывания»,не брать: слишком статично для требования «не застыло»,"визуально совпадает с original при том же seed; выигрыш только после выгрузки T5; distilled чище и улыбчивее, но движение более слабое; INT8 визуально приемлем, но по памяти в этом запуске невыгоден; lowres 384→512: лицо мягче/мыльнее, но движение сохраняется; temporal subsample/interpolation сглаживает и делает ролик более статичным; VAE tiling визуально и по памяти на 512 почти не изменил результат"
text-precompute__ckpt-distilled__q-int8__compile-1__offload-none__vae-tiling-0__fast-steps-1__lowres-0__temporal-sub-0,precompute,distilled,int8,1,none,0,1,0,0,13624.8,13654.0,4531.8,4900.0,13624.8,18.2605,0.965211,0.008815,0.304846,движение умеренное,второстепенно/не приоритет,"визуально совпадает с original при том же seed; выигрыш только после выгрузки T5; distilled чище и улыбчивее, но движение более слабое; INT8 визуально приемлем, но по памяти в этом запуске невыгоден; compile визуально не меняет, но в этом запуске сильно замедлил"
text-precompute__ckpt-distilled__q-int8__compile-1__offload-none__vae-tiling-0__fast-steps-1__lowres-0__temporal-sub-1,precompute,distilled,int8,1,none,0,1,0,1,13624.8,13654.0,4531.9,5460.0,13624.8,18.3127,0.992207,0.00289,0.307792,почти статично / риск «застывания»,не брать: слишком статично для требования «не застыло»,"визуально совпадает с original при том же seed; выигрыш только после выгрузки T5; distilled чище и улыбчивее, но движение более слабое; INT8 визуально приемлем, но по памяти в этом запуске невыгоден; temporal subsample/interpolation сглаживает и делает ролик более статичным; compile визуально не меняет, но в этом запуске сильно замедлил"
text-precompute__ckpt-distilled__q-int8__compile-1__offload-none__vae-tiling-0__fast-steps-1__lowres-1__temporal-sub-0,precompute,distilled,int8,1,none,0,1,1,0,13624.8,13654.0,4531.1,5328.0,13624.8,18.3519,0.978281,0.005907,0.318904,движение слабое; выглядит почти статично,"условно: красивое лицо, но движение слабее base","визуально совпадает с original при том же seed; выигрыш только после выгрузки T5; distilled чище и улыбчивее, но движение более слабое; INT8 визуально приемлем, но по памяти в этом запуске невыгоден; lowres 384→512: лицо мягче/мыльнее, но движение сохраняется; compile визуально не меняет, но в этом запуске сильно замедлил"
text-precompute__ckpt-distilled__q-int8__compile-1__offload-none__vae-tiling-0__fast-steps-1__lowres-1__temporal-sub-1,precompute,distilled,int8,1,none,0,1,1,1,13624.8,13654.0,4531.1,4942.0,13624.8,18.5558,0.994405,0.002001,0.314189,почти статично / риск «застывания»,не брать: слишком статично для требования «не застыло»,"визуально совпадает с original при том же seed; выигрыш только после выгрузки T5; distilled чище и улыбчивее, но движение более слабое; INT8 визуально приемлем, но по памяти в этом запуске невыгоден; lowres 384→512: лицо мягче/мыльнее, но движение сохраняется; temporal subsample/interpolation сглаживает и делает ролик более статичным; compile визуально не меняет, но в этом запуске сильно замедлил"
text-precompute__ckpt-distilled__q-int8__compile-1__offload-none__vae-tiling-1__fast-steps-1__lowres-0__temporal-sub-0,precompute,distilled,int8,1,none,1,1,0,0,13624.8,13654.0,4531.8,4900.0,13624.8,15.9427,0.964869,0.008736,0.306179,движение умеренное,второстепенно/не приоритет,"визуально совпадает с original при том же seed; выигрыш только после выгрузки T5; distilled чище и улыбчивее, но движение более слабое; INT8 визуально приемлем, но по памяти в этом запуске невыгоден; compile визуально не меняет, но в этом запуске сильно замедлил; VAE tiling визуально и по памяти на 512 почти не изменил результат"
text-precompute__ckpt-distilled__q-int8__compile-1__offload-none__vae-tiling-1__fast-steps-1__lowres-0__temporal-sub-1,precompute,distilled,int8,1,none,1,1,0,1,13624.8,13654.0,4531.9,5460.0,13624.8,19.7041,0.992012,0.002953,0.308041,почти статично / риск «застывания»,не брать: слишком статично для требования «не застыло»,"визуально совпадает с original при том же seed; выигрыш только после выгрузки T5; distilled чище и улыбчивее, но движение более слабое; INT8 визуально приемлем, но по памяти в этом запуске невыгоден; temporal subsample/interpolation сглаживает и делает ролик более статичным; compile визуально не меняет, но в этом запуске сильно замедлил; VAE tiling визуально и по памяти на 512 почти не изменил результат"
text-precompute__ckpt-distilled__q-int8__compile-1__offload-none__vae-tiling-1__fast-steps-1__lowres-1__temporal-sub-0,precompute,distilled,int8,1,none,1,1,1,0,13624.8,13654.0,4531.1,5328.0,13624.8,20.0119,0.978138,0.005931,0.318898,движение слабое; выглядит почти статично,"условно: красивое лицо, но движение слабее base","визуально совпадает с original при том же seed; выигрыш только после выгрузки T5; distilled чище и улыбчивее, но движение более слабое; INT8 визуально приемлем, но по памяти в этом запуске невыгоден; lowres 384→512: лицо мягче/мыльнее, но движение сохраняется; compile визуально не меняет, но в этом запуске сильно замедлил; VAE tiling визуально и по памяти на 512 почти не изменил результат"
text-precompute__ckpt-distilled__q-int8__compile-1__offload-none__vae-tiling-1__fast-steps-1__lowres-1__temporal-sub-1,precompute,distilled,int8,1,none,1,1,1,1,13624.8,13654.0,4531.1,4942.0,13624.8,18.8752,0.994552,0.001955,0.315056,почти статично / риск «застывания»,не брать: слишком статично для требования «не застыло»,"визуально совпадает с original при том же seed; выигрыш только после выгрузки T5; distilled чище и улыбчивее, но движение более слабое; INT8 визуально приемлем, но по памяти в этом запуске невыгоден; lowres 384→512: лицо мягче/мыльнее, но движение сохраняется; temporal subsample/interpolation сглаживает и делает ролик более статичным; compile визуально не меняет, но в этом запуске сильно замедлил; VAE tiling визуально и по памяти на 512 почти не изменил результат"
text-precompute__ckpt-distilled_fp8__q-none__compile-0__offload-none__vae-tiling-0__fast-steps-1__lowres-0__temporal-sub-0,precompute,distilled_fp8,none,0,none,0,1,0,0,15184.8,15548.0,6092.3,6460.0,15184.8,3.6853,0.968438,0.008441,0.309514,движение умеренное,второстепенно/не приоритет,"визуально совпадает с original при том же seed; выигрыш только после выгрузки T5; distilled_fp8 похож на distilled: чистое лицо, но малое движение"
text-precompute__ckpt-distilled_fp8__q-none__compile-0__offload-none__vae-tiling-0__fast-steps-1__lowres-0__temporal-sub-1,precompute,distilled_fp8,none,0,none,0,1,0,1,15184.8,15548.0,6092.3,6462.0,15184.8,2.2416,0.991133,0.003237,0.30722,почти статично / риск «застывания»,не брать: слишком статично для требования «не застыло»,"визуально совпадает с original при том же seed; выигрыш только после выгрузки T5; distilled_fp8 похож на distilled: чистое лицо, но малое движение; temporal subsample/interpolation сглаживает и делает ролик более статичным"
text-precompute__ckpt-distilled_fp8__q-none__compile-0__offload-none__vae-tiling-0__fast-steps-1__lowres-1__temporal-sub-0,precompute,distilled_fp8,none,0,none,0,1,1,0,15184.8,15548.0,6092.3,6460.0,15184.8,2.6123,0.979332,0.005942,0.318991,движение слабое; выглядит почти статично,"условно: красивое лицо, но движение слабее base","визуально совпадает с original при том же seed; выигрыш только после выгрузки T5; distilled_fp8 похож на distilled: чистое лицо, но малое движение; lowres 384→512: лицо мягче/мыльнее, но движение сохраняется"
text-precompute__ckpt-distilled_fp8__q-none__compile-0__offload-none__vae-tiling-0__fast-steps-1__lowres-1__temporal-sub-1,precompute,distilled_fp8,none,0,none,0,1,1,1,15184.8,15548.0,6092.3,6462.0,15184.8,3.5853,0.995906,0.001475,0.314398,почти статично / риск «застывания»,не брать: слишком статично для требования «не застыло»,"визуально совпадает с original при том же seed; выигрыш только после выгрузки T5; distilled_fp8 похож на distilled: чистое лицо, но малое движение; lowres 384→512: лицо мягче/мыльнее, но движение сохраняется; temporal subsample/interpolation сглаживает и делает ролик более статичным"
text-precompute__ckpt-distilled_fp8__q-none__compile-0__offload-none__vae-tiling-1__fast-steps-1__lowres-0__temporal-sub-0,precompute,distilled_fp8,none,0,none,1,1,0,0,15184.8,15548.0,6092.3,6460.0,15184.8,3.2292,0.968438,0.008441,0.309514,движение умеренное,второстепенно/не приоритет,"визуально совпадает с original при том же seed; выигрыш только после выгрузки T5; distilled_fp8 похож на distilled: чистое лицо, но малое движение; VAE tiling визуально и по памяти на 512 почти не изменил результат"
text-precompute__ckpt-distilled_fp8__q-none__compile-0__offload-none__vae-tiling-1__fast-steps-1__lowres-0__temporal-sub-1,precompute,distilled_fp8,none,0,none,1,1,0,1,15184.8,15548.0,6092.3,6462.0,15184.8,2.9577,0.991133,0.003237,0.30722,почти статично / риск «застывания»,не брать: слишком статично для требования «не застыло»,"визуально совпадает с original при том же seed; выигрыш только после выгрузки T5; distilled_fp8 похож на distilled: чистое лицо, но малое движение; temporal subsample/interpolation сглаживает и делает ролик более статичным; VAE tiling визуально и по памяти на 512 почти не изменил результат"
text-precompute__ckpt-distilled_fp8__q-none__compile-0__offload-none__vae-tiling-1__fast-steps-1__lowres-1__temporal-sub-0,precompute,distilled_fp8,none,0,none,1,1,1,0,15184.8,15548.0,6092.3,6460.0,15184.8,2.9856,0.979332,0.005942,0.318991,движение слабое; выглядит почти статично,"условно: красивое лицо, но движение слабее base","визуально совпадает с original при том же seed; выигрыш только после выгрузки T5; distilled_fp8 похож на distilled: чистое лицо, но малое движение; lowres 384→512: лицо мягче/мыльнее, но движение сохраняется; VAE tiling визуально и по памяти на 512 почти не изменил результат"
text-precompute__ckpt-distilled_fp8__q-none__compile-0__offload-none__vae-tiling-1__fast-steps-1__lowres-1__temporal-sub-1,precompute,distilled_fp8,none,0,none,1,1,1,1,15184.8,15548.0,6092.3,6462.0,15184.8,1.8453,0.995906,0.001475,0.314398,почти статично / риск «застывания»,не брать: слишком статично для требования «не застыло»,"визуально совпадает с original при том же seed; выигрыш только после выгрузки T5; distilled_fp8 похож на distilled: чистое лицо, но малое движение; lowres 384→512: лицо мягче/мыльнее, но движение сохраняется; temporal subsample/interpolation сглаживает и делает ролик более статичным; VAE tiling визуально и по памяти на 512 почти не изменил результат"
text-precompute__ckpt-distilled_fp8__q-none__compile-0__offload-group__vae-tiling-0__fast-steps-1__lowres-0__temporal-sub-0,precompute,distilled_fp8,none,0,group,0,1,0,0,9110.5,9134.0,16.8,380.0,9110.5,14.7654,0.968438,0.008441,0.309514,движение умеренное,второстепенно/не приоритет,"визуально совпадает с original при том же seed; выигрыш только после выгрузки T5; distilled_fp8 похож на distilled: чистое лицо, но малое движение; group offload резко снижает измеренную VRAM, но переносит нагрузку в CPU/RAM"
text-precompute__ckpt-distilled_fp8__q-none__compile-0__offload-group__vae-tiling-0__fast-steps-1__lowres-0__temporal-sub-1,precompute,distilled_fp8,none,0,group,0,1,0,1,9110.5,9134.0,16.8,730.0,9110.5,13.6109,0.991133,0.003237,0.30722,почти статично / риск «застывания»,не брать: слишком статично для требования «не застыло»,"визуально совпадает с original при том же seed; выигрыш только после выгрузки T5; distilled_fp8 похож на distilled: чистое лицо, но малое движение; temporal subsample/interpolation сглаживает и делает ролик более статичным; group offload резко снижает измеренную VRAM, но переносит нагрузку в CPU/RAM"
text-precompute__ckpt-distilled_fp8__q-none__compile-0__offload-group__vae-tiling-0__fast-steps-1__lowres-1__temporal-sub-0,precompute,distilled_fp8,none,0,group,0,1,1,0,9110.5,9134.0,16.8,786.0,9110.5,11.7995,0.979332,0.005942,0.318991,движение слабое; выглядит почти статично,"условно: красивое лицо, но движение слабее base","визуально совпадает с original при том же seed; выигрыш только после выгрузки T5; distilled_fp8 похож на distilled: чистое лицо, но малое движение; lowres 384→512: лицо мягче/мыльнее, но движение сохраняется; group offload резко снижает измеренную VRAM, но переносит нагрузку в CPU/RAM"
text-precompute__ckpt-distilled_fp8__q-none__compile-0__offload-group__vae-tiling-0__fast-steps-1__lowres-1__temporal-sub-1,precompute,distilled_fp8,none,0,group,0,1,1,1,9110.5,9134.0,16.8,424.0,9110.5,15.4016,0.995906,0.001475,0.314398,почти статично / риск «застывания»,не брать: слишком статично для требования «не застыло»,"визуально совпадает с original при том же seed; выигрыш только после выгрузки T5; distilled_fp8 похож на distilled: чистое лицо, но малое движение; lowres 384→512: лицо мягче/мыльнее, но движение сохраняется; temporal subsample/interpolation сглаживает и делает ролик более статичным; group offload резко снижает измеренную VRAM, но переносит нагрузку в CPU/RAM"
text-precompute__ckpt-distilled_fp8__q-none__compile-0__offload-group__vae-tiling-1__fast-steps-1__lowres-0__temporal-sub-0,precompute,distilled_fp8,none,0,group,1,1,0,0,9110.5,9134.0,16.8,380.0,9110.5,13.3393,0.968438,0.008441,0.309514,движение умеренное,второстепенно/не приоритет,"визуально совпадает с original при том же seed; выигрыш только после выгрузки T5; distilled_fp8 похож на distilled: чистое лицо, но малое движение; VAE tiling визуально и по памяти на 512 почти не изменил результат; group offload резко снижает измеренную VRAM, но переносит нагрузку в CPU/RAM"
text-precompute__ckpt-distilled_fp8__q-none__compile-0__offload-group__vae-tiling-1__fast-steps-1__lowres-0__temporal-sub-1,precompute,distilled_fp8,none,0,group,1,1,0,1,9110.5,9134.0,16.8,730.0,9110.5,15.4501,0.991133,0.003237,0.30722,почти статично / риск «застывания»,не брать: слишком статично для требования «не застыло»,"визуально совпадает с original при том же seed; выигрыш только после выгрузки T5; distilled_fp8 похож на distilled: чистое лицо, но малое движение; temporal subsample/interpolation сглаживает и делает ролик более статичным; VAE tiling визуально и по памяти на 512 почти не изменил результат; group offload резко снижает измеренную VRAM, но переносит нагрузку в CPU/RAM"
text-precompute__ckpt-distilled_fp8__q-none__compile-0__offload-group__vae-tiling-1__fast-steps-1__lowres-1__temporal-sub-0,precompute,distilled_fp8,none,0,group,1,1,1,0,9110.5,9134.0,16.8,786.0,9110.5,13.7182,0.979332,0.005942,0.318991,движение слабое; выглядит почти статично,"условно: красивое лицо, но движение слабее base","визуально совпадает с original при том же seed; выигрыш только после выгрузки T5; distilled_fp8 похож на distilled: чистое лицо, но малое движение; lowres 384→512: лицо мягче/мыльнее, но движение сохраняется; VAE tiling визуально и по памяти на 512 почти не изменил результат; group offload резко снижает измеренную VRAM, но переносит нагрузку в CPU/RAM"
text-precompute__ckpt-distilled_fp8__q-none__compile-0__offload-group__vae-tiling-1__fast-steps-1__lowres-1__temporal-sub-1,precompute,distilled_fp8,none,0,group,1,1,1,1,9110.5,9134.0,16.8,424.0,9110.5,13.8024,0.995906,0.001475,0.314398,почти статично / риск «застывания»,не брать: слишком статично для требования «не застыло»,"визуально совпадает с original при том же seed; выигрыш только после выгрузки T5; distilled_fp8 похож на distilled: чистое лицо, но малое движение; lowres 384→512: лицо мягче/мыльнее, но движение сохраняется; temporal subsample/interpolation сглаживает и делает ролик более статичным; VAE tiling визуально и по памяти на 512 почти не изменил результат; group offload резко снижает измеренную VRAM, но переносит нагрузку в CPU/RAM"
text-precompute__ckpt-distilled_fp8__q-none__compile-1__offload-none__vae-tiling-0__fast-steps-1__lowres-0__temporal-sub-0,precompute,distilled_fp8,none,1,none,0,1,0,0,15184.8,15548.0,6092.0,6476.0,15184.8,11.1194,0.969068,0.008446,0.30683,движение умеренное,второстепенно/не приоритет,"визуально совпадает с original при том же seed; выигрыш только после выгрузки T5; distilled_fp8 похож на distilled: чистое лицо, но малое движение; compile визуально не меняет, но в этом запуске сильно замедлил"
text-precompute__ckpt-distilled_fp8__q-none__compile-1__offload-none__vae-tiling-0__fast-steps-1__lowres-0__temporal-sub-1,precompute,distilled_fp8,none,1,none,0,1,0,1,15184.8,15548.0,6092.1,6462.0,15184.8,11.0847,0.99091,0.003298,0.306141,почти статично / риск «застывания»,не брать: слишком статично для требования «не застыло»,"визуально совпадает с original при том же seed; выигрыш только после выгрузки T5; distilled_fp8 похож на distilled: чистое лицо, но малое движение; temporal subsample/interpolation сглаживает и делает ролик более статичным; compile визуально не меняет, но в этом запуске сильно замедлил"
text-precompute__ckpt-distilled_fp8__q-none__compile-1__offload-none__vae-tiling-0__fast-steps-1__lowres-1__temporal-sub-0,precompute,distilled_fp8,none,1,none,0,1,1,0,15184.8,15548.0,6092.2,6460.0,15184.8,10.7576,0.978678,0.006027,0.319495,движение слабое; выглядит почти статично,"условно: красивое лицо, но движение слабее base","визуально совпадает с original при том же seed; выигрыш только после выгрузки T5; distilled_fp8 похож на distilled: чистое лицо, но малое движение; lowres 384→512: лицо мягче/мыльнее, но движение сохраняется; compile визуально не меняет, но в этом запуске сильно замедлил"
text-precompute__ckpt-distilled_fp8__q-none__compile-1__offload-none__vae-tiling-0__fast-steps-1__lowres-1__temporal-sub-1,precompute,distilled_fp8,none,1,none,0,1,1,1,15184.8,15548.0,6092.0,6492.0,15184.8,10.2687,0.995844,0.001515,0.314321,почти статично / риск «застывания»,не брать: слишком статично для требования «не застыло»,"визуально совпадает с original при том же seed; выигрыш только после выгрузки T5; distilled_fp8 похож на distilled: чистое лицо, но малое движение; lowres 384→512: лицо мягче/мыльнее, но движение сохраняется; temporal subsample/interpolation сглаживает и делает ролик более статичным; compile визуально не меняет, но в этом запуске сильно замедлил"
text-precompute__ckpt-distilled_fp8__q-none__compile-1__offload-none__vae-tiling-1__fast-steps-1__lowres-0__temporal-sub-0,precompute,distilled_fp8,none,1,none,1,1,0,0,15184.8,15548.0,6092.0,6476.0,15184.8,11.3691,0.967936,0.008647,0.308547,движение умеренное,второстепенно/не приоритет,"визуально совпадает с original при том же seed; выигрыш только после выгрузки T5; distilled_fp8 похож на distilled: чистое лицо, но малое движение; compile визуально не меняет, но в этом запуске сильно замедлил; VAE tiling визуально и по памяти на 512 почти не изменил результат"
text-precompute__ckpt-distilled_fp8__q-none__compile-1__offload-none__vae-tiling-1__fast-steps-1__lowres-0__temporal-sub-1,precompute,distilled_fp8,none,1,none,1,1,0,1,15184.8,15548.0,6092.1,6462.0,15184.8,10.1274,0.99091,0.003298,0.306141,почти статично / риск «застывания»,не брать: слишком статично для требования «не застыло»,"визуально совпадает с original при том же seed; выигрыш только после выгрузки T5; distilled_fp8 похож на distilled: чистое лицо, но малое движение; temporal subsample/interpolation сглаживает и делает ролик более статичным; compile визуально не меняет, но в этом запуске сильно замедлил; VAE tiling визуально и по памяти на 512 почти не изменил результат"
text-precompute__ckpt-distilled_fp8__q-none__compile-1__offload-none__vae-tiling-1__fast-steps-1__lowres-1__temporal-sub-0,precompute,distilled_fp8,none,1,none,1,1,1,0,15184.8,15548.0,6092.2,6460.0,15184.8,10.6201,0.978747,0.00601,0.318939,движение слабое; выглядит почти статично,"условно: красивое лицо, но движение слабее base","визуально совпадает с original при том же seed; выигрыш только после выгрузки T5; distilled_fp8 похож на distilled: чистое лицо, но малое движение; lowres 384→512: лицо мягче/мыльнее, но движение сохраняется; compile визуально не меняет, но в этом запуске сильно замедлил; VAE tiling визуально и по памяти на 512 почти не изменил результат"
text-precompute__ckpt-distilled_fp8__q-none__compile-1__offload-none__vae-tiling-1__fast-steps-1__lowres-1__temporal-sub-1,precompute,distilled_fp8,none,1,none,1,1,1,1,15184.8,15548.0,6092.0,6492.0,15184.8,10.3244,0.996105,0.001431,0.314403,почти статично / риск «застывания»,не брать: слишком статично для требования «не застыло»,"визуально совпадает с original при том же seed; выигрыш только после выгрузки T5; distilled_fp8 похож на distilled: чистое лицо, но малое движение; lowres 384→512: лицо мягче/мыльнее, но движение сохраняется; temporal subsample/interpolation сглаживает и делает ролик более статичным; compile визуально не меняет, но в этом запуске сильно замедлил; VAE tiling визуально и по памяти на 512 почти не изменил результат"
text-precompute__ckpt-distilled_fp8__q-none__compile-1__offload-group__vae-tiling-0__fast-steps-1__lowres-0__temporal-sub-0,precompute,distilled_fp8,none,1,group,0,1,0,0,9110.5,9134.0,17.6,392.0,9110.5,39.8168,0.967485,0.00859,0.309936,движение умеренное,второстепенно/не приоритет,"визуально совпадает с original при том же seed; выигрыш только после выгрузки T5; distilled_fp8 похож на distilled: чистое лицо, но малое движение; compile визуально не меняет, но в этом запуске сильно замедлил; group offload резко снижает измеренную VRAM, но переносит нагрузку в CPU/RAM"
text-precompute__ckpt-distilled_fp8__q-none__compile-1__offload-group__vae-tiling-0__fast-steps-1__lowres-0__temporal-sub-1,precompute,distilled_fp8,none,1,group,0,1,0,1,9110.5,9134.0,16.8,820.0,9110.5,20.7181,0.991073,0.003251,0.306391,почти статично / риск «застывания»,не брать: слишком статично для требования «не застыло»,"визуально совпадает с original при том же seed; выигрыш только после выгрузки T5; distilled_fp8 похож на distilled: чистое лицо, но малое движение; temporal subsample/interpolation сглаживает и делает ролик более статичным; compile визуально не меняет, но в этом запуске сильно замедлил; group offload резко снижает измеренную VRAM, но переносит нагрузку в CPU/RAM"
text-precompute__ckpt-distilled_fp8__q-none__compile-1__offload-group__vae-tiling-0__fast-steps-1__lowres-1__temporal-sub-0,precompute,distilled_fp8,none,1,group,0,1,1,0,9110.5,9134.0,16.8,878.0,9110.5,25.2369,0.979455,0.005886,0.318594,движение слабое; выглядит почти статично,"условно: красивое лицо, но движение слабее base","визуально совпадает с original при том же seed; выигрыш только после выгрузки T5; distilled_fp8 похож на distilled: чистое лицо, но малое движение; lowres 384→512: лицо мягче/мыльнее, но движение сохраняется; compile визуально не меняет, но в этом запуске сильно замедлил; group offload резко снижает измеренную VRAM, но переносит нагрузку в CPU/RAM"
text-precompute__ckpt-distilled_fp8__q-none__compile-1__offload-group__vae-tiling-0__fast-steps-1__lowres-1__temporal-sub-1,precompute,distilled_fp8,none,1,group,0,1,1,1,9110.5,9134.0,16.8,488.0,9110.5,28.3316,0.995678,0.001561,0.315644,почти статично / риск «застывания»,не брать: слишком статично для требования «не застыло»,"визуально совпадает с original при том же seed; выигрыш только после выгрузки T5; distilled_fp8 похож на distilled: чистое лицо, но малое движение; lowres 384→512: лицо мягче/мыльнее, но движение сохраняется; temporal subsample/interpolation сглаживает и делает ролик более статичным; compile визуально не меняет, но в этом запуске сильно замедлил; group offload резко снижает измеренную VRAM, но переносит нагрузку в CPU/RAM"
text-precompute__ckpt-distilled_fp8__q-none__compile-1__offload-group__vae-tiling-1__fast-steps-1__lowres-0__temporal-sub-0,precompute,distilled_fp8,none,1,group,1,1,0,0,9110.5,9134.0,17.6,392.0,9110.5,22.0145,0.967485,0.00859,0.309936,движение умеренное,второстепенно/не приоритет,"визуально совпадает с original при том же seed; выигрыш только после выгрузки T5; distilled_fp8 похож на distilled: чистое лицо, но малое движение; compile визуально не меняет, но в этом запуске сильно замедлил; VAE tiling визуально и по памяти на 512 почти не изменил результат; group offload резко снижает измеренную VRAM, но переносит нагрузку в CPU/RAM"
text-precompute__ckpt-distilled_fp8__q-none__compile-1__offload-group__vae-tiling-1__fast-steps-1__lowres-0__temporal-sub-1,precompute,distilled_fp8,none,1,group,1,1,0,1,9110.5,9134.0,16.8,820.0,9110.5,23.1484,0.991073,0.003251,0.306391,почти статично / риск «застывания»,не брать: слишком статично для требования «не застыло»,"визуально совпадает с original при том же seed; выигрыш только после выгрузки T5; distilled_fp8 похож на distilled: чистое лицо, но малое движение; temporal subsample/interpolation сглаживает и делает ролик более статичным; compile визуально не меняет, но в этом запуске сильно замедлил; VAE tiling визуально и по памяти на 512 почти не изменил результат; group offload резко снижает измеренную VRAM, но переносит нагрузку в CPU/RAM"
text-precompute__ckpt-distilled_fp8__q-none__compile-1__offload-group__vae-tiling-1__fast-steps-1__lowres-1__temporal-sub-0,precompute,distilled_fp8,none,1,group,1,1,1,0,9110.5,9134.0,16.8,878.0,9110.5,24.5649,0.979455,0.005886,0.318594,движение слабое; выглядит почти статично,"условно: красивое лицо, но движение слабее base","визуально совпадает с original при том же seed; выигрыш только после выгрузки T5; distilled_fp8 похож на distilled: чистое лицо, но малое движение; lowres 384→512: лицо мягче/мыльнее, но движение сохраняется; compile визуально не меняет, но в этом запуске сильно замедлил; VAE tiling визуально и по памяти на 512 почти не изменил результат; group offload резко снижает измеренную VRAM, но переносит нагрузку в CPU/RAM"
text-precompute__ckpt-distilled_fp8__q-none__compile-1__offload-group__vae-tiling-1__fast-steps-1__lowres-1__temporal-sub-1,precompute,distilled_fp8,none,1,group,1,1,1,1,9110.5,9134.0,16.8,488.0,9110.5,23.5319,0.995678,0.001561,0.315644,почти статично / риск «застывания»,не брать: слишком статично для требования «не застыло»,"визуально совпадает с original при том же seed; выигрыш только после выгрузки T5; distilled_fp8 похож на distilled: чистое лицо, но малое движение; lowres 384→512: лицо мягче/мыльнее, но движение сохраняется; temporal subsample/interpolation сглаживает и делает ролик более статичным; compile визуально не меняет, но в этом запуске сильно замедлил; VAE tiling визуально и по памяти на 512 почти не изменил результат; group offload резко снижает измеренную VRAM, но переносит нагрузку в CPU/RAM"
text-none_zero__ckpt-base__q-none__compile-0__offload-none__vae-tiling-0__fast-steps-0__lowres-0__temporal-sub-0,none_zero,base,none,0,none,0,0,0,0,13585.7,13988.0,10661.4,12160.0,13585.7,4.7292,0.88813,0.01161,,движение заметное; не застыло,"только экспериментально: экономит текстовую часть, но теряется управление промптом","нет текстового управления: лицо/сцена становятся обобщёнными, качество по промпту не оценивать; base даёт больше реального движения волос/лица"
text-none_zero__ckpt-base__q-none__compile-0__offload-none__vae-tiling-0__fast-steps-0__lowres-0__temporal-sub-1,none_zero,base,none,0,none,0,0,0,1,13585.7,13988.0,7659.9,8660.0,13585.7,2.8611,0.980014,0.002516,,движение слабое; выглядит почти статично,не брать: слишком статично для требования «не застыло»,"нет текстового управления: лицо/сцена становятся обобщёнными, качество по промпту не оценивать; base даёт больше реального движения волос/лица; temporal subsample/interpolation сглаживает и делает ролик более статичным"
text-none_zero__ckpt-base__q-none__compile-0__offload-none__vae-tiling-0__fast-steps-0__lowres-1__temporal-sub-0,none_zero,base,none,0,none,0,0,1,0,13585.7,13988.0,7970.4,8976.0,13585.7,2.9603,0.933247,0.031126,,движение умеренное,"только экспериментально: экономит текстовую часть, но теряется управление промптом","нет текстового управления: лицо/сцена становятся обобщёнными, качество по промпту не оценивать; base даёт больше реального движения волос/лица; lowres 384→512: лицо мягче/мыльнее, но движение сохраняется"
text-none_zero__ckpt-base__q-none__compile-0__offload-none__vae-tiling-0__fast-steps-0__lowres-1__temporal-sub-1,none_zero,base,none,0,none,0,0,1,1,13585.7,13988.0,6282.0,7026.0,13585.7,2.892,0.988811,0.013371,,движение слабое; выглядит почти статично,не брать: слишком статично для требования «не застыло»,"нет текстового управления: лицо/сцена становятся обобщёнными, качество по промпту не оценивать; base даёт больше реального движения волос/лица; lowres 384→512: лицо мягче/мыльнее, но движение сохраняется; temporal subsample/interpolation сглаживает и делает ролик более статичным"
text-none_zero__ckpt-base__q-none__compile-0__offload-none__vae-tiling-0__fast-steps-1__lowres-0__temporal-sub-0,none_zero,base,none,0,none,0,1,0,0,13585.7,13988.0,10661.4,12160.0,13585.7,2.4842,0.875936,0.01254,,очень заметное движение; точно не застыло,"только экспериментально: экономит текстовую часть, но теряется управление промптом","нет текстового управления: лицо/сцена становятся обобщёнными, качество по промпту не оценивать; base даёт больше реального движения волос/лица"
text-none_zero__ckpt-base__q-none__compile-0__offload-none__vae-tiling-0__fast-steps-1__lowres-0__temporal-sub-1,none_zero,base,none,0,none,0,1,0,1,13585.7,13988.0,7659.9,8660.0,13585.7,2.1908,0.977542,0.002798,,движение слабое; выглядит почти статично,не брать: слишком статично для требования «не застыло»,"нет текстового управления: лицо/сцена становятся обобщёнными, качество по промпту не оценивать; base даёт больше реального движения волос/лица; temporal subsample/interpolation сглаживает и делает ролик более статичным"
text-none_zero__ckpt-base__q-none__compile-0__offload-none__vae-tiling-0__fast-steps-1__lowres-1__temporal-sub-0,none_zero,base,none,0,none,0,1,1,0,13585.7,13988.0,7970.4,8976.0,13585.7,1.9857,0.922376,0.034422,,движение заметное; не застыло,"только экспериментально: экономит текстовую часть, но теряется управление промптом","нет текстового управления: лицо/сцена становятся обобщёнными, качество по промпту не оценивать; base даёт больше реального движения волос/лица; lowres 384→512: лицо мягче/мыльнее, но движение сохраняется"
text-none_zero__ckpt-base__q-none__compile-0__offload-none__vae-tiling-0__fast-steps-1__lowres-1__temporal-sub-1,none_zero,base,none,0,none,0,1,1,1,13585.7,13988.0,6282.0,7026.0,13585.7,2.0235,0.987292,0.014703,,движение слабое; выглядит почти статично,не брать: слишком статично для требования «не застыло»,"нет текстового управления: лицо/сцена становятся обобщёнными, качество по промпту не оценивать; base даёт больше реального движения волос/лица; lowres 384→512: лицо мягче/мыльнее, но движение сохраняется; temporal subsample/interpolation сглаживает и делает ролик более статичным"
text-none_zero__ckpt-base__q-none__compile-0__offload-none__vae-tiling-1__fast-steps-0__lowres-0__temporal-sub-0,none_zero,base,none,0,none,1,0,0,0,13585.7,13988.0,10661.4,12160.0,13585.7,5.0016,0.88813,0.01161,,движение заметное; не застыло,"только экспериментально: экономит текстовую часть, но теряется управление промптом","нет текстового управления: лицо/сцена становятся обобщёнными, качество по промпту не оценивать; base даёт больше реального движения волос/лица; VAE tiling визуально и по памяти на 512 почти не изменил результат"
text-none_zero__ckpt-base__q-none__compile-0__offload-none__vae-tiling-1__fast-steps-0__lowres-0__temporal-sub-1,none_zero,base,none,0,none,1,0,0,1,13585.7,13988.0,7659.9,8660.0,13585.7,3.3446,0.980014,0.002516,,движение слабое; выглядит почти статично,не брать: слишком статично для требования «не застыло»,"нет текстового управления: лицо/сцена становятся обобщёнными, качество по промпту не оценивать; base даёт больше реального движения волос/лица; temporal subsample/interpolation сглаживает и делает ролик более статичным; VAE tiling визуально и по памяти на 512 почти не изменил результат"
text-none_zero__ckpt-base__q-none__compile-0__offload-none__vae-tiling-1__fast-steps-0__lowres-1__temporal-sub-0,none_zero,base,none,0,none,1,0,1,0,13585.7,13988.0,7970.4,8976.0,13585.7,3.3664,0.933247,0.031126,,движение умеренное,"только экспериментально: экономит текстовую часть, но теряется управление промптом","нет текстового управления: лицо/сцена становятся обобщёнными, качество по промпту не оценивать; base даёт больше реального движения волос/лица; lowres 384→512: лицо мягче/мыльнее, но движение сохраняется; VAE tiling визуально и по памяти на 512 почти не изменил результат"
text-none_zero__ckpt-base__q-none__compile-0__offload-none__vae-tiling-1__fast-steps-0__lowres-1__temporal-sub-1,none_zero,base,none,0,none,1,0,1,1,13585.7,13988.0,6282.0,7026.0,13585.7,2.6613,0.988811,0.013371,,движение слабое; выглядит почти статично,не брать: слишком статично для требования «не застыло»,"нет текстового управления: лицо/сцена становятся обобщёнными, качество по промпту не оценивать; base даёт больше реального движения волос/лица; lowres 384→512: лицо мягче/мыльнее, но движение сохраняется; temporal subsample/interpolation сглаживает и делает ролик более статичным; VAE tiling визуально и по памяти на 512 почти не изменил результат"
text-none_zero__ckpt-base__q-none__compile-0__offload-none__vae-tiling-1__fast-steps-1__lowres-0__temporal-sub-0,none_zero,base,none,0,none,1,1,0,0,13585.7,13988.0,10661.4,12160.0,13585.7,3.0148,0.875936,0.01254,,очень заметное движение; точно не застыло,"только экспериментально: экономит текстовую часть, но теряется управление промптом","нет текстового управления: лицо/сцена становятся обобщёнными, качество по промпту не оценивать; base даёт больше реального движения волос/лица; VAE tiling визуально и по памяти на 512 почти не изменил результат"
text-none_zero__ckpt-base__q-none__compile-0__offload-none__vae-tiling-1__fast-steps-1__lowres-0__temporal-sub-1,none_zero,base,none,0,none,1,1,0,1,13585.7,13988.0,7659.9,8660.0,13585.7,1.808,0.977542,0.002798,,движение слабое; выглядит почти статично,не брать: слишком статично для требования «не застыло»,"нет текстового управления: лицо/сцена становятся обобщёнными, качество по промпту не оценивать; base даёт больше реального движения волос/лица; temporal subsample/interpolation сглаживает и делает ролик более статичным; VAE tiling визуально и по памяти на 512 почти не изменил результат"
text-none_zero__ckpt-base__q-none__compile-0__offload-none__vae-tiling-1__fast-steps-1__lowres-1__temporal-sub-0,none_zero,base,none,0,none,1,1,1,0,13585.7,13988.0,7970.4,8976.0,13585.7,2.4069,0.922376,0.034422,,движение заметное; не застыло,"только экспериментально: экономит текстовую часть, но теряется управление промптом","нет текстового управления: лицо/сцена становятся обобщёнными, качество по промпту не оценивать; base даёт больше реального движения волос/лица; lowres 384→512: лицо мягче/мыльнее, но движение сохраняется; VAE tiling визуально и по памяти на 512 почти не изменил результат"
text-none_zero__ckpt-base__q-none__compile-0__offload-none__vae-tiling-1__fast-steps-1__lowres-1__temporal-sub-1,none_zero,base,none,0,none,1,1,1,1,13585.7,13988.0,6282.0,7026.0,13585.7,2.0883,0.987292,0.014703,,движение слабое; выглядит почти статично,не брать: слишком статично для требования «не застыло»,"нет текстового управления: лицо/сцена становятся обобщёнными, качество по промпту не оценивать; base даёт больше реального движения волос/лица; lowres 384→512: лицо мягче/мыльнее, но движение сохраняется; temporal subsample/interpolation сглаживает и делает ролик более статичным; VAE tiling визуально и по памяти на 512 почти не изменил результат"
text-none_zero__ckpt-base__q-none__compile-0__offload-group__vae-tiling-0__fast-steps-0__lowres-0__temporal-sub-0,none_zero,base,none,0,group,0,0,0,0,6160.9,7460.0,6160.9,7460.0,0.0,8.4338,0.88813,0.01161,,движение заметное; не застыло,"только экспериментально: экономит текстовую часть, но теряется управление промптом","нет текстового управления: лицо/сцена становятся обобщёнными, качество по промпту не оценивать; base даёт больше реального движения волос/лица; group offload резко снижает измеренную VRAM, но переносит нагрузку в CPU/RAM"
text-none_zero__ckpt-base__q-none__compile-0__offload-group__vae-tiling-0__fast-steps-0__lowres-0__temporal-sub-1,none_zero,base,none,0,group,0,0,0,1,3159.4,3898.0,3159.4,3898.0,0.0,6.0487,0.980014,0.002516,,движение слабое; выглядит почти статично,не брать: слишком статично для требования «не застыло»,"нет текстового управления: лицо/сцена становятся обобщёнными, качество по промпту не оценивать; base даёт больше реального движения волос/лица; temporal subsample/interpolation сглаживает и делает ролик более статичным; group offload резко снижает измеренную VRAM, но переносит нагрузку в CPU/RAM"
text-none_zero__ckpt-base__q-none__compile-0__offload-group__vae-tiling-0__fast-steps-0__lowres-1__temporal-sub-0,none_zero,base,none,0,group,0,0,1,0,3470.8,4322.0,3470.8,4322.0,0.0,6.4213,0.933247,0.031126,,движение умеренное,"только экспериментально: экономит текстовую часть, но теряется управление промптом","нет текстового управления: лицо/сцена становятся обобщёнными, качество по промпту не оценивать; base даёт больше реального движения волос/лица; lowres 384→512: лицо мягче/мыльнее, но движение сохраняется; group offload резко снижает измеренную VRAM, но переносит нагрузку в CPU/RAM"
text-none_zero__ckpt-base__q-none__compile-0__offload-group__vae-tiling-0__fast-steps-0__lowres-1__temporal-sub-1,none_zero,base,none,0,group,0,0,1,1,1782.4,2246.0,1782.4,2246.0,0.0,5.848,0.988811,0.013371,,движение слабое; выглядит почти статично,не брать: слишком статично для требования «не застыло»,"нет текстового управления: лицо/сцена становятся обобщёнными, качество по промпту не оценивать; base даёт больше реального движения волос/лица; lowres 384→512: лицо мягче/мыльнее, но движение сохраняется; temporal subsample/interpolation сглаживает и делает ролик более статичным; group offload резко снижает измеренную VRAM, но переносит нагрузку в CPU/RAM"
text-none_zero__ckpt-base__q-none__compile-0__offload-group__vae-tiling-0__fast-steps-1__lowres-0__temporal-sub-0,none_zero,base,none,0,group,0,1,0,0,6160.9,7460.0,6160.9,7460.0,0.0,4.309,0.875936,0.01254,,очень заметное движение; точно не застыло,"только экспериментально: экономит текстовую часть, но теряется управление промптом","нет текстового управления: лицо/сцена становятся обобщёнными, качество по промпту не оценивать; base даёт больше реального движения волос/лица; group offload резко снижает измеренную VRAM, но переносит нагрузку в CPU/RAM"
text-none_zero__ckpt-base__q-none__compile-0__offload-group__vae-tiling-0__fast-steps-1__lowres-0__temporal-sub-1,none_zero,base,none,0,group,0,1,0,1,3159.4,3898.0,3159.4,3898.0,0.0,4.0865,0.977542,0.002798,,движение слабое; выглядит почти статично,не брать: слишком статично для требования «не застыло»,"нет текстового управления: лицо/сцена становятся обобщёнными, качество по промпту не оценивать; base даёт больше реального движения волос/лица; temporal subsample/interpolation сглаживает и делает ролик более статичным; group offload резко снижает измеренную VRAM, но переносит нагрузку в CPU/RAM"
text-none_zero__ckpt-base__q-none__compile-0__offload-group__vae-tiling-0__fast-steps-1__lowres-1__temporal-sub-0,none_zero,base,none,0,group,0,1,1,0,3470.8,4322.0,3470.8,4322.0,0.0,3.5919,0.922376,0.034422,,движение заметное; не застыло,"только экспериментально: экономит текстовую часть, но теряется управление промптом","нет текстового управления: лицо/сцена становятся обобщёнными, качество по промпту не оценивать; base даёт больше реального движения волос/лица; lowres 384→512: лицо мягче/мыльнее, но движение сохраняется; group offload резко снижает измеренную VRAM, но переносит нагрузку в CPU/RAM"
text-none_zero__ckpt-base__q-none__compile-0__offload-group__vae-tiling-0__fast-steps-1__lowres-1__temporal-sub-1,none_zero,base,none,0,group,0,1,1,1,1782.4,2246.0,1782.4,2246.0,0.0,3.8523,0.987292,0.014703,,движение слабое; выглядит почти статично,не брать: слишком статично для требования «не застыло»,"нет текстового управления: лицо/сцена становятся обобщёнными, качество по промпту не оценивать; base даёт больше реального движения волос/лица; lowres 384→512: лицо мягче/мыльнее, но движение сохраняется; temporal subsample/interpolation сглаживает и делает ролик более статичным; group offload резко снижает измеренную VRAM, но переносит нагрузку в CPU/RAM"
text-none_zero__ckpt-base__q-none__compile-0__offload-group__vae-tiling-1__fast-steps-0__lowres-0__temporal-sub-0,none_zero,base,none,0,group,1,0,0,0,6160.9,7460.0,6160.9,7460.0,0.0,11.6223,0.88813,0.01161,,движение заметное; не застыло,"только экспериментально: экономит текстовую часть, но теряется управление промптом","нет текстового управления: лицо/сцена становятся обобщёнными, качество по промпту не оценивать; base даёт больше реального движения волос/лица; VAE tiling визуально и по памяти на 512 почти не изменил результат; group offload резко снижает измеренную VRAM, но переносит нагрузку в CPU/RAM"
text-none_zero__ckpt-base__q-none__compile-0__offload-group__vae-tiling-1__fast-steps-0__lowres-0__temporal-sub-1,none_zero,base,none,0,group,1,0,0,1,3159.4,3898.0,3159.4,3898.0,0.0,6.2709,0.980014,0.002516,,движение слабое; выглядит почти статично,не брать: слишком статично для требования «не застыло»,"нет текстового управления: лицо/сцена становятся обобщёнными, качество по промпту не оценивать; base даёт больше реального движения волос/лица; temporal subsample/interpolation сглаживает и делает ролик более статичным; VAE tiling визуально и по памяти на 512 почти не изменил результат; group offload резко снижает измеренную VRAM, но переносит нагрузку в CPU/RAM"
text-none_zero__ckpt-base__q-none__compile-0__offload-group__vae-tiling-1__fast-steps-0__lowres-1__temporal-sub-0,none_zero,base,none,0,group,1,0,1,0,3470.8,4322.0,3470.8,4322.0,0.0,6.3978,0.933247,0.031126,,движение умеренное,"только экспериментально: экономит текстовую часть, но теряется управление промптом","нет текстового управления: лицо/сцена становятся обобщёнными, качество по промпту не оценивать; base даёт больше реального движения волос/лица; lowres 384→512: лицо мягче/мыльнее, но движение сохраняется; VAE tiling визуально и по памяти на 512 почти не изменил результат; group offload резко снижает измеренную VRAM, но переносит нагрузку в CPU/RAM"
text-none_zero__ckpt-base__q-none__compile-0__offload-group__vae-tiling-1__fast-steps-0__lowres-1__temporal-sub-1,none_zero,base,none,0,group,1,0,1,1,1782.4,2246.0,1782.4,2246.0,0.0,6.4699,0.988811,0.013371,,движение слабое; выглядит почти статично,не брать: слишком статично для требования «не застыло»,"нет текстового управления: лицо/сцена становятся обобщёнными, качество по промпту не оценивать; base даёт больше реального движения волос/лица; lowres 384→512: лицо мягче/мыльнее, но движение сохраняется; temporal subsample/interpolation сглаживает и делает ролик более статичным; VAE tiling визуально и по памяти на 512 почти не изменил результат; group offload резко снижает измеренную VRAM, но переносит нагрузку в CPU/RAM"
text-none_zero__ckpt-base__q-none__compile-0__offload-group__vae-tiling-1__fast-steps-1__lowres-0__temporal-sub-0,none_zero,base,none,0,group,1,1,0,0,6160.9,7460.0,6160.9,7460.0,0.0,5.504,0.875936,0.01254,,очень заметное движение; точно не застыло,"только экспериментально: экономит текстовую часть, но теряется управление промптом","нет текстового управления: лицо/сцена становятся обобщёнными, качество по промпту не оценивать; base даёт больше реального движения волос/лица; VAE tiling визуально и по памяти на 512 почти не изменил результат; group offload резко снижает измеренную VRAM, но переносит нагрузку в CPU/RAM"
text-none_zero__ckpt-base__q-none__compile-0__offload-group__vae-tiling-1__fast-steps-1__lowres-0__temporal-sub-1,none_zero,base,none,0,group,1,1,0,1,3159.4,3898.0,3159.4,3898.0,0.0,9.5878,0.977542,0.002798,,движение слабое; выглядит почти статично,не брать: слишком статично для требования «не застыло»,"нет текстового управления: лицо/сцена становятся обобщёнными, качество по промпту не оценивать; base даёт больше реального движения волос/лица; temporal subsample/interpolation сглаживает и делает ролик более статичным; VAE tiling визуально и по памяти на 512 почти не изменил результат; group offload резко снижает измеренную VRAM, но переносит нагрузку в CPU/RAM"
text-none_zero__ckpt-base__q-none__compile-0__offload-group__vae-tiling-1__fast-steps-1__lowres-1__temporal-sub-0,none_zero,base,none,0,group,1,1,1,0,3470.8,4322.0,3470.8,4322.0,0.0,3.8888,0.922376,0.034422,,движение заметное; не застыло,"только экспериментально: экономит текстовую часть, но теряется управление промптом","нет текстового управления: лицо/сцена становятся обобщёнными, качество по промпту не оценивать; base даёт больше реального движения волос/лица; lowres 384→512: лицо мягче/мыльнее, но движение сохраняется; VAE tiling визуально и по памяти на 512 почти не изменил результат; group offload резко снижает измеренную VRAM, но переносит нагрузку в CPU/RAM"
text-none_zero__ckpt-base__q-none__compile-0__offload-group__vae-tiling-1__fast-steps-1__lowres-1__temporal-sub-1,none_zero,base,none,0,group,1,1,1,1,1782.4,2246.0,1782.4,2246.0,0.0,3.8436,0.987292,0.014703,,движение слабое; выглядит почти статично,не брать: слишком статично для требования «не застыло»,"нет текстового управления: лицо/сцена становятся обобщёнными, качество по промпту не оценивать; base даёт больше реального движения волос/лица; lowres 384→512: лицо мягче/мыльнее, но движение сохраняется; temporal subsample/interpolation сглаживает и делает ролик более статичным; VAE tiling визуально и по памяти на 512 почти не изменил результат; group offload резко снижает измеренную VRAM, но переносит нагрузку в CPU/RAM"
text-none_zero__ckpt-base__q-none__compile-1__offload-none__vae-tiling-0__fast-steps-0__lowres-0__temporal-sub-0,none_zero,base,none,1,none,0,0,0,0,13585.7,13988.0,10660.8,12270.0,13585.7,13.1909,0.888868,0.011411,,движение заметное; не застыло,"только экспериментально: экономит текстовую часть, но теряется управление промптом","нет текстового управления: лицо/сцена становятся обобщёнными, качество по промпту не оценивать; base даёт больше реального движения волос/лица; compile визуально не меняет, но в этом запуске сильно замедлил"
text-none_zero__ckpt-base__q-none__compile-1__offload-none__vae-tiling-0__fast-steps-0__lowres-0__temporal-sub-1,none_zero,base,none,1,none,0,0,0,1,13585.7,13988.0,7659.1,8692.0,13585.7,11.973,0.980067,0.002501,,движение слабое; выглядит почти статично,не брать: слишком статично для требования «не застыло»,"нет текстового управления: лицо/сцена становятся обобщёнными, качество по промпту не оценивать; base даёт больше реального движения волос/лица; temporal subsample/interpolation сглаживает и делает ролик более статичным; compile визуально не меняет, но в этом запуске сильно замедлил"
text-none_zero__ckpt-base__q-none__compile-1__offload-none__vae-tiling-0__fast-steps-0__lowres-1__temporal-sub-0,none_zero,base,none,1,none,0,0,1,0,13585.7,13988.0,7969.6,9052.0,13585.7,11.6239,0.933235,0.030999,,движение умеренное,"только экспериментально: экономит текстовую часть, но теряется управление промптом","нет текстового управления: лицо/сцена становятся обобщёнными, качество по промпту не оценивать; base даёт больше реального движения волос/лица; lowres 384→512: лицо мягче/мыльнее, но движение сохраняется; compile визуально не меняет, но в этом запуске сильно замедлил"
text-none_zero__ckpt-base__q-none__compile-1__offload-none__vae-tiling-0__fast-steps-0__lowres-1__temporal-sub-1,none_zero,base,none,1,none,0,0,1,1,13585.7,13988.0,6281.2,7062.0,13585.7,11.0109,0.988849,0.013258,,движение слабое; выглядит почти статично,не брать: слишком статично для требования «не застыло»,"нет текстового управления: лицо/сцена становятся обобщёнными, качество по промпту не оценивать; base даёт больше реального движения волос/лица; lowres 384→512: лицо мягче/мыльнее, но движение сохраняется; temporal subsample/interpolation сглаживает и делает ролик более статичным; compile визуально не меняет, но в этом запуске сильно замедлил"
text-none_zero__ckpt-base__q-none__compile-1__offload-none__vae-tiling-0__fast-steps-1__lowres-0__temporal-sub-0,none_zero,base,none,1,none,0,1,0,0,13585.7,13988.0,10660.8,12270.0,13585.7,11.4329,0.876404,0.012448,,очень заметное движение; точно не застыло,"только экспериментально: экономит текстовую часть, но теряется управление промптом","нет текстового управления: лицо/сцена становятся обобщёнными, качество по промпту не оценивать; base даёт больше реального движения волос/лица; compile визуально не меняет, но в этом запуске сильно замедлил"
text-none_zero__ckpt-base__q-none__compile-1__offload-none__vae-tiling-0__fast-steps-1__lowres-0__temporal-sub-1,none_zero,base,none,1,none,0,1,0,1,13585.7,13988.0,7659.1,8692.0,13585.7,10.8127,0.977583,0.0028,,движение слабое; выглядит почти статично,не брать: слишком статично для требования «не застыло»,"нет текстового управления: лицо/сцена становятся обобщёнными, качество по промпту не оценивать; base даёт больше реального движения волос/лица; temporal subsample/interpolation сглаживает и делает ролик более статичным; compile визуально не меняет, но в этом запуске сильно замедлил"
text-none_zero__ckpt-base__q-none__compile-1__offload-none__vae-tiling-0__fast-steps-1__lowres-1__temporal-sub-0,none_zero,base,none,1,none,0,1,1,0,13585.7,13988.0,7969.6,9052.0,13585.7,10.6034,0.922584,0.03473,,движение заметное; не застыло,"только экспериментально: экономит текстовую часть, но теряется управление промптом","нет текстового управления: лицо/сцена становятся обобщёнными, качество по промпту не оценивать; base даёт больше реального движения волос/лица; lowres 384→512: лицо мягче/мыльнее, но движение сохраняется; compile визуально не меняет, но в этом запуске сильно замедлил"
text-none_zero__ckpt-base__q-none__compile-1__offload-none__vae-tiling-0__fast-steps-1__lowres-1__temporal-sub-1,none_zero,base,none,1,none,0,1,1,1,13585.7,13988.0,6281.2,7062.0,13585.7,10.4429,0.987313,0.01458,,движение слабое; выглядит почти статично,не брать: слишком статично для требования «не застыло»,"нет текстового управления: лицо/сцена становятся обобщёнными, качество по промпту не оценивать; base даёт больше реального движения волос/лица; lowres 384→512: лицо мягче/мыльнее, но движение сохраняется; temporal subsample/interpolation сглаживает и делает ролик более статичным; compile визуально не меняет, но в этом запуске сильно замедлил"
text-none_zero__ckpt-base__q-none__compile-1__offload-none__vae-tiling-1__fast-steps-0__lowres-0__temporal-sub-0,none_zero,base,none,1,none,1,0,0,0,13585.7,13988.0,10660.8,12270.0,13585.7,13.2923,0.888868,0.011411,,движение заметное; не застыло,"только экспериментально: экономит текстовую часть, но теряется управление промптом","нет текстового управления: лицо/сцена становятся обобщёнными, качество по промпту не оценивать; base даёт больше реального движения волос/лица; compile визуально не меняет, но в этом запуске сильно замедлил; VAE tiling визуально и по памяти на 512 почти не изменил результат"
text-none_zero__ckpt-base__q-none__compile-1__offload-none__vae-tiling-1__fast-steps-0__lowres-0__temporal-sub-1,none_zero,base,none,1,none,1,0,0,1,13585.7,13988.0,7659.1,8692.0,13585.7,11.3382,0.980081,0.0025,,движение слабое; выглядит почти статично,не брать: слишком статично для требования «не застыло»,"нет текстового управления: лицо/сцена становятся обобщёнными, качество по промпту не оценивать; base даёт больше реального движения волос/лица; temporal subsample/interpolation сглаживает и делает ролик более статичным; compile визуально не меняет, но в этом запуске сильно замедлил; VAE tiling визуально и по памяти на 512 почти не изменил результат"
text-none_zero__ckpt-base__q-none__compile-1__offload-none__vae-tiling-1__fast-steps-0__lowres-1__temporal-sub-0,none_zero,base,none,1,none,1,0,1,0,13585.7,13988.0,7969.6,9052.0,13585.7,11.1647,0.933235,0.030999,,движение умеренное,"только экспериментально: экономит текстовую часть, но теряется управление промптом","нет текстового управления: лицо/сцена становятся обобщёнными, качество по промпту не оценивать; base даёт больше реального движения волос/лица; lowres 384→512: лицо мягче/мыльнее, но движение сохраняется; compile визуально не меняет, но в этом запуске сильно замедлил; VAE tiling визуально и по памяти на 512 почти не изменил результат"
text-none_zero__ckpt-base__q-none__compile-1__offload-none__vae-tiling-1__fast-steps-0__lowres-1__temporal-sub-1,none_zero,base,none,1,none,1,0,1,1,13585.7,13988.0,6281.2,7062.0,13585.7,11.7129,0.988849,0.013258,,движение слабое; выглядит почти статично,не брать: слишком статично для требования «не застыло»,"нет текстового управления: лицо/сцена становятся обобщёнными, качество по промпту не оценивать; base даёт больше реального движения волос/лица; lowres 384→512: лицо мягче/мыльнее, но движение сохраняется; temporal subsample/interpolation сглаживает и делает ролик более статичным; compile визуально не меняет, но в этом запуске сильно замедлил; VAE tiling визуально и по памяти на 512 почти не изменил результат"
text-none_zero__ckpt-base__q-none__compile-1__offload-none__vae-tiling-1__fast-steps-1__lowres-0__temporal-sub-0,none_zero,base,none,1,none,1,1,0,0,13585.7,13988.0,10660.8,12270.0,13585.7,11.2414,0.876404,0.012448,,очень заметное движение; точно не застыло,"только экспериментально: экономит текстовую часть, но теряется управление промптом","нет текстового управления: лицо/сцена становятся обобщёнными, качество по промпту не оценивать; base даёт больше реального движения волос/лица; compile визуально не меняет, но в этом запуске сильно замедлил; VAE tiling визуально и по памяти на 512 почти не изменил результат"
text-none_zero__ckpt-base__q-none__compile-1__offload-none__vae-tiling-1__fast-steps-1__lowres-0__temporal-sub-1,none_zero,base,none,1,none,1,1,0,1,13585.7,13988.0,7659.1,8692.0,13585.7,10.3464,0.977587,0.002801,,движение слабое; выглядит почти статично,не брать: слишком статично для требования «не застыло»,"нет текстового управления: лицо/сцена становятся обобщёнными, качество по промпту не оценивать; base даёт больше реального движения волос/лица; temporal subsample/interpolation сглаживает и делает ролик более статичным; compile визуально не меняет, но в этом запуске сильно замедлил; VAE tiling визуально и по памяти на 512 почти не изменил результат"
text-none_zero__ckpt-base__q-none__compile-1__offload-none__vae-tiling-1__fast-steps-1__lowres-1__temporal-sub-0,none_zero,base,none,1,none,1,1,1,0,13585.7,13988.0,7969.6,9052.0,13585.7,10.7154,0.922524,0.034666,,движение заметное; не застыло,"только экспериментально: экономит текстовую часть, но теряется управление промптом","нет текстового управления: лицо/сцена становятся обобщёнными, качество по промпту не оценивать; base даёт больше реального движения волос/лица; lowres 384→512: лицо мягче/мыльнее, но движение сохраняется; compile визуально не меняет, но в этом запуске сильно замедлил; VAE tiling визуально и по памяти на 512 почти не изменил результат"
text-none_zero__ckpt-base__q-none__compile-1__offload-none__vae-tiling-1__fast-steps-1__lowres-1__temporal-sub-1,none_zero,base,none,1,none,1,1,1,1,13585.7,13988.0,6281.2,7062.0,13585.7,10.3242,0.987313,0.01458,,движение слабое; выглядит почти статично,не брать: слишком статично для требования «не застыло»,"нет текстового управления: лицо/сцена становятся обобщёнными, качество по промпту не оценивать; base даёт больше реального движения волос/лица; lowres 384→512: лицо мягче/мыльнее, но движение сохраняется; temporal subsample/interpolation сглаживает и делает ролик более статичным; compile визуально не меняет, но в этом запуске сильно замедлил; VAE tiling визуально и по памяти на 512 почти не изменил результат"
text-none_zero__ckpt-base__q-none__compile-1__offload-group__vae-tiling-0__fast-steps-0__lowres-0__temporal-sub-0,none_zero,base,none,1,group,0,0,0,0,6160.9,7620.0,6160.9,7620.0,0.0,18.166,0.888145,0.011594,,движение заметное; не застыло,"только экспериментально: экономит текстовую часть, но теряется управление промптом","нет текстового управления: лицо/сцена становятся обобщёнными, качество по промпту не оценивать; base даёт больше реального движения волос/лица; compile визуально не меняет, но в этом запуске сильно замедлил; group offload резко снижает измеренную VRAM, но переносит нагрузку в CPU/RAM"
text-none_zero__ckpt-base__q-none__compile-1__offload-group__vae-tiling-0__fast-steps-0__lowres-0__temporal-sub-1,none_zero,base,none,1,group,0,0,0,1,3159.4,4044.0,3159.4,4044.0,0.0,15.9776,0.980019,0.002516,,движение слабое; выглядит почти статично,не брать: слишком статично для требования «не застыло»,"нет текстового управления: лицо/сцена становятся обобщёнными, качество по промпту не оценивать; base даёт больше реального движения волос/лица; temporal subsample/interpolation сглаживает и делает ролик более статичным; compile визуально не меняет, но в этом запуске сильно замедлил; group offload резко снижает измеренную VRAM, но переносит нагрузку в CPU/RAM"
text-none_zero__ckpt-base__q-none__compile-1__offload-group__vae-tiling-0__fast-steps-0__lowres-1__temporal-sub-0,none_zero,base,none,1,group,0,0,1,0,3469.9,4390.0,3469.9,4390.0,0.0,16.5692,0.933264,0.031036,,движение умеренное,"только экспериментально: экономит текстовую часть, но теряется управление промптом","нет текстового управления: лицо/сцена становятся обобщёнными, качество по промпту не оценивать; base даёт больше реального движения волос/лица; lowres 384→512: лицо мягче/мыльнее, но движение сохраняется; compile визуально не меняет, но в этом запуске сильно замедлил; group offload резко снижает измеренную VRAM, но переносит нагрузку в CPU/RAM"
text-none_zero__ckpt-base__q-none__compile-1__offload-group__vae-tiling-0__fast-steps-0__lowres-1__temporal-sub-1,none_zero,base,none,1,group,0,0,1,1,1781.5,2290.0,1781.5,2290.0,0.0,16.0486,0.988804,0.013338,,движение слабое; выглядит почти статично,не брать: слишком статично для требования «не застыло»,"нет текстового управления: лицо/сцена становятся обобщёнными, качество по промпту не оценивать; base даёт больше реального движения волос/лица; lowres 384→512: лицо мягче/мыльнее, но движение сохраняется; temporal subsample/interpolation сглаживает и делает ролик более статичным; compile визуально не меняет, но в этом запуске сильно замедлил; group offload резко снижает измеренную VRAM, но переносит нагрузку в CPU/RAM"
text-none_zero__ckpt-base__q-none__compile-1__offload-group__vae-tiling-0__fast-steps-1__lowres-0__temporal-sub-0,none_zero,base,none,1,group,0,1,0,0,6160.9,7620.0,6160.9,7620.0,0.0,14.4092,0.875833,0.012519,,очень заметное движение; точно не застыло,"только экспериментально: экономит текстовую часть, но теряется управление промптом","нет текстового управления: лицо/сцена становятся обобщёнными, качество по промпту не оценивать; base даёт больше реального движения волос/лица; compile визуально не меняет, но в этом запуске сильно замедлил; group offload резко снижает измеренную VRAM, но переносит нагрузку в CPU/RAM"
text-none_zero__ckpt-base__q-none__compile-1__offload-group__vae-tiling-0__fast-steps-1__lowres-0__temporal-sub-1,none_zero,base,none,1,group,0,1,0,1,3159.4,4044.0,3159.4,4044.0,0.0,13.6617,0.977507,0.002818,,движение слабое; выглядит почти статично,не брать: слишком статично для требования «не застыло»,"нет текстового управления: лицо/сцена становятся обобщёнными, качество по промпту не оценивать; base даёт больше реального движения волос/лица; temporal subsample/interpolation сглаживает и делает ролик более статичным; compile визуально не меняет, но в этом запуске сильно замедлил; group offload резко снижает измеренную VRAM, но переносит нагрузку в CPU/RAM"
text-none_zero__ckpt-base__q-none__compile-1__offload-group__vae-tiling-0__fast-steps-1__lowres-1__temporal-sub-0,none_zero,base,none,1,group,0,1,1,0,3469.9,4390.0,3469.9,4390.0,0.0,13.043,0.922323,0.034522,,движение заметное; не застыло,"только экспериментально: экономит текстовую часть, но теряется управление промптом","нет текстового управления: лицо/сцена становятся обобщёнными, качество по промпту не оценивать; base даёт больше реального движения волос/лица; lowres 384→512: лицо мягче/мыльнее, но движение сохраняется; compile визуально не меняет, но в этом запуске сильно замедлил; group offload резко снижает измеренную VRAM, но переносит нагрузку в CPU/RAM"
text-none_zero__ckpt-base__q-none__compile-1__offload-group__vae-tiling-0__fast-steps-1__lowres-1__temporal-sub-1,none_zero,base,none,1,group,0,1,1,1,1781.5,2242.0,1781.5,2242.0,0.0,13.4541,0.9873,0.014648,,движение слабое; выглядит почти статично,не брать: слишком статично для требования «не застыло»,"нет текстового управления: лицо/сцена становятся обобщёнными, качество по промпту не оценивать; base даёт больше реального движения волос/лица; lowres 384→512: лицо мягче/мыльнее, но движение сохраняется; temporal subsample/interpolation сглаживает и делает ролик более статичным; compile визуально не меняет, но в этом запуске сильно замедлил; group offload резко снижает измеренную VRAM, но переносит нагрузку в CPU/RAM"
text-none_zero__ckpt-base__q-none__compile-1__offload-group__vae-tiling-1__fast-steps-0__lowres-0__temporal-sub-0,none_zero,base,none,1,group,1,0,0,0,6160.9,7620.0,6160.9,7620.0,0.0,18.2128,0.888145,0.011594,,движение заметное; не застыло,"только экспериментально: экономит текстовую часть, но теряется управление промптом","нет текстового управления: лицо/сцена становятся обобщёнными, качество по промпту не оценивать; base даёт больше реального движения волос/лица; compile визуально не меняет, но в этом запуске сильно замедлил; VAE tiling визуально и по памяти на 512 почти не изменил результат; group offload резко снижает измеренную VRAM, но переносит нагрузку в CPU/RAM"
text-none_zero__ckpt-base__q-none__compile-1__offload-group__vae-tiling-1__fast-steps-0__lowres-0__temporal-sub-1,none_zero,base,none,1,group,1,0,0,1,3159.4,4044.0,3159.4,4044.0,0.0,17.0359,0.980019,0.002516,,движение слабое; выглядит почти статично,не брать: слишком статично для требования «не застыло»,"нет текстового управления: лицо/сцена становятся обобщёнными, качество по промпту не оценивать; base даёт больше реального движения волос/лица; temporal subsample/interpolation сглаживает и делает ролик более статичным; compile визуально не меняет, но в этом запуске сильно замедлил; VAE tiling визуально и по памяти на 512 почти не изменил результат; group offload резко снижает измеренную VRAM, но переносит нагрузку в CPU/RAM"
text-none_zero__ckpt-base__q-none__compile-1__offload-group__vae-tiling-1__fast-steps-0__lowres-1__temporal-sub-0,none_zero,base,none,1,group,1,0,1,0,3469.9,4390.0,3469.9,4390.0,0.0,16.1227,0.933264,0.031036,,движение умеренное,"только экспериментально: экономит текстовую часть, но теряется управление промптом","нет текстового управления: лицо/сцена становятся обобщёнными, качество по промпту не оценивать; base даёт больше реального движения волос/лица; lowres 384→512: лицо мягче/мыльнее, но движение сохраняется; compile визуально не меняет, но в этом запуске сильно замедлил; VAE tiling визуально и по памяти на 512 почти не изменил результат; group offload резко снижает измеренную VRAM, но переносит нагрузку в CPU/RAM"
text-none_zero__ckpt-base__q-none__compile-1__offload-group__vae-tiling-1__fast-steps-0__lowres-1__temporal-sub-1,none_zero,base,none,1,group,1,0,1,1,1781.5,2290.0,1781.5,2290.0,0.0,16.2614,0.988804,0.013338,,движение слабое; выглядит почти статично,не брать: слишком статично для требования «не застыло»,"нет текстового управления: лицо/сцена становятся обобщёнными, качество по промпту не оценивать; base даёт больше реального движения волос/лица; lowres 384→512: лицо мягче/мыльнее, но движение сохраняется; temporal subsample/interpolation сглаживает и делает ролик более статичным; compile визуально не меняет, но в этом запуске сильно замедлил; VAE tiling визуально и по памяти на 512 почти не изменил результат; group offload резко снижает измеренную VRAM, но переносит нагрузку в CPU/RAM"
text-none_zero__ckpt-base__q-none__compile-1__offload-group__vae-tiling-1__fast-steps-1__lowres-0__temporal-sub-0,none_zero,base,none,1,group,1,1,0,0,6160.9,7620.0,6160.9,7620.0,0.0,13.576,0.875833,0.012519,,очень заметное движение; точно не застыло,"только экспериментально: экономит текстовую часть, но теряется управление промптом","нет текстового управления: лицо/сцена становятся обобщёнными, качество по промпту не оценивать; base даёт больше реального движения волос/лица; compile визуально не меняет, но в этом запуске сильно замедлил; VAE tiling визуально и по памяти на 512 почти не изменил результат; group offload резко снижает измеренную VRAM, но переносит нагрузку в CPU/RAM"
text-none_zero__ckpt-base__q-none__compile-1__offload-group__vae-tiling-1__fast-steps-1__lowres-0__temporal-sub-1,none_zero,base,none,1,group,1,1,0,1,3159.4,4044.0,3159.4,4044.0,0.0,13.9178,0.977507,0.002818,,движение слабое; выглядит почти статично,не брать: слишком статично для требования «не застыло»,"нет текстового управления: лицо/сцена становятся обобщёнными, качество по промпту не оценивать; base даёт больше реального движения волос/лица; temporal subsample/interpolation сглаживает и делает ролик более статичным; compile визуально не меняет, но в этом запуске сильно замедлил; VAE tiling визуально и по памяти на 512 почти не изменил результат; group offload резко снижает измеренную VRAM, но переносит нагрузку в CPU/RAM"
text-none_zero__ckpt-base__q-none__compile-1__offload-group__vae-tiling-1__fast-steps-1__lowres-1__temporal-sub-0,none_zero,base,none,1,group,1,1,1,0,3469.9,4390.0,3469.9,4390.0,0.0,13.2452,0.922323,0.034522,,движение заметное; не застыло,"только экспериментально: экономит текстовую часть, но теряется управление промптом","нет текстового управления: лицо/сцена становятся обобщёнными, качество по промпту не оценивать; base даёт больше реального движения волос/лица; lowres 384→512: лицо мягче/мыльнее, но движение сохраняется; compile визуально не меняет, но в этом запуске сильно замедлил; VAE tiling визуально и по памяти на 512 почти не изменил результат; group offload резко снижает измеренную VRAM, но переносит нагрузку в CPU/RAM"
text-none_zero__ckpt-base__q-none__compile-1__offload-group__vae-tiling-1__fast-steps-1__lowres-1__temporal-sub-1,none_zero,base,none,1,group,1,1,1,1,1781.5,2242.0,1781.5,2242.0,0.0,16.8559,0.9873,0.014648,,движение слабое; выглядит почти статично,не брать: слишком статично для требования «не застыло»,"нет текстового управления: лицо/сцена становятся обобщёнными, качество по промпту не оценивать; base даёт больше реального движения волос/лица; lowres 384→512: лицо мягче/мыльнее, но движение сохраняется; temporal subsample/interpolation сглаживает и делает ролик более статичным; compile визуально не меняет, но в этом запуске сильно замедлил; VAE tiling визуально и по памяти на 512 почти не изменил результат; group offload резко снижает измеренную VRAM, но переносит нагрузку в CPU/RAM"
text-none_zero__ckpt-base__q-fp8__compile-0__offload-none__vae-tiling-0__fast-steps-0__lowres-0__temporal-sub-0,none_zero,base,fp8,0,none,0,0,0,0,11741.3,11764.0,8817.8,10010.0,11741.3,4.9927,0.889397,0.011405,,движение заметное; не застыло,"только экспериментально: экономит текстовую часть, но теряется управление промптом","нет текстового управления: лицо/сцена становятся обобщёнными, качество по промпту не оценивать; base даёт больше реального движения волос/лица; FP8 не дал заметного визуального ухудшения относительно BF16"
text-none_zero__ckpt-base__q-fp8__compile-0__offload-none__vae-tiling-0__fast-steps-0__lowres-0__temporal-sub-1,none_zero,base,fp8,0,none,0,0,0,1,11741.3,11764.0,5815.4,6534.0,11741.3,4.3852,0.980513,0.002469,,движение слабое; выглядит почти статично,не брать: слишком статично для требования «не застыло»,"нет текстового управления: лицо/сцена становятся обобщёнными, качество по промпту не оценивать; base даёт больше реального движения волос/лица; FP8 не дал заметного визуального ухудшения относительно BF16; temporal subsample/interpolation сглаживает и делает ролик более статичным"
text-none_zero__ckpt-base__q-fp8__compile-0__offload-none__vae-tiling-0__fast-steps-0__lowres-1__temporal-sub-0,none_zero,base,fp8,0,none,0,0,1,0,11741.3,11764.0,6128.6,6870.0,11741.3,3.6408,0.933492,0.031623,,движение умеренное,"только экспериментально: экономит текстовую часть, но теряется управление промптом","нет текстового управления: лицо/сцена становятся обобщёнными, качество по промпту не оценивать; base даёт больше реального движения волос/лица; FP8 не дал заметного визуального ухудшения относительно BF16; lowres 384→512: лицо мягче/мыльнее, но движение сохраняется"
text-none_zero__ckpt-base__q-fp8__compile-0__offload-none__vae-tiling-0__fast-steps-0__lowres-1__temporal-sub-1,none_zero,base,fp8,0,none,0,0,1,1,11741.3,11764.0,4438.6,4918.0,11741.3,2.9266,0.989015,0.013236,,движение слабое; выглядит почти статично,не брать: слишком статично для требования «не застыло»,"нет текстового управления: лицо/сцена становятся обобщёнными, качество по промпту не оценивать; base даёт больше реального движения волос/лица; FP8 не дал заметного визуального ухудшения относительно BF16; lowres 384→512: лицо мягче/мыльнее, но движение сохраняется; temporal subsample/interpolation сглаживает и делает ролик более статичным"
text-none_zero__ckpt-base__q-fp8__compile-0__offload-none__vae-tiling-0__fast-steps-1__lowres-0__temporal-sub-0,none_zero,base,fp8,0,none,0,1,0,0,11741.3,11764.0,8817.8,10010.0,11741.3,3.0953,0.877361,0.012537,,очень заметное движение; точно не застыло,"только экспериментально: экономит текстовую часть, но теряется управление промптом","нет текстового управления: лицо/сцена становятся обобщёнными, качество по промпту не оценивать; base даёт больше реального движения волос/лица; FP8 не дал заметного визуального ухудшения относительно BF16"
text-none_zero__ckpt-base__q-fp8__compile-0__offload-none__vae-tiling-0__fast-steps-1__lowres-0__temporal-sub-1,none_zero,base,fp8,0,none,0,1,0,1,11741.3,11764.0,5815.4,6534.0,11741.3,2.6382,0.977935,0.002784,,движение слабое; выглядит почти статично,не брать: слишком статично для требования «не застыло»,"нет текстового управления: лицо/сцена становятся обобщёнными, качество по промпту не оценивать; base даёт больше реального движения волос/лица; FP8 не дал заметного визуального ухудшения относительно BF16; temporal subsample/interpolation сглаживает и делает ролик более статичным"
text-none_zero__ckpt-base__q-fp8__compile-0__offload-none__vae-tiling-0__fast-steps-1__lowres-1__temporal-sub-0,none_zero,base,fp8,0,none,0,1,1,0,11741.3,11764.0,6128.6,6870.0,11741.3,1.7564,0.923924,0.034448,,движение заметное; не застыло,"только экспериментально: экономит текстовую часть, но теряется управление промптом","нет текстового управления: лицо/сцена становятся обобщёнными, качество по промпту не оценивать; base даёт больше реального движения волос/лица; FP8 не дал заметного визуального ухудшения относительно BF16; lowres 384→512: лицо мягче/мыльнее, но движение сохраняется"
text-none_zero__ckpt-base__q-fp8__compile-0__offload-none__vae-tiling-0__fast-steps-1__lowres-1__temporal-sub-1,none_zero,base,fp8,0,none,0,1,1,1,11741.3,11764.0,4438.6,4918.0,11741.3,2.4932,0.987457,0.014612,,движение слабое; выглядит почти статично,не брать: слишком статично для требования «не застыло»,"нет текстового управления: лицо/сцена становятся обобщёнными, качество по промпту не оценивать; base даёт больше реального движения волос/лица; FP8 не дал заметного визуального ухудшения относительно BF16; lowres 384→512: лицо мягче/мыльнее, но движение сохраняется; temporal subsample/interpolation сглаживает и делает ролик более статичным"
text-none_zero__ckpt-base__q-fp8__compile-0__offload-none__vae-tiling-1__fast-steps-0__lowres-0__temporal-sub-0,none_zero,base,fp8,0,none,1,0,0,0,11741.3,11764.0,8817.8,10010.0,11741.3,5.7868,0.889397,0.011405,,движение заметное; не застыло,"только экспериментально: экономит текстовую часть, но теряется управление промптом","нет текстового управления: лицо/сцена становятся обобщёнными, качество по промпту не оценивать; base даёт больше реального движения волос/лица; FP8 не дал заметного визуального ухудшения относительно BF16; VAE tiling визуально и по памяти на 512 почти не изменил результат"
text-none_zero__ckpt-base__q-fp8__compile-0__offload-none__vae-tiling-1__fast-steps-0__lowres-0__temporal-sub-1,none_zero,base,fp8,0,none,1,0,0,1,11741.3,11764.0,5815.4,6534.0,11741.3,3.1581,0.980513,0.002469,,движение слабое; выглядит почти статично,не брать: слишком статично для требования «не застыло»,"нет текстового управления: лицо/сцена становятся обобщёнными, качество по промпту не оценивать; base даёт больше реального движения волос/лица; FP8 не дал заметного визуального ухудшения относительно BF16; temporal subsample/interpolation сглаживает и делает ролик более статичным; VAE tiling визуально и по памяти на 512 почти не изменил результат"
text-none_zero__ckpt-base__q-fp8__compile-0__offload-none__vae-tiling-1__fast-steps-0__lowres-1__temporal-sub-0,none_zero,base,fp8,0,none,1,0,1,0,11741.3,11764.0,6128.6,6870.0,11741.3,4.1151,0.933492,0.031623,,движение умеренное,"только экспериментально: экономит текстовую часть, но теряется управление промптом","нет текстового управления: лицо/сцена становятся обобщёнными, качество по промпту не оценивать; base даёт больше реального движения волос/лица; FP8 не дал заметного визуального ухудшения относительно BF16; lowres 384→512: лицо мягче/мыльнее, но движение сохраняется; VAE tiling визуально и по памяти на 512 почти не изменил результат"
text-none_zero__ckpt-base__q-fp8__compile-0__offload-none__vae-tiling-1__fast-steps-0__lowres-1__temporal-sub-1,none_zero,base,fp8,0,none,1,0,1,1,11741.3,11764.0,4438.6,4918.0,11741.3,3.8341,0.989015,0.013236,,движение слабое; выглядит почти статично,не брать: слишком статично для требования «не застыло»,"нет текстового управления: лицо/сцена становятся обобщёнными, качество по промпту не оценивать; base даёт больше реального движения волос/лица; FP8 не дал заметного визуального ухудшения относительно BF16; lowres 384→512: лицо мягче/мыльнее, но движение сохраняется; temporal subsample/interpolation сглаживает и делает ролик более статичным; VAE tiling визуально и по памяти на 512 почти не изменил результат"
text-none_zero__ckpt-base__q-fp8__compile-0__offload-none__vae-tiling-1__fast-steps-1__lowres-0__temporal-sub-0,none_zero,base,fp8,0,none,1,1,0,0,11741.3,11764.0,8817.8,10010.0,11741.3,2.6294,0.877361,0.012537,,очень заметное движение; точно не застыло,"только экспериментально: экономит текстовую часть, но теряется управление промптом","нет текстового управления: лицо/сцена становятся обобщёнными, качество по промпту не оценивать; base даёт больше реального движения волос/лица; FP8 не дал заметного визуального ухудшения относительно BF16; VAE tiling визуально и по памяти на 512 почти не изменил результат"
text-none_zero__ckpt-base__q-fp8__compile-0__offload-none__vae-tiling-1__fast-steps-1__lowres-0__temporal-sub-1,none_zero,base,fp8,0,none,1,1,0,1,11741.3,11764.0,5815.4,6534.0,11741.3,1.9491,0.977935,0.002784,,движение слабое; выглядит почти статично,не брать: слишком статично для требования «не застыло»,"нет текстового управления: лицо/сцена становятся обобщёнными, качество по промпту не оценивать; base даёт больше реального движения волос/лица; FP8 не дал заметного визуального ухудшения относительно BF16; temporal subsample/interpolation сглаживает и делает ролик более статичным; VAE tiling визуально и по памяти на 512 почти не изменил результат"
text-none_zero__ckpt-base__q-fp8__compile-0__offload-none__vae-tiling-1__fast-steps-1__lowres-1__temporal-sub-0,none_zero,base,fp8,0,none,1,1,1,0,11741.3,11764.0,6128.6,6870.0,11741.3,2.5721,0.923924,0.034448,,движение заметное; не застыло,"только экспериментально: экономит текстовую часть, но теряется управление промптом","нет текстового управления: лицо/сцена становятся обобщёнными, качество по промпту не оценивать; base даёт больше реального движения волос/лица; FP8 не дал заметного визуального ухудшения относительно BF16; lowres 384→512: лицо мягче/мыльнее, но движение сохраняется; VAE tiling визуально и по памяти на 512 почти не изменил результат"
text-none_zero__ckpt-base__q-fp8__compile-0__offload-none__vae-tiling-1__fast-steps-1__lowres-1__temporal-sub-1,none_zero,base,fp8,0,none,1,1,1,1,11741.3,11764.0,4438.6,4918.0,11741.3,1.9539,0.987457,0.014612,,движение слабое; выглядит почти статично,не брать: слишком статично для требования «не застыло»,"нет текстового управления: лицо/сцена становятся обобщёнными, качество по промпту не оценивать; base даёт больше реального движения волос/лица; FP8 не дал заметного визуального ухудшения относительно BF16; lowres 384→512: лицо мягче/мыльнее, но движение сохраняется; temporal subsample/interpolation сглаживает и делает ролик более статичным; VAE tiling визуально и по памяти на 512 почти не изменил результат"
text-none_zero__ckpt-base__q-fp8__compile-0__offload-group__vae-tiling-0__fast-steps-0__lowres-0__temporal-sub-0,none_zero,base,fp8,0,group,0,0,0,0,6160.9,7446.0,6160.9,7446.0,0.0,7.7846,0.889397,0.011405,,движение заметное; не застыло,"только экспериментально: экономит текстовую часть, но теряется управление промптом","нет текстового управления: лицо/сцена становятся обобщёнными, качество по промпту не оценивать; base даёт больше реального движения волос/лица; FP8 не дал заметного визуального ухудшения относительно BF16; group offload резко снижает измеренную VRAM, но переносит нагрузку в CPU/RAM"
text-none_zero__ckpt-base__q-fp8__compile-0__offload-group__vae-tiling-0__fast-steps-0__lowres-0__temporal-sub-1,none_zero,base,fp8,0,group,0,0,0,1,3159.4,3842.0,3159.4,3842.0,0.0,6.9026,0.980513,0.002469,,движение слабое; выглядит почти статично,не брать: слишком статично для требования «не застыло»,"нет текстового управления: лицо/сцена становятся обобщёнными, качество по промпту не оценивать; base даёт больше реального движения волос/лица; FP8 не дал заметного визуального ухудшения относительно BF16; temporal subsample/interpolation сглаживает и делает ролик более статичным; group offload резко снижает измеренную VRAM, но переносит нагрузку в CPU/RAM"
text-none_zero__ckpt-base__q-fp8__compile-0__offload-group__vae-tiling-0__fast-steps-0__lowres-1__temporal-sub-0,none_zero,base,fp8,0,group,0,0,1,0,3470.8,4306.0,3470.8,4306.0,0.0,6.6034,0.933492,0.031623,,движение умеренное,"только экспериментально: экономит текстовую часть, но теряется управление промптом","нет текстового управления: лицо/сцена становятся обобщёнными, качество по промпту не оценивать; base даёт больше реального движения волос/лица; FP8 не дал заметного визуального ухудшения относительно BF16; lowres 384→512: лицо мягче/мыльнее, но движение сохраняется; group offload резко снижает измеренную VRAM, но переносит нагрузку в CPU/RAM"
text-none_zero__ckpt-base__q-fp8__compile-0__offload-group__vae-tiling-0__fast-steps-0__lowres-1__temporal-sub-1,none_zero,base,fp8,0,group,0,0,1,1,1782.4,2230.0,1782.4,2230.0,0.0,5.5942,0.989015,0.013236,,движение слабое; выглядит почти статично,не брать: слишком статично для требования «не застыло»,"нет текстового управления: лицо/сцена становятся обобщёнными, качество по промпту не оценивать; base даёт больше реального движения волос/лица; FP8 не дал заметного визуального ухудшения относительно BF16; lowres 384→512: лицо мягче/мыльнее, но движение сохраняется; temporal subsample/interpolation сглаживает и делает ролик более статичным; group offload резко снижает измеренную VRAM, но переносит нагрузку в CPU/RAM"
text-none_zero__ckpt-base__q-fp8__compile-0__offload-group__vae-tiling-0__fast-steps-1__lowres-0__temporal-sub-0,none_zero,base,fp8,0,group,0,1,0,0,6160.9,7446.0,6160.9,7446.0,0.0,5.2367,0.877361,0.012537,,очень заметное движение; точно не застыло,"только экспериментально: экономит текстовую часть, но теряется управление промптом","нет текстового управления: лицо/сцена становятся обобщёнными, качество по промпту не оценивать; base даёт больше реального движения волос/лица; FP8 не дал заметного визуального ухудшения относительно BF16; group offload резко снижает измеренную VRAM, но переносит нагрузку в CPU/RAM"
text-none_zero__ckpt-base__q-fp8__compile-0__offload-group__vae-tiling-0__fast-steps-1__lowres-0__temporal-sub-1,none_zero,base,fp8,0,group,0,1,0,1,3159.4,3842.0,3159.4,3842.0,0.0,4.7685,0.977935,0.002784,,движение слабое; выглядит почти статично,не брать: слишком статично для требования «не застыло»,"нет текстового управления: лицо/сцена становятся обобщёнными, качество по промпту не оценивать; base даёт больше реального движения волос/лица; FP8 не дал заметного визуального ухудшения относительно BF16; temporal subsample/interpolation сглаживает и делает ролик более статичным; group offload резко снижает измеренную VRAM, но переносит нагрузку в CPU/RAM"
text-none_zero__ckpt-base__q-fp8__compile-0__offload-group__vae-tiling-0__fast-steps-1__lowres-1__temporal-sub-0,none_zero,base,fp8,0,group,0,1,1,0,3470.8,4306.0,3470.8,4306.0,0.0,3.8041,0.923924,0.034448,,движение заметное; не застыло,"только экспериментально: экономит текстовую часть, но теряется управление промптом","нет текстового управления: лицо/сцена становятся обобщёнными, качество по промпту не оценивать; base даёт больше реального движения волос/лица; FP8 не дал заметного визуального ухудшения относительно BF16; lowres 384→512: лицо мягче/мыльнее, но движение сохраняется; group offload резко снижает измеренную VRAM, но переносит нагрузку в CPU/RAM"
text-none_zero__ckpt-base__q-fp8__compile-0__offload-group__vae-tiling-0__fast-steps-1__lowres-1__temporal-sub-1,none_zero,base,fp8,0,group,0,1,1,1,1782.4,2230.0,1782.4,2230.0,0.0,4.4376,0.987457,0.014612,,движение слабое; выглядит почти статично,не брать: слишком статично для требования «не застыло»,"нет текстового управления: лицо/сцена становятся обобщёнными, качество по промпту не оценивать; base даёт больше реального движения волос/лица; FP8 не дал заметного визуального ухудшения относительно BF16; lowres 384→512: лицо мягче/мыльнее, но движение сохраняется; temporal subsample/interpolation сглаживает и делает ролик более статичным; group offload резко снижает измеренную VRAM, но переносит нагрузку в CPU/RAM"
text-none_zero__ckpt-base__q-fp8__compile-0__offload-group__vae-tiling-1__fast-steps-0__lowres-0__temporal-sub-0,none_zero,base,fp8,0,group,1,0,0,0,6160.9,7446.0,6160.9,7446.0,0.0,9.0156,0.889397,0.011405,,движение заметное; не застыло,"только экспериментально: экономит текстовую часть, но теряется управление промптом","нет текстового управления: лицо/сцена становятся обобщёнными, качество по промпту не оценивать; base даёт больше реального движения волос/лица; FP8 не дал заметного визуального ухудшения относительно BF16; VAE tiling визуально и по памяти на 512 почти не изменил результат; group offload резко снижает измеренную VRAM, но переносит нагрузку в CPU/RAM"
text-none_zero__ckpt-base__q-fp8__compile-0__offload-group__vae-tiling-1__fast-steps-0__lowres-0__temporal-sub-1,none_zero,base,fp8,0,group,1,0,0,1,3159.4,3842.0,3159.4,3842.0,0.0,6.4798,0.980513,0.002469,,движение слабое; выглядит почти статично,не брать: слишком статично для требования «не застыло»,"нет текстового управления: лицо/сцена становятся обобщёнными, качество по промпту не оценивать; base даёт больше реального движения волос/лица; FP8 не дал заметного визуального ухудшения относительно BF16; temporal subsample/interpolation сглаживает и делает ролик более статичным; VAE tiling визуально и по памяти на 512 почти не изменил результат; group offload резко снижает измеренную VRAM, но переносит нагрузку в CPU/RAM"
text-none_zero__ckpt-base__q-fp8__compile-0__offload-group__vae-tiling-1__fast-steps-0__lowres-1__temporal-sub-0,none_zero,base,fp8,0,group,1,0,1,0,3470.8,4306.0,3470.8,4306.0,0.0,6.0536,0.933492,0.031623,,движение умеренное,"только экспериментально: экономит текстовую часть, но теряется управление промптом","нет текстового управления: лицо/сцена становятся обобщёнными, качество по промпту не оценивать; base даёт больше реального движения волос/лица; FP8 не дал заметного визуального ухудшения относительно BF16; lowres 384→512: лицо мягче/мыльнее, но движение сохраняется; VAE tiling визуально и по памяти на 512 почти не изменил результат; group offload резко снижает измеренную VRAM, но переносит нагрузку в CPU/RAM"
text-none_zero__ckpt-base__q-fp8__compile-0__offload-group__vae-tiling-1__fast-steps-0__lowres-1__temporal-sub-1,none_zero,base,fp8,0,group,1,0,1,1,1782.4,2230.0,1782.4,2230.0,0.0,6.1765,0.989015,0.013236,,движение слабое; выглядит почти статично,не брать: слишком статично для требования «не застыло»,"нет текстового управления: лицо/сцена становятся обобщёнными, качество по промпту не оценивать; base даёт больше реального движения волос/лица; FP8 не дал заметного визуального ухудшения относительно BF16; lowres 384→512: лицо мягче/мыльнее, но движение сохраняется; temporal subsample/interpolation сглаживает и делает ролик более статичным; VAE tiling визуально и по памяти на 512 почти не изменил результат; group offload резко снижает измеренную VRAM, но переносит нагрузку в CPU/RAM"
text-none_zero__ckpt-base__q-fp8__compile-0__offload-group__vae-tiling-1__fast-steps-1__lowres-0__temporal-sub-0,none_zero,base,fp8,0,group,1,1,0,0,6160.9,7446.0,6160.9,7446.0,0.0,4.7175,0.877361,0.012537,,очень заметное движение; точно не застыло,"только экспериментально: экономит текстовую часть, но теряется управление промптом","нет текстового управления: лицо/сцена становятся обобщёнными, качество по промпту не оценивать; base даёт больше реального движения волос/лица; FP8 не дал заметного визуального ухудшения относительно BF16; VAE tiling визуально и по памяти на 512 почти не изменил результат; group offload резко снижает измеренную VRAM, но переносит нагрузку в CPU/RAM"
text-none_zero__ckpt-base__q-fp8__compile-0__offload-group__vae-tiling-1__fast-steps-1__lowres-0__temporal-sub-1,none_zero,base,fp8,0,group,1,1,0,1,3159.4,3842.0,3159.4,3842.0,0.0,3.6316,0.977935,0.002784,,движение слабое; выглядит почти статично,не брать: слишком статично для требования «не застыло»,"нет текстового управления: лицо/сцена становятся обобщёнными, качество по промпту не оценивать; base даёт больше реального движения волос/лица; FP8 не дал заметного визуального ухудшения относительно BF16; temporal subsample/interpolation сглаживает и делает ролик более статичным; VAE tiling визуально и по памяти на 512 почти не изменил результат; group offload резко снижает измеренную VRAM, но переносит нагрузку в CPU/RAM"
text-none_zero__ckpt-base__q-fp8__compile-0__offload-group__vae-tiling-1__fast-steps-1__lowres-1__temporal-sub-0,none_zero,base,fp8,0,group,1,1,1,0,3470.8,4306.0,3470.8,4306.0,0.0,3.7257,0.923924,0.034448,,движение заметное; не застыло,"только экспериментально: экономит текстовую часть, но теряется управление промптом","нет текстового управления: лицо/сцена становятся обобщёнными, качество по промпту не оценивать; base даёт больше реального движения волос/лица; FP8 не дал заметного визуального ухудшения относительно BF16; lowres 384→512: лицо мягче/мыльнее, но движение сохраняется; VAE tiling визуально и по памяти на 512 почти не изменил результат; group offload резко снижает измеренную VRAM, но переносит нагрузку в CPU/RAM"
text-none_zero__ckpt-base__q-fp8__compile-0__offload-group__vae-tiling-1__fast-steps-1__lowres-1__temporal-sub-1,none_zero,base,fp8,0,group,1,1,1,1,1782.4,2230.0,1782.4,2230.0,0.0,3.6028,0.987457,0.014612,,движение слабое; выглядит почти статично,не брать: слишком статично для требования «не застыло»,"нет текстового управления: лицо/сцена становятся обобщёнными, качество по промпту не оценивать; base даёт больше реального движения волос/лица; FP8 не дал заметного визуального ухудшения относительно BF16; lowres 384→512: лицо мягче/мыльнее, но движение сохраняется; temporal subsample/interpolation сглаживает и делает ролик более статичным; VAE tiling визуально и по памяти на 512 почти не изменил результат; group offload резко снижает измеренную VRAM, но переносит нагрузку в CPU/RAM"
text-none_zero__ckpt-base__q-fp8__compile-1__offload-none__vae-tiling-0__fast-steps-0__lowres-0__temporal-sub-0,none_zero,base,fp8,1,none,0,0,0,0,11741.3,11764.0,8817.8,10096.0,11741.3,47.1455,0.889614,0.011445,,движение заметное; не застыло,"только экспериментально: экономит текстовую часть, но теряется управление промптом","нет текстового управления: лицо/сцена становятся обобщёнными, качество по промпту не оценивать; base даёт больше реального движения волос/лица; FP8 не дал заметного визуального ухудшения относительно BF16; compile визуально не меняет, но в этом запуске сильно замедлил"
text-none_zero__ckpt-base__q-fp8__compile-1__offload-none__vae-tiling-0__fast-steps-0__lowres-0__temporal-sub-1,none_zero,base,fp8,1,none,0,0,0,1,11741.3,11764.0,5815.4,6516.0,11741.3,46.2541,0.980543,0.002465,,движение слабое; выглядит почти статично,не брать: слишком статично для требования «не застыло»,"нет текстового управления: лицо/сцена становятся обобщёнными, качество по промпту не оценивать; base даёт больше реального движения волос/лица; FP8 не дал заметного визуального ухудшения относительно BF16; temporal subsample/interpolation сглаживает и делает ролик более статичным; compile визуально не меняет, но в этом запуске сильно замедлил"
text-none_zero__ckpt-base__q-fp8__compile-1__offload-none__vae-tiling-0__fast-steps-0__lowres-1__temporal-sub-0,none_zero,base,fp8,1,none,0,0,1,0,11741.3,11764.0,6128.0,6882.0,11741.3,48.8175,0.933534,0.031599,,движение умеренное,"только экспериментально: экономит текстовую часть, но теряется управление промптом","нет текстового управления: лицо/сцена становятся обобщёнными, качество по промпту не оценивать; base даёт больше реального движения волос/лица; FP8 не дал заметного визуального ухудшения относительно BF16; lowres 384→512: лицо мягче/мыльнее, но движение сохраняется; compile визуально не меняет, но в этом запуске сильно замедлил"
text-none_zero__ckpt-base__q-fp8__compile-1__offload-none__vae-tiling-0__fast-steps-0__lowres-1__temporal-sub-1,none_zero,base,fp8,1,none,0,0,1,1,11741.3,11764.0,4438.4,4888.0,11741.3,45.9019,0.989044,0.013168,,движение слабое; выглядит почти статично,не брать: слишком статично для требования «не застыло»,"нет текстового управления: лицо/сцена становятся обобщёнными, качество по промпту не оценивать; base даёт больше реального движения волос/лица; FP8 не дал заметного визуального ухудшения относительно BF16; lowres 384→512: лицо мягче/мыльнее, но движение сохраняется; temporal subsample/interpolation сглаживает и делает ролик более статичным; compile визуально не меняет, но в этом запуске сильно замедлил"
text-none_zero__ckpt-base__q-fp8__compile-1__offload-none__vae-tiling-0__fast-steps-1__lowres-0__temporal-sub-0,none_zero,base,fp8,1,none,0,1,0,0,11741.3,11764.0,8817.8,10096.0,11741.3,20.8221,0.877566,0.012505,,очень заметное движение; точно не застыло,"только экспериментально: экономит текстовую часть, но теряется управление промптом","нет текстового управления: лицо/сцена становятся обобщёнными, качество по промпту не оценивать; base даёт больше реального движения волос/лица; FP8 не дал заметного визуального ухудшения относительно BF16; compile визуально не меняет, но в этом запуске сильно замедлил"
text-none_zero__ckpt-base__q-fp8__compile-1__offload-none__vae-tiling-0__fast-steps-1__lowres-0__temporal-sub-1,none_zero,base,fp8,1,none,0,1,0,1,11741.3,11764.0,5815.4,6516.0,11741.3,18.2704,0.977983,0.002759,,движение слабое; выглядит почти статично,не брать: слишком статично для требования «не застыло»,"нет текстового управления: лицо/сцена становятся обобщёнными, качество по промпту не оценивать; base даёт больше реального движения волос/лица; FP8 не дал заметного визуального ухудшения относительно BF16; temporal subsample/interpolation сглаживает и делает ролик более статичным; compile визуально не меняет, но в этом запуске сильно замедлил"
text-none_zero__ckpt-base__q-fp8__compile-1__offload-none__vae-tiling-0__fast-steps-1__lowres-1__temporal-sub-0,none_zero,base,fp8,1,none,0,1,1,0,11741.3,11764.0,6127.9,6866.0,11741.3,18.9111,0.923993,0.034313,,движение заметное; не застыло,"только экспериментально: экономит текстовую часть, но теряется управление промптом","нет текстового управления: лицо/сцена становятся обобщёнными, качество по промпту не оценивать; base даёт больше реального движения волос/лица; FP8 не дал заметного визуального ухудшения относительно BF16; lowres 384→512: лицо мягче/мыльнее, но движение сохраняется; compile визуально не меняет, но в этом запуске сильно замедлил"
text-none_zero__ckpt-base__q-fp8__compile-1__offload-none__vae-tiling-0__fast-steps-1__lowres-1__temporal-sub-1,none_zero,base,fp8,1,none,0,1,1,1,11741.3,11764.0,4438.4,4888.0,11741.3,19.7802,0.987491,0.014594,,движение слабое; выглядит почти статично,не брать: слишком статично для требования «не застыло»,"нет текстового управления: лицо/сцена становятся обобщёнными, качество по промпту не оценивать; base даёт больше реального движения волос/лица; FP8 не дал заметного визуального ухудшения относительно BF16; lowres 384→512: лицо мягче/мыльнее, но движение сохраняется; temporal subsample/interpolation сглаживает и делает ролик более статичным; compile визуально не меняет, но в этом запуске сильно замедлил"
text-none_zero__ckpt-base__q-fp8__compile-1__offload-none__vae-tiling-1__fast-steps-0__lowres-0__temporal-sub-0,none_zero,base,fp8,1,none,1,0,0,0,11741.3,11764.0,8817.8,10096.0,11741.3,50.3266,0.889614,0.011445,,движение заметное; не застыло,"только экспериментально: экономит текстовую часть, но теряется управление промптом","нет текстового управления: лицо/сцена становятся обобщёнными, качество по промпту не оценивать; base даёт больше реального движения волос/лица; FP8 не дал заметного визуального ухудшения относительно BF16; compile визуально не меняет, но в этом запуске сильно замедлил; VAE tiling визуально и по памяти на 512 почти не изменил результат"
text-none_zero__ckpt-base__q-fp8__compile-1__offload-none__vae-tiling-1__fast-steps-0__lowres-0__temporal-sub-1,none_zero,base,fp8,1,none,1,0,0,1,11741.3,11764.0,5815.4,6516.0,11741.3,46.8178,0.980543,0.002465,,движение слабое; выглядит почти статично,не брать: слишком статично для требования «не застыло»,"нет текстового управления: лицо/сцена становятся обобщёнными, качество по промпту не оценивать; base даёт больше реального движения волос/лица; FP8 не дал заметного визуального ухудшения относительно BF16; temporal subsample/interpolation сглаживает и делает ролик более статичным; compile визуально не меняет, но в этом запуске сильно замедлил; VAE tiling визуально и по памяти на 512 почти не изменил результат"
text-none_zero__ckpt-base__q-fp8__compile-1__offload-none__vae-tiling-1__fast-steps-0__lowres-1__temporal-sub-0,none_zero,base,fp8,1,none,1,0,1,0,11741.3,11764.0,6128.0,6882.0,11741.3,47.6354,0.933534,0.031599,,движение умеренное,"только экспериментально: экономит текстовую часть, но теряется управление промптом","нет текстового управления: лицо/сцена становятся обобщёнными, качество по промпту не оценивать; base даёт больше реального движения волос/лица; FP8 не дал заметного визуального ухудшения относительно BF16; lowres 384→512: лицо мягче/мыльнее, но движение сохраняется; compile визуально не меняет, но в этом запуске сильно замедлил; VAE tiling визуально и по памяти на 512 почти не изменил результат"
text-none_zero__ckpt-base__q-fp8__compile-1__offload-none__vae-tiling-1__fast-steps-0__lowres-1__temporal-sub-1,none_zero,base,fp8,1,none,1,0,1,1,11741.3,11764.0,4438.4,4888.0,11741.3,46.9927,0.989044,0.013168,,движение слабое; выглядит почти статично,не брать: слишком статично для требования «не застыло»,"нет текстового управления: лицо/сцена становятся обобщёнными, качество по промпту не оценивать; base даёт больше реального движения волос/лица; FP8 не дал заметного визуального ухудшения относительно BF16; lowres 384→512: лицо мягче/мыльнее, но движение сохраняется; temporal subsample/interpolation сглаживает и делает ролик более статичным; compile визуально не меняет, но в этом запуске сильно замедлил; VAE tiling визуально и по памяти на 512 почти не изменил результат"
text-none_zero__ckpt-base__q-fp8__compile-1__offload-none__vae-tiling-1__fast-steps-1__lowres-0__temporal-sub-0,none_zero,base,fp8,1,none,1,1,0,0,11741.3,11764.0,8817.8,10096.0,11741.3,19.2756,0.877566,0.012505,,очень заметное движение; точно не застыло,"только экспериментально: экономит текстовую часть, но теряется управление промптом","нет текстового управления: лицо/сцена становятся обобщёнными, качество по промпту не оценивать; base даёт больше реального движения волос/лица; FP8 не дал заметного визуального ухудшения относительно BF16; compile визуально не меняет, но в этом запуске сильно замедлил; VAE tiling визуально и по памяти на 512 почти не изменил результат"
text-none_zero__ckpt-base__q-fp8__compile-1__offload-none__vae-tiling-1__fast-steps-1__lowres-0__temporal-sub-1,none_zero,base,fp8,1,none,1,1,0,1,11741.3,11764.0,5815.4,6516.0,11741.3,16.6848,0.977983,0.002759,,движение слабое; выглядит почти статично,не брать: слишком статично для требования «не застыло»,"нет текстового управления: лицо/сцена становятся обобщёнными, качество по промпту не оценивать; base даёт больше реального движения волос/лица; FP8 не дал заметного визуального ухудшения относительно BF16; temporal subsample/interpolation сглаживает и делает ролик более статичным; compile визуально не меняет, но в этом запуске сильно замедлил; VAE tiling визуально и по памяти на 512 почти не изменил результат"
text-none_zero__ckpt-base__q-fp8__compile-1__offload-none__vae-tiling-1__fast-steps-1__lowres-1__temporal-sub-0,none_zero,base,fp8,1,none,1,1,1,0,11741.3,11764.0,6127.9,6866.0,11741.3,19.2684,0.923993,0.034313,,движение заметное; не застыло,"только экспериментально: экономит текстовую часть, но теряется управление промптом","нет текстового управления: лицо/сцена становятся обобщёнными, качество по промпту не оценивать; base даёт больше реального движения волос/лица; FP8 не дал заметного визуального ухудшения относительно BF16; lowres 384→512: лицо мягче/мыльнее, но движение сохраняется; compile визуально не меняет, но в этом запуске сильно замедлил; VAE tiling визуально и по памяти на 512 почти не изменил результат"
text-none_zero__ckpt-base__q-fp8__compile-1__offload-none__vae-tiling-1__fast-steps-1__lowres-1__temporal-sub-1,none_zero,base,fp8,1,none,1,1,1,1,11741.3,11764.0,4438.4,4888.0,11741.3,18.853,0.987491,0.014594,,движение слабое; выглядит почти статично,не брать: слишком статично для требования «не застыло»,"нет текстового управления: лицо/сцена становятся обобщёнными, качество по промпту не оценивать; base даёт больше реального движения волос/лица; FP8 не дал заметного визуального ухудшения относительно BF16; lowres 384→512: лицо мягче/мыльнее, но движение сохраняется; temporal subsample/interpolation сглаживает и делает ролик более статичным; compile визуально не меняет, но в этом запуске сильно замедлил; VAE tiling визуально и по памяти на 512 почти не изменил результат"
text-none_zero__ckpt-base__q-fp8__compile-1__offload-group__vae-tiling-0__fast-steps-0__lowres-0__temporal-sub-0,none_zero,base,fp8,1,group,0,0,0,0,6160.9,7600.0,6160.9,7600.0,0.0,18.9833,0.88947,0.011459,,движение заметное; не застыло,"только экспериментально: экономит текстовую часть, но теряется управление промптом","нет текстового управления: лицо/сцена становятся обобщёнными, качество по промпту не оценивать; base даёт больше реального движения волос/лица; FP8 не дал заметного визуального ухудшения относительно BF16; compile визуально не меняет, но в этом запуске сильно замедлил; group offload резко снижает измеренную VRAM, но переносит нагрузку в CPU/RAM"
text-none_zero__ckpt-base__q-fp8__compile-1__offload-group__vae-tiling-0__fast-steps-0__lowres-0__temporal-sub-1,none_zero,base,fp8,1,group,0,0,0,1,3159.4,4040.0,3159.4,4040.0,0.0,17.9483,0.980504,0.002467,,движение слабое; выглядит почти статично,не брать: слишком статично для требования «не застыло»,"нет текстового управления: лицо/сцена становятся обобщёнными, качество по промпту не оценивать; base даёт больше реального движения волос/лица; FP8 не дал заметного визуального ухудшения относительно BF16; temporal subsample/interpolation сглаживает и делает ролик более статичным; compile визуально не меняет, но в этом запуске сильно замедлил; group offload резко снижает измеренную VRAM, но переносит нагрузку в CPU/RAM"
text-none_zero__ckpt-base__q-fp8__compile-1__offload-group__vae-tiling-0__fast-steps-0__lowres-1__temporal-sub-0,none_zero,base,fp8,1,group,0,0,1,0,3469.9,4318.0,3469.9,4318.0,0.0,18.2654,0.933485,0.031898,,движение умеренное,"только экспериментально: экономит текстовую часть, но теряется управление промптом","нет текстового управления: лицо/сцена становятся обобщёнными, качество по промпту не оценивать; base даёт больше реального движения волос/лица; FP8 не дал заметного визуального ухудшения относительно BF16; lowres 384→512: лицо мягче/мыльнее, но движение сохраняется; compile визуально не меняет, но в этом запуске сильно замедлил; group offload резко снижает измеренную VRAM, но переносит нагрузку в CPU/RAM"
text-none_zero__ckpt-base__q-fp8__compile-1__offload-group__vae-tiling-0__fast-steps-0__lowres-1__temporal-sub-1,none_zero,base,fp8,1,group,0,0,1,1,1781.5,2264.0,1781.5,2264.0,0.0,16.5905,0.988998,0.013273,,движение слабое; выглядит почти статично,не брать: слишком статично для требования «не застыло»,"нет текстового управления: лицо/сцена становятся обобщёнными, качество по промпту не оценивать; base даёт больше реального движения волос/лица; FP8 не дал заметного визуального ухудшения относительно BF16; lowres 384→512: лицо мягче/мыльнее, но движение сохраняется; temporal subsample/interpolation сглаживает и делает ролик более статичным; compile визуально не меняет, но в этом запуске сильно замедлил; group offload резко снижает измеренную VRAM, но переносит нагрузку в CPU/RAM"
text-none_zero__ckpt-base__q-fp8__compile-1__offload-group__vae-tiling-0__fast-steps-1__lowres-0__temporal-sub-0,none_zero,base,fp8,1,group,0,1,0,0,6160.9,7580.0,6160.9,7580.0,0.0,14.539,0.877427,0.012514,,очень заметное движение; точно не застыло,"только экспериментально: экономит текстовую часть, но теряется управление промптом","нет текстового управления: лицо/сцена становятся обобщёнными, качество по промпту не оценивать; base даёт больше реального движения волос/лица; FP8 не дал заметного визуального ухудшения относительно BF16; compile визуально не меняет, но в этом запуске сильно замедлил; group offload резко снижает измеренную VRAM, но переносит нагрузку в CPU/RAM"
text-none_zero__ckpt-base__q-fp8__compile-1__offload-group__vae-tiling-0__fast-steps-1__lowres-0__temporal-sub-1,none_zero,base,fp8,1,group,0,1,0,1,3159.4,3988.0,3159.4,3988.0,0.0,15.1677,0.97793,0.00278,,движение слабое; выглядит почти статично,не брать: слишком статично для требования «не застыло»,"нет текстового управления: лицо/сцена становятся обобщёнными, качество по промпту не оценивать; base даёт больше реального движения волос/лица; FP8 не дал заметного визуального ухудшения относительно BF16; temporal subsample/interpolation сглаживает и делает ролик более статичным; compile визуально не меняет, но в этом запуске сильно замедлил; group offload резко снижает измеренную VRAM, но переносит нагрузку в CPU/RAM"
text-none_zero__ckpt-base__q-fp8__compile-1__offload-group__vae-tiling-0__fast-steps-1__lowres-1__temporal-sub-0,none_zero,base,fp8,1,group,0,1,1,0,3469.9,4318.0,3469.9,4318.0,0.0,15.6363,0.923997,0.034397,,движение заметное; не застыло,"только экспериментально: экономит текстовую часть, но теряется управление промптом","нет текстового управления: лицо/сцена становятся обобщёнными, качество по промпту не оценивать; base даёт больше реального движения волос/лица; FP8 не дал заметного визуального ухудшения относительно BF16; lowres 384→512: лицо мягче/мыльнее, но движение сохраняется; compile визуально не меняет, но в этом запуске сильно замедлил; group offload резко снижает измеренную VRAM, но переносит нагрузку в CPU/RAM"
text-none_zero__ckpt-base__q-fp8__compile-1__offload-group__vae-tiling-0__fast-steps-1__lowres-1__temporal-sub-1,none_zero,base,fp8,1,group,0,1,1,1,1781.5,2264.0,1781.5,2264.0,0.0,14.7036,0.987437,0.014677,,движение слабое; выглядит почти статично,не брать: слишком статично для требования «не застыло»,"нет текстового управления: лицо/сцена становятся обобщёнными, качество по промпту не оценивать; base даёт больше реального движения волос/лица; FP8 не дал заметного визуального ухудшения относительно BF16; lowres 384→512: лицо мягче/мыльнее, но движение сохраняется; temporal subsample/interpolation сглаживает и делает ролик более статичным; compile визуально не меняет, но в этом запуске сильно замедлил; group offload резко снижает измеренную VRAM, но переносит нагрузку в CPU/RAM"
text-none_zero__ckpt-base__q-fp8__compile-1__offload-group__vae-tiling-1__fast-steps-0__lowres-0__temporal-sub-0,none_zero,base,fp8,1,group,1,0,0,0,6160.9,7600.0,6160.9,7600.0,0.0,21.0249,0.88947,0.011459,,движение заметное; не застыло,"только экспериментально: экономит текстовую часть, но теряется управление промптом","нет текстового управления: лицо/сцена становятся обобщёнными, качество по промпту не оценивать; base даёт больше реального движения волос/лица; FP8 не дал заметного визуального ухудшения относительно BF16; compile визуально не меняет, но в этом запуске сильно замедлил; VAE tiling визуально и по памяти на 512 почти не изменил результат; group offload резко снижает измеренную VRAM, но переносит нагрузку в CPU/RAM"
text-none_zero__ckpt-base__q-fp8__compile-1__offload-group__vae-tiling-1__fast-steps-0__lowres-0__temporal-sub-1,none_zero,base,fp8,1,group,1,0,0,1,3159.4,4040.0,3159.4,4040.0,0.0,17.6082,0.980504,0.002467,,движение слабое; выглядит почти статично,не брать: слишком статично для требования «не застыло»,"нет текстового управления: лицо/сцена становятся обобщёнными, качество по промпту не оценивать; base даёт больше реального движения волос/лица; FP8 не дал заметного визуального ухудшения относительно BF16; temporal subsample/interpolation сглаживает и делает ролик более статичным; compile визуально не меняет, но в этом запуске сильно замедлил; VAE tiling визуально и по памяти на 512 почти не изменил результат; group offload резко снижает измеренную VRAM, но переносит нагрузку в CPU/RAM"
text-none_zero__ckpt-base__q-fp8__compile-1__offload-group__vae-tiling-1__fast-steps-0__lowres-1__temporal-sub-0,none_zero,base,fp8,1,group,1,0,1,0,3469.9,4318.0,3469.9,4318.0,0.0,17.3962,0.933485,0.031898,,движение умеренное,"только экспериментально: экономит текстовую часть, но теряется управление промптом","нет текстового управления: лицо/сцена становятся обобщёнными, качество по промпту не оценивать; base даёт больше реального движения волос/лица; FP8 не дал заметного визуального ухудшения относительно BF16; lowres 384→512: лицо мягче/мыльнее, но движение сохраняется; compile визуально не меняет, но в этом запуске сильно замедлил; VAE tiling визуально и по памяти на 512 почти не изменил результат; group offload резко снижает измеренную VRAM, но переносит нагрузку в CPU/RAM"
text-none_zero__ckpt-base__q-fp8__compile-1__offload-group__vae-tiling-1__fast-steps-0__lowres-1__temporal-sub-1,none_zero,base,fp8,1,group,1,0,1,1,1781.5,2264.0,1781.5,2264.0,0.0,19.0606,0.988998,0.013273,,движение слабое; выглядит почти статично,не брать: слишком статично для требования «не застыло»,"нет текстового управления: лицо/сцена становятся обобщёнными, качество по промпту не оценивать; base даёт больше реального движения волос/лица; FP8 не дал заметного визуального ухудшения относительно BF16; lowres 384→512: лицо мягче/мыльнее, но движение сохраняется; temporal subsample/interpolation сглаживает и делает ролик более статичным; compile визуально не меняет, но в этом запуске сильно замедлил; VAE tiling визуально и по памяти на 512 почти не изменил результат; group offload резко снижает измеренную VRAM, но переносит нагрузку в CPU/RAM"
text-none_zero__ckpt-base__q-fp8__compile-1__offload-group__vae-tiling-1__fast-steps-1__lowres-0__temporal-sub-0,none_zero,base,fp8,1,group,1,1,0,0,6160.9,7580.0,6160.9,7580.0,0.0,15.9966,0.877427,0.012514,,очень заметное движение; точно не застыло,"только экспериментально: экономит текстовую часть, но теряется управление промптом","нет текстового управления: лицо/сцена становятся обобщёнными, качество по промпту не оценивать; base даёт больше реального движения волос/лица; FP8 не дал заметного визуального ухудшения относительно BF16; compile визуально не меняет, но в этом запуске сильно замедлил; VAE tiling визуально и по памяти на 512 почти не изменил результат; group offload резко снижает измеренную VRAM, но переносит нагрузку в CPU/RAM"
text-none_zero__ckpt-base__q-fp8__compile-1__offload-group__vae-tiling-1__fast-steps-1__lowres-0__temporal-sub-1,none_zero,base,fp8,1,group,1,1,0,1,3159.4,3988.0,3159.4,3988.0,0.0,13.3278,0.97793,0.00278,,движение слабое; выглядит почти статично,не брать: слишком статично для требования «не застыло»,"нет текстового управления: лицо/сцена становятся обобщёнными, качество по промпту не оценивать; base даёт больше реального движения волос/лица; FP8 не дал заметного визуального ухудшения относительно BF16; temporal subsample/interpolation сглаживает и делает ролик более статичным; compile визуально не меняет, но в этом запуске сильно замедлил; VAE tiling визуально и по памяти на 512 почти не изменил результат; group offload резко снижает измеренную VRAM, но переносит нагрузку в CPU/RAM"
text-none_zero__ckpt-base__q-fp8__compile-1__offload-group__vae-tiling-1__fast-steps-1__lowres-1__temporal-sub-0,none_zero,base,fp8,1,group,1,1,1,0,3469.9,4318.0,3469.9,4318.0,0.0,13.2242,0.923997,0.034397,,движение заметное; не застыло,"только экспериментально: экономит текстовую часть, но теряется управление промптом","нет текстового управления: лицо/сцена становятся обобщёнными, качество по промпту не оценивать; base даёт больше реального движения волос/лица; FP8 не дал заметного визуального ухудшения относительно BF16; lowres 384→512: лицо мягче/мыльнее, но движение сохраняется; compile визуально не меняет, но в этом запуске сильно замедлил; VAE tiling визуально и по памяти на 512 почти не изменил результат; group offload резко снижает измеренную VRAM, но переносит нагрузку в CPU/RAM"
text-none_zero__ckpt-base__q-fp8__compile-1__offload-group__vae-tiling-1__fast-steps-1__lowres-1__temporal-sub-1,none_zero,base,fp8,1,group,1,1,1,1,1781.5,2264.0,1781.5,2264.0,0.0,14.1386,0.987437,0.014677,,движение слабое; выглядит почти статично,не брать: слишком статично для требования «не застыло»,"нет текстового управления: лицо/сцена становятся обобщёнными, качество по промпту не оценивать; base даёт больше реального движения волос/лица; FP8 не дал заметного визуального ухудшения относительно BF16; lowres 384→512: лицо мягче/мыльнее, но движение сохраняется; temporal subsample/interpolation сглаживает и делает ролик более статичным; compile визуально не меняет, но в этом запуске сильно замедлил; VAE tiling визуально и по памяти на 512 почти не изменил результат; group offload резко снижает измеренную VRAM, но переносит нагрузку в CPU/RAM"
text-none_zero__ckpt-base__q-int8__compile-0__offload-none__vae-tiling-0__fast-steps-0__lowres-0__temporal-sub-0,none_zero,base,int8,0,none,0,0,0,0,12029.5,12056.0,9105.2,10320.0,12029.5,5.4612,0.889015,0.011512,,движение заметное; не застыло,"только экспериментально: экономит текстовую часть, но теряется управление промптом","нет текстового управления: лицо/сцена становятся обобщёнными, качество по промпту не оценивать; base даёт больше реального движения волос/лица; INT8 визуально приемлем, но по памяти в этом запуске невыгоден"
text-none_zero__ckpt-base__q-int8__compile-0__offload-none__vae-tiling-0__fast-steps-0__lowres-0__temporal-sub-1,none_zero,base,int8,0,none,0,0,0,1,12029.5,12056.0,6103.7,6810.0,12029.5,4.1395,0.980216,0.002499,,движение слабое; выглядит почти статично,не брать: слишком статично для требования «не застыло»,"нет текстового управления: лицо/сцена становятся обобщёнными, качество по промпту не оценивать; base даёт больше реального движения волос/лица; INT8 визуально приемлем, но по памяти в этом запуске невыгоден; temporal subsample/interpolation сглаживает и делает ролик более статичным"
text-none_zero__ckpt-base__q-int8__compile-0__offload-none__vae-tiling-0__fast-steps-0__lowres-1__temporal-sub-0,none_zero,base,int8,0,none,0,0,1,0,12029.5,12056.0,6415.9,7166.0,12029.5,3.9284,0.933301,0.031229,,движение умеренное,"только экспериментально: экономит текстовую часть, но теряется управление промптом","нет текстового управления: лицо/сцена становятся обобщёнными, качество по промпту не оценивать; base даёт больше реального движения волос/лица; INT8 визуально приемлем, но по памяти в этом запуске невыгоден; lowres 384→512: лицо мягче/мыльнее, но движение сохраняется"
text-none_zero__ckpt-base__q-int8__compile-0__offload-none__vae-tiling-0__fast-steps-0__lowres-1__temporal-sub-1,none_zero,base,int8,0,none,0,0,1,1,12029.5,12056.0,4728.5,5174.0,12029.5,3.8797,0.988846,0.013385,,движение слабое; выглядит почти статично,не брать: слишком статично для требования «не застыло»,"нет текстового управления: лицо/сцена становятся обобщёнными, качество по промпту не оценивать; base даёт больше реального движения волос/лица; INT8 визуально приемлем, но по памяти в этом запуске невыгоден; lowres 384→512: лицо мягче/мыльнее, но движение сохраняется; temporal subsample/interpolation сглаживает и делает ролик более статичным"
text-none_zero__ckpt-base__q-int8__compile-0__offload-none__vae-tiling-0__fast-steps-1__lowres-0__temporal-sub-0,none_zero,base,int8,0,none,0,1,0,0,12029.5,12056.0,9105.2,10320.0,12029.5,2.6921,0.876443,0.012525,,очень заметное движение; точно не застыло,"только экспериментально: экономит текстовую часть, но теряется управление промптом","нет текстового управления: лицо/сцена становятся обобщёнными, качество по промпту не оценивать; base даёт больше реального движения волос/лица; INT8 визуально приемлем, но по памяти в этом запуске невыгоден"
text-none_zero__ckpt-base__q-int8__compile-0__offload-none__vae-tiling-0__fast-steps-1__lowres-0__temporal-sub-1,none_zero,base,int8,0,none,0,1,0,1,12029.5,12056.0,6103.7,6810.0,12029.5,2.6619,0.977834,0.002813,,движение слабое; выглядит почти статично,не брать: слишком статично для требования «не застыло»,"нет текстового управления: лицо/сцена становятся обобщёнными, качество по промпту не оценивать; base даёт больше реального движения волос/лица; INT8 визуально приемлем, но по памяти в этом запуске невыгоден; temporal subsample/interpolation сглаживает и делает ролик более статичным"
text-none_zero__ckpt-base__q-int8__compile-0__offload-none__vae-tiling-0__fast-steps-1__lowres-1__temporal-sub-0,none_zero,base,int8,0,none,0,1,1,0,12029.5,12056.0,6415.9,7166.0,12029.5,2.354,0.923706,0.034119,,движение заметное; не застыло,"только экспериментально: экономит текстовую часть, но теряется управление промптом","нет текстового управления: лицо/сцена становятся обобщёнными, качество по промпту не оценивать; base даёт больше реального движения волос/лица; INT8 визуально приемлем, но по памяти в этом запуске невыгоден; lowres 384→512: лицо мягче/мыльнее, но движение сохраняется"
text-none_zero__ckpt-base__q-int8__compile-0__offload-none__vae-tiling-0__fast-steps-1__lowres-1__temporal-sub-1,none_zero,base,int8,0,none,0,1,1,1,12029.5,12056.0,4728.5,5174.0,12029.5,2.4592,0.987418,0.014629,,движение слабое; выглядит почти статично,не брать: слишком статично для требования «не застыло»,"нет текстового управления: лицо/сцена становятся обобщёнными, качество по промпту не оценивать; base даёт больше реального движения волос/лица; INT8 визуально приемлем, но по памяти в этом запуске невыгоден; lowres 384→512: лицо мягче/мыльнее, но движение сохраняется; temporal subsample/interpolation сглаживает и делает ролик более статичным"
text-none_zero__ckpt-base__q-int8__compile-0__offload-none__vae-tiling-1__fast-steps-0__lowres-0__temporal-sub-0,none_zero,base,int8,0,none,1,0,0,0,12029.5,12056.0,9105.2,10320.0,12029.5,5.6879,0.889015,0.011512,,движение заметное; не застыло,"только экспериментально: экономит текстовую часть, но теряется управление промптом","нет текстового управления: лицо/сцена становятся обобщёнными, качество по промпту не оценивать; base даёт больше реального движения волос/лица; INT8 визуально приемлем, но по памяти в этом запуске невыгоден; VAE tiling визуально и по памяти на 512 почти не изменил результат"
text-none_zero__ckpt-base__q-int8__compile-0__offload-none__vae-tiling-1__fast-steps-0__lowres-0__temporal-sub-1,none_zero,base,int8,0,none,1,0,0,1,12029.5,12056.0,6103.7,6810.0,12029.5,4.296,0.980216,0.002499,,движение слабое; выглядит почти статично,не брать: слишком статично для требования «не застыло»,"нет текстового управления: лицо/сцена становятся обобщёнными, качество по промпту не оценивать; base даёт больше реального движения волос/лица; INT8 визуально приемлем, но по памяти в этом запуске невыгоден; temporal subsample/interpolation сглаживает и делает ролик более статичным; VAE tiling визуально и по памяти на 512 почти не изменил результат"
text-none_zero__ckpt-base__q-int8__compile-0__offload-none__vae-tiling-1__fast-steps-0__lowres-1__temporal-sub-0,none_zero,base,int8,0,none,1,0,1,0,12029.5,12056.0,6415.9,7166.0,12029.5,4.0538,0.933301,0.031229,,движение умеренное,"только экспериментально: экономит текстовую часть, но теряется управление промптом","нет текстового управления: лицо/сцена становятся обобщёнными, качество по промпту не оценивать; base даёт больше реального движения волос/лица; INT8 визуально приемлем, но по памяти в этом запуске невыгоден; lowres 384→512: лицо мягче/мыльнее, но движение сохраняется; VAE tiling визуально и по памяти на 512 почти не изменил результат"
text-none_zero__ckpt-base__q-int8__compile-0__offload-none__vae-tiling-1__fast-steps-0__lowres-1__temporal-sub-1,none_zero,base,int8,0,none,1,0,1,1,12029.5,12056.0,4728.5,5174.0,12029.5,3.6773,0.988846,0.013385,,движение слабое; выглядит почти статично,не брать: слишком статично для требования «не застыло»,"нет текстового управления: лицо/сцена становятся обобщёнными, качество по промпту не оценивать; base даёт больше реального движения волос/лица; INT8 визуально приемлем, но по памяти в этом запуске невыгоден; lowres 384→512: лицо мягче/мыльнее, но движение сохраняется; temporal subsample/interpolation сглаживает и делает ролик более статичным; VAE tiling визуально и по памяти на 512 почти не изменил результат"
text-none_zero__ckpt-base__q-int8__compile-0__offload-none__vae-tiling-1__fast-steps-1__lowres-0__temporal-sub-0,none_zero,base,int8,0,none,1,1,0,0,12029.5,12056.0,9105.2,10320.0,12029.5,2.833,0.876443,0.012525,,очень заметное движение; точно не застыло,"только экспериментально: экономит текстовую часть, но теряется управление промптом","нет текстового управления: лицо/сцена становятся обобщёнными, качество по промпту не оценивать; base даёт больше реального движения волос/лица; INT8 визуально приемлем, но по памяти в этом запуске невыгоден; VAE tiling визуально и по памяти на 512 почти не изменил результат"
text-none_zero__ckpt-base__q-int8__compile-0__offload-none__vae-tiling-1__fast-steps-1__lowres-0__temporal-sub-1,none_zero,base,int8,0,none,1,1,0,1,12029.5,12056.0,6103.7,6810.0,12029.5,2.1938,0.977834,0.002813,,движение слабое; выглядит почти статично,не брать: слишком статично для требования «не застыло»,"нет текстового управления: лицо/сцена становятся обобщёнными, качество по промпту не оценивать; base даёт больше реального движения волос/лица; INT8 визуально приемлем, но по памяти в этом запуске невыгоден; temporal subsample/interpolation сглаживает и делает ролик более статичным; VAE tiling визуально и по памяти на 512 почти не изменил результат"
text-none_zero__ckpt-base__q-int8__compile-0__offload-none__vae-tiling-1__fast-steps-1__lowres-1__temporal-sub-0,none_zero,base,int8,0,none,1,1,1,0,12029.5,12056.0,6415.9,7166.0,12029.5,2.7083,0.923706,0.034119,,движение заметное; не застыло,"только экспериментально: экономит текстовую часть, но теряется управление промптом","нет текстового управления: лицо/сцена становятся обобщёнными, качество по промпту не оценивать; base даёт больше реального движения волос/лица; INT8 визуально приемлем, но по памяти в этом запуске невыгоден; lowres 384→512: лицо мягче/мыльнее, но движение сохраняется; VAE tiling визуально и по памяти на 512 почти не изменил результат"
text-none_zero__ckpt-base__q-int8__compile-0__offload-none__vae-tiling-1__fast-steps-1__lowres-1__temporal-sub-1,none_zero,base,int8,0,none,1,1,1,1,12029.5,12056.0,4728.5,5174.0,12029.5,2.3291,0.987418,0.014629,,движение слабое; выглядит почти статично,не брать: слишком статично для требования «не застыло»,"нет текстового управления: лицо/сцена становятся обобщёнными, качество по промпту не оценивать; base даёт больше реального движения волос/лица; INT8 визуально приемлем, но по памяти в этом запуске невыгоден; lowres 384→512: лицо мягче/мыльнее, но движение сохраняется; temporal subsample/interpolation сглаживает и делает ролик более статичным; VAE tiling визуально и по памяти на 512 почти не изменил результат"
text-none_zero__ckpt-base__q-int8__compile-1__offload-none__vae-tiling-0__fast-steps-0__lowres-0__temporal-sub-0,none_zero,base,int8,1,none,0,0,0,0,12029.5,12056.0,9104.2,10368.0,12029.5,25.669,0.888121,0.01168,,движение заметное; не застыло,"только экспериментально: экономит текстовую часть, но теряется управление промптом","нет текстового управления: лицо/сцена становятся обобщёнными, качество по промпту не оценивать; base даёт больше реального движения волос/лица; INT8 визуально приемлем, но по памяти в этом запуске невыгоден; compile визуально не меняет, но в этом запуске сильно замедлил"
text-none_zero__ckpt-base__q-int8__compile-1__offload-none__vae-tiling-0__fast-steps-0__lowres-0__temporal-sub-1,none_zero,base,int8,1,none,0,0,0,1,12029.5,12056.0,6102.7,6818.0,12029.5,23.2107,0.980052,0.002526,,движение слабое; выглядит почти статично,не брать: слишком статично для требования «не застыло»,"нет текстового управления: лицо/сцена становятся обобщёнными, качество по промпту не оценивать; base даёт больше реального движения волос/лица; INT8 визуально приемлем, но по памяти в этом запуске невыгоден; temporal subsample/interpolation сглаживает и делает ролик более статичным; compile визуально не меняет, но в этом запуске сильно замедлил"
text-none_zero__ckpt-base__q-int8__compile-1__offload-none__vae-tiling-0__fast-steps-0__lowres-1__temporal-sub-0,none_zero,base,int8,1,none,0,0,1,0,12029.5,12056.0,6414.9,7180.0,12029.5,33.1762,0.932787,0.03133,,движение умеренное,"только экспериментально: экономит текстовую часть, но теряется управление промптом","нет текстового управления: лицо/сцена становятся обобщёнными, качество по промпту не оценивать; base даёт больше реального движения волос/лица; INT8 визуально приемлем, но по памяти в этом запуске невыгоден; lowres 384→512: лицо мягче/мыльнее, но движение сохраняется; compile визуально не меняет, но в этом запуске сильно замедлил"
text-none_zero__ckpt-base__q-int8__compile-1__offload-none__vae-tiling-0__fast-steps-0__lowres-1__temporal-sub-1,none_zero,base,int8,1,none,0,0,1,1,12029.5,12056.0,4726.5,5190.0,12029.5,20.5983,0.988806,0.013418,,движение слабое; выглядит почти статично,не брать: слишком статично для требования «не застыло»,"нет текстового управления: лицо/сцена становятся обобщёнными, качество по промпту не оценивать; base даёт больше реального движения волос/лица; INT8 визуально приемлем, но по памяти в этом запуске невыгоден; lowres 384→512: лицо мягче/мыльнее, но движение сохраняется; temporal subsample/interpolation сглаживает и делает ролик более статичным; compile визуально не меняет, но в этом запуске сильно замедлил"
text-none_zero__ckpt-base__q-int8__compile-1__offload-none__vae-tiling-0__fast-steps-1__lowres-0__temporal-sub-0,none_zero,base,int8,1,none,0,1,0,0,12029.5,12056.0,9104.2,10368.0,12029.5,22.0471,0.875986,0.01249,,очень заметное движение; точно не застыло,"только экспериментально: экономит текстовую часть, но теряется управление промптом","нет текстового управления: лицо/сцена становятся обобщёнными, качество по промпту не оценивать; base даёт больше реального движения волос/лица; INT8 визуально приемлем, но по памяти в этом запуске невыгоден; compile визуально не меняет, но в этом запуске сильно замедлил"
text-none_zero__ckpt-base__q-int8__compile-1__offload-none__vae-tiling-0__fast-steps-1__lowres-0__temporal-sub-1,none_zero,base,int8,1,none,0,1,0,1,12029.5,12056.0,6102.7,6818.0,12029.5,21.9384,0.977523,0.002831,,движение слабое; выглядит почти статично,не брать: слишком статично для требования «не застыло»,"нет текстового управления: лицо/сцена становятся обобщёнными, качество по промпту не оценивать; base даёт больше реального движения волос/лица; INT8 визуально приемлем, но по памяти в этом запуске невыгоден; temporal subsample/interpolation сглаживает и делает ролик более статичным; compile визуально не меняет, но в этом запуске сильно замедлил"
text-none_zero__ckpt-base__q-int8__compile-1__offload-none__vae-tiling-0__fast-steps-1__lowres-1__temporal-sub-0,none_zero,base,int8,1,none,0,1,1,0,12029.5,12056.0,6414.9,7180.0,12029.5,42.3812,0.922315,0.034682,,движение заметное; не застыло,"только экспериментально: экономит текстовую часть, но теряется управление промптом","нет текстового управления: лицо/сцена становятся обобщёнными, качество по промпту не оценивать; base даёт больше реального движения волос/лица; INT8 визуально приемлем, но по памяти в этом запуске невыгоден; lowres 384→512: лицо мягче/мыльнее, но движение сохраняется; compile визуально не меняет, но в этом запуске сильно замедлил"
text-none_zero__ckpt-base__q-int8__compile-1__offload-none__vae-tiling-0__fast-steps-1__lowres-1__temporal-sub-1,none_zero,base,int8,1,none,0,1,1,1,12029.5,12056.0,4726.5,5190.0,12029.5,20.6293,0.98728,0.014774,,движение слабое; выглядит почти статично,не брать: слишком статично для требования «не застыло»,"нет текстового управления: лицо/сцена становятся обобщёнными, качество по промпту не оценивать; base даёт больше реального движения волос/лица; INT8 визуально приемлем, но по памяти в этом запуске невыгоден; lowres 384→512: лицо мягче/мыльнее, но движение сохраняется; temporal subsample/interpolation сглаживает и делает ролик более статичным; compile визуально не меняет, но в этом запуске сильно замедлил"
text-none_zero__ckpt-base__q-int8__compile-1__offload-none__vae-tiling-1__fast-steps-0__lowres-0__temporal-sub-0,none_zero,base,int8,1,none,1,0,0,0,12029.5,12056.0,9104.2,10368.0,12029.5,23.9554,0.888208,0.011581,,движение заметное; не застыло,"только экспериментально: экономит текстовую часть, но теряется управление промптом","нет текстового управления: лицо/сцена становятся обобщёнными, качество по промпту не оценивать; base даёт больше реального движения волос/лица; INT8 визуально приемлем, но по памяти в этом запуске невыгоден; compile визуально не меняет, но в этом запуске сильно замедлил; VAE tiling визуально и по памяти на 512 почти не изменил результат"
text-none_zero__ckpt-base__q-int8__compile-1__offload-none__vae-tiling-1__fast-steps-0__lowres-0__temporal-sub-1,none_zero,base,int8,1,none,1,0,0,1,12029.5,12056.0,6102.7,6818.0,12029.5,21.6139,0.980028,0.002528,,движение слабое; выглядит почти статично,не брать: слишком статично для требования «не застыло»,"нет текстового управления: лицо/сцена становятся обобщёнными, качество по промпту не оценивать; base даёт больше реального движения волос/лица; INT8 визуально приемлем, но по памяти в этом запуске невыгоден; temporal subsample/interpolation сглаживает и делает ролик более статичным; compile визуально не меняет, но в этом запуске сильно замедлил; VAE tiling визуально и по памяти на 512 почти не изменил результат"
text-none_zero__ckpt-base__q-int8__compile-1__offload-none__vae-tiling-1__fast-steps-0__lowres-1__temporal-sub-0,none_zero,base,int8,1,none,1,0,1,0,12029.5,12056.0,6414.9,7180.0,12029.5,23.0678,0.93274,0.03115,,движение умеренное,"только экспериментально: экономит текстовую часть, но теряется управление промптом","нет текстового управления: лицо/сцена становятся обобщёнными, качество по промпту не оценивать; base даёт больше реального движения волос/лица; INT8 визуально приемлем, но по памяти в этом запуске невыгоден; lowres 384→512: лицо мягче/мыльнее, но движение сохраняется; compile визуально не меняет, но в этом запуске сильно замедлил; VAE tiling визуально и по памяти на 512 почти не изменил результат"
text-none_zero__ckpt-base__q-int8__compile-1__offload-none__vae-tiling-1__fast-steps-0__lowres-1__temporal-sub-1,none_zero,base,int8,1,none,1,0,1,1,12029.5,12056.0,4726.5,5190.0,12029.5,22.7463,0.988791,0.013422,,движение слабое; выглядит почти статично,не брать: слишком статично для требования «не застыло»,"нет текстового управления: лицо/сцена становятся обобщёнными, качество по промпту не оценивать; base даёт больше реального движения волос/лица; INT8 визуально приемлем, но по памяти в этом запуске невыгоден; lowres 384→512: лицо мягче/мыльнее, но движение сохраняется; temporal subsample/interpolation сглаживает и делает ролик более статичным; compile визуально не меняет, но в этом запуске сильно замедлил; VAE tiling визуально и по памяти на 512 почти не изменил результат"
text-none_zero__ckpt-base__q-int8__compile-1__offload-none__vae-tiling-1__fast-steps-1__lowres-0__temporal-sub-0,none_zero,base,int8,1,none,1,1,0,0,12029.5,12056.0,9104.2,10368.0,12029.5,21.7579,0.876005,0.012578,,очень заметное движение; точно не застыло,"только экспериментально: экономит текстовую часть, но теряется управление промптом","нет текстового управления: лицо/сцена становятся обобщёнными, качество по промпту не оценивать; base даёт больше реального движения волос/лица; INT8 визуально приемлем, но по памяти в этом запуске невыгоден; compile визуально не меняет, но в этом запуске сильно замедлил; VAE tiling визуально и по памяти на 512 почти не изменил результат"
text-none_zero__ckpt-base__q-int8__compile-1__offload-none__vae-tiling-1__fast-steps-1__lowres-0__temporal-sub-1,none_zero,base,int8,1,none,1,1,0,1,12029.5,12056.0,6102.7,6818.0,12029.5,20.5701,0.977508,0.002845,,движение слабое; выглядит почти статично,не брать: слишком статично для требования «не застыло»,"нет текстового управления: лицо/сцена становятся обобщёнными, качество по промпту не оценивать; base даёт больше реального движения волос/лица; INT8 визуально приемлем, но по памяти в этом запуске невыгоден; temporal subsample/interpolation сглаживает и делает ролик более статичным; compile визуально не меняет, но в этом запуске сильно замедлил; VAE tiling визуально и по памяти на 512 почти не изменил результат"
text-none_zero__ckpt-base__q-int8__compile-1__offload-none__vae-tiling-1__fast-steps-1__lowres-1__temporal-sub-0,none_zero,base,int8,1,none,1,1,1,0,12029.5,12056.0,6414.9,7180.0,12029.5,21.9234,0.922314,0.034641,,движение заметное; не застыло,"только экспериментально: экономит текстовую часть, но теряется управление промптом","нет текстового управления: лицо/сцена становятся обобщёнными, качество по промпту не оценивать; base даёт больше реального движения волос/лица; INT8 визуально приемлем, но по памяти в этом запуске невыгоден; lowres 384→512: лицо мягче/мыльнее, но движение сохраняется; compile визуально не меняет, но в этом запуске сильно замедлил; VAE tiling визуально и по памяти на 512 почти не изменил результат"
text-none_zero__ckpt-base__q-int8__compile-1__offload-none__vae-tiling-1__fast-steps-1__lowres-1__temporal-sub-1,none_zero,base,int8,1,none,1,1,1,1,12029.5,12056.0,4726.5,5190.0,12029.5,19.1961,0.987263,0.014801,,движение слабое; выглядит почти статично,не брать: слишком статично для требования «не застыло»,"нет текстового управления: лицо/сцена становятся обобщёнными, качество по промпту не оценивать; base даёт больше реального движения волос/лица; INT8 визуально приемлем, но по памяти в этом запуске невыгоден; lowres 384→512: лицо мягче/мыльнее, но движение сохраняется; temporal subsample/interpolation сглаживает и делает ролик более статичным; compile визуально не меняет, но в этом запуске сильно замедлил; VAE tiling визуально и по памяти на 512 почти не изменил результат"
text-none_zero__ckpt-distilled__q-none__compile-0__offload-none__vae-tiling-0__fast-steps-1__lowres-0__temporal-sub-0,none_zero,distilled,none,0,none,0,1,0,0,15158.7,15520.0,12230.7,13828.0,15158.7,3.0943,0.989621,0.003599,,движение слабое; выглядит почти статично,"только экспериментально: экономит текстовую часть, но теряется управление промптом","нет текстового управления: лицо/сцена становятся обобщёнными, качество по промпту не оценивать; distilled чище и улыбчивее, но движение более слабое"
text-none_zero__ckpt-distilled__q-none__compile-0__offload-none__vae-tiling-0__fast-steps-1__lowres-0__temporal-sub-1,none_zero,distilled,none,0,none,0,1,0,1,15158.7,15520.0,9229.0,10236.0,15158.7,2.1886,0.994936,0.002128,,почти статично / риск «застывания»,не брать: слишком статично для требования «не застыло»,"нет текстового управления: лицо/сцена становятся обобщёнными, качество по промпту не оценивать; distilled чище и улыбчивее, но движение более слабое; temporal subsample/interpolation сглаживает и делает ролик более статичным"
text-none_zero__ckpt-distilled__q-none__compile-0__offload-none__vae-tiling-0__fast-steps-1__lowres-1__temporal-sub-0,none_zero,distilled,none,0,none,0,1,1,0,15158.7,15520.0,9541.3,10612.0,15158.7,2.8523,0.984367,0.0045,,движение слабое; выглядит почти статично,"только экспериментально: экономит текстовую часть, но теряется управление промптом","нет текстового управления: лицо/сцена становятся обобщёнными, качество по промпту не оценивать; distilled чище и улыбчивее, но движение более слабое; lowres 384→512: лицо мягче/мыльнее, но движение сохраняется"
text-none_zero__ckpt-distilled__q-none__compile-0__offload-none__vae-tiling-0__fast-steps-1__lowres-1__temporal-sub-1,none_zero,distilled,none,0,none,0,1,1,1,15158.7,15520.0,7852.8,8592.0,15158.7,2.0706,0.998243,0.000574,,почти статично / риск «застывания»,не брать: слишком статично для требования «не застыло»,"нет текстового управления: лицо/сцена становятся обобщёнными, качество по промпту не оценивать; distilled чище и улыбчивее, но движение более слабое; lowres 384→512: лицо мягче/мыльнее, но движение сохраняется; temporal subsample/interpolation сглаживает и делает ролик более статичным"
text-none_zero__ckpt-distilled__q-none__compile-0__offload-none__vae-tiling-1__fast-steps-1__lowres-0__temporal-sub-0,none_zero,distilled,none,0,none,1,1,0,0,15158.7,15520.0,12230.7,13828.0,15158.7,3.5841,0.989621,0.003599,,движение слабое; выглядит почти статично,"только экспериментально: экономит текстовую часть, но теряется управление промптом","нет текстового управления: лицо/сцена становятся обобщёнными, качество по промпту не оценивать; distilled чище и улыбчивее, но движение более слабое; VAE tiling визуально и по памяти на 512 почти не изменил результат"
text-none_zero__ckpt-distilled__q-none__compile-0__offload-none__vae-tiling-1__fast-steps-1__lowres-0__temporal-sub-1,none_zero,distilled,none,0,none,1,1,0,1,15158.7,15520.0,9229.0,10236.0,15158.7,2.3735,0.994936,0.002128,,почти статично / риск «застывания»,не брать: слишком статично для требования «не застыло»,"нет текстового управления: лицо/сцена становятся обобщёнными, качество по промпту не оценивать; distilled чище и улыбчивее, но движение более слабое; temporal subsample/interpolation сглаживает и делает ролик более статичным; VAE tiling визуально и по памяти на 512 почти не изменил результат"
text-none_zero__ckpt-distilled__q-none__compile-0__offload-none__vae-tiling-1__fast-steps-1__lowres-1__temporal-sub-0,none_zero,distilled,none,0,none,1,1,1,0,15158.7,15520.0,9541.3,10612.0,15158.7,2.6338,0.984367,0.0045,,движение слабое; выглядит почти статично,"только экспериментально: экономит текстовую часть, но теряется управление промптом","нет текстового управления: лицо/сцена становятся обобщёнными, качество по промпту не оценивать; distilled чище и улыбчивее, но движение более слабое; lowres 384→512: лицо мягче/мыльнее, но движение сохраняется; VAE tiling визуально и по памяти на 512 почти не изменил результат"
text-none_zero__ckpt-distilled__q-none__compile-0__offload-none__vae-tiling-1__fast-steps-1__lowres-1__temporal-sub-1,none_zero,distilled,none,0,none,1,1,1,1,15158.7,15520.0,7852.8,8592.0,15158.7,2.1484,0.998243,0.000574,,почти статично / риск «застывания»,не брать: слишком статично для требования «не застыло»,"нет текстового управления: лицо/сцена становятся обобщёнными, качество по промпту не оценивать; distilled чище и улыбчивее, но движение более слабое; lowres 384→512: лицо мягче/мыльнее, но движение сохраняется; temporal subsample/interpolation сглаживает и делает ролик более статичным; VAE tiling визуально и по памяти на 512 почти не изменил результат"
text-none_zero__ckpt-distilled__q-none__compile-0__offload-group__vae-tiling-0__fast-steps-1__lowres-0__temporal-sub-0,none_zero,distilled,none,0,group,0,1,0,0,6157.3,7516.0,6157.3,7516.0,0.0,7.0121,0.989621,0.003599,,движение слабое; выглядит почти статично,"только экспериментально: экономит текстовую часть, но теряется управление промптом","нет текстового управления: лицо/сцена становятся обобщёнными, качество по промпту не оценивать; distilled чище и улыбчивее, но движение более слабое; group offload резко снижает измеренную VRAM, но переносит нагрузку в CPU/RAM"
text-none_zero__ckpt-distilled__q-none__compile-0__offload-group__vae-tiling-0__fast-steps-1__lowres-0__temporal-sub-1,none_zero,distilled,none,0,group,0,1,0,1,3155.6,3924.0,3155.6,3924.0,0.0,6.3778,0.994936,0.002128,,почти статично / риск «застывания»,не брать: слишком статично для требования «не застыло»,"нет текстового управления: лицо/сцена становятся обобщёнными, качество по промпту не оценивать; distilled чище и улыбчивее, но движение более слабое; temporal subsample/interpolation сглаживает и делает ролик более статичным; group offload резко снижает измеренную VRAM, но переносит нагрузку в CPU/RAM"
text-none_zero__ckpt-distilled__q-none__compile-0__offload-group__vae-tiling-0__fast-steps-1__lowres-1__temporal-sub-0,none_zero,distilled,none,0,group,0,1,1,0,3468.8,4360.0,3468.8,4360.0,0.0,6.7083,0.984367,0.0045,,движение слабое; выглядит почти статично,"только экспериментально: экономит текстовую часть, но теряется управление промптом","нет текстового управления: лицо/сцена становятся обобщёнными, качество по промпту не оценивать; distilled чище и улыбчивее, но движение более слабое; lowres 384→512: лицо мягче/мыльнее, но движение сохраняется; group offload резко снижает измеренную VRAM, но переносит нагрузку в CPU/RAM"
text-none_zero__ckpt-distilled__q-none__compile-0__offload-group__vae-tiling-0__fast-steps-1__lowres-1__temporal-sub-1,none_zero,distilled,none,0,group,0,1,1,1,1780.3,2538.0,1780.3,2538.0,0.0,7.0096,0.998243,0.000574,,почти статично / риск «застывания»,не брать: слишком статично для требования «не застыло»,"нет текстового управления: лицо/сцена становятся обобщёнными, качество по промпту не оценивать; distilled чище и улыбчивее, но движение более слабое; lowres 384→512: лицо мягче/мыльнее, но движение сохраняется; temporal subsample/interpolation сглаживает и делает ролик более статичным; group offload резко снижает измеренную VRAM, но переносит нагрузку в CPU/RAM"
text-none_zero__ckpt-distilled__q-none__compile-0__offload-group__vae-tiling-1__fast-steps-1__lowres-0__temporal-sub-0,none_zero,distilled,none,0,group,1,1,0,0,6157.3,7516.0,6157.3,7516.0,0.0,8.069,0.989621,0.003599,,движение слабое; выглядит почти статично,"только экспериментально: экономит текстовую часть, но теряется управление промптом","нет текстового управления: лицо/сцена становятся обобщёнными, качество по промпту не оценивать; distilled чище и улыбчивее, но движение более слабое; VAE tiling визуально и по памяти на 512 почти не изменил результат; group offload резко снижает измеренную VRAM, но переносит нагрузку в CPU/RAM"
text-none_zero__ckpt-distilled__q-none__compile-0__offload-group__vae-tiling-1__fast-steps-1__lowres-0__temporal-sub-1,none_zero,distilled,none,0,group,1,1,0,1,3155.6,3924.0,3155.6,3924.0,0.0,5.8258,0.994936,0.002128,,почти статично / риск «застывания»,не брать: слишком статично для требования «не застыло»,"нет текстового управления: лицо/сцена становятся обобщёнными, качество по промпту не оценивать; distilled чище и улыбчивее, но движение более слабое; temporal subsample/interpolation сглаживает и делает ролик более статичным; VAE tiling визуально и по памяти на 512 почти не изменил результат; group offload резко снижает измеренную VRAM, но переносит нагрузку в CPU/RAM"
text-none_zero__ckpt-distilled__q-none__compile-0__offload-group__vae-tiling-1__fast-steps-1__lowres-1__temporal-sub-0,none_zero,distilled,none,0,group,1,1,1,0,3468.8,4360.0,3468.8,4360.0,0.0,7.594,0.984367,0.0045,,движение слабое; выглядит почти статично,"только экспериментально: экономит текстовую часть, но теряется управление промптом","нет текстового управления: лицо/сцена становятся обобщёнными, качество по промпту не оценивать; distilled чище и улыбчивее, но движение более слабое; lowres 384→512: лицо мягче/мыльнее, но движение сохраняется; VAE tiling визуально и по памяти на 512 почти не изменил результат; group offload резко снижает измеренную VRAM, но переносит нагрузку в CPU/RAM"
text-none_zero__ckpt-distilled__q-none__compile-0__offload-group__vae-tiling-1__fast-steps-1__lowres-1__temporal-sub-1,none_zero,distilled,none,0,group,1,1,1,1,1780.3,2538.0,1780.3,2538.0,0.0,6.2042,0.998243,0.000574,,почти статично / риск «застывания»,не брать: слишком статично для требования «не застыло»,"нет текстового управления: лицо/сцена становятся обобщёнными, качество по промпту не оценивать; distilled чище и улыбчивее, но движение более слабое; lowres 384→512: лицо мягче/мыльнее, но движение сохраняется; temporal subsample/interpolation сглаживает и делает ролик более статичным; VAE tiling визуально и по памяти на 512 почти не изменил результат; group offload резко снижает измеренную VRAM, но переносит нагрузку в CPU/RAM"
text-none_zero__ckpt-distilled__q-none__compile-1__offload-none__vae-tiling-0__fast-steps-1__lowres-0__temporal-sub-0,none_zero,distilled,none,1,none,0,1,0,0,15158.7,15520.0,12231.2,15246.0,15158.7,11.7253,0.989406,0.003668,,движение слабое; выглядит почти статично,"только экспериментально: экономит текстовую часть, но теряется управление промптом","нет текстового управления: лицо/сцена становятся обобщёнными, качество по промпту не оценивать; distilled чище и улыбчивее, но движение более слабое; compile визуально не меняет, но в этом запуске сильно замедлил"
text-none_zero__ckpt-distilled__q-none__compile-1__offload-none__vae-tiling-0__fast-steps-1__lowres-0__temporal-sub-1,none_zero,distilled,none,1,none,0,1,0,1,15158.7,15520.0,9229.3,10460.0,15158.7,10.5579,0.995124,0.00206,,почти статично / риск «застывания»,не брать: слишком статично для требования «не застыло»,"нет текстового управления: лицо/сцена становятся обобщёнными, качество по промпту не оценивать; distilled чище и улыбчивее, но движение более слабое; temporal subsample/interpolation сглаживает и делает ролик более статичным; compile визуально не меняет, но в этом запуске сильно замедлил"
text-none_zero__ckpt-distilled__q-none__compile-1__offload-none__vae-tiling-0__fast-steps-1__lowres-1__temporal-sub-0,none_zero,distilled,none,1,none,0,1,1,0,15158.7,15520.0,9541.5,10812.0,15158.7,9.8408,0.984843,0.004391,,движение слабое; выглядит почти статично,"только экспериментально: экономит текстовую часть, но теряется управление промптом","нет текстового управления: лицо/сцена становятся обобщёнными, качество по промпту не оценивать; distilled чище и улыбчивее, но движение более слабое; lowres 384→512: лицо мягче/мыльнее, но движение сохраняется; compile визуально не меняет, но в этом запуске сильно замедлил"
text-none_zero__ckpt-distilled__q-none__compile-1__offload-none__vae-tiling-0__fast-steps-1__lowres-1__temporal-sub-1,none_zero,distilled,none,1,none,0,1,1,1,15158.7,15520.0,7853.0,9026.0,15158.7,9.9716,0.998152,0.000607,,почти статично / риск «застывания»,не брать: слишком статично для требования «не застыло»,"нет текстового управления: лицо/сцена становятся обобщёнными, качество по промпту не оценивать; distilled чище и улыбчивее, но движение более слабое; lowres 384→512: лицо мягче/мыльнее, но движение сохраняется; temporal subsample/interpolation сглаживает и делает ролик более статичным; compile визуально не меняет, но в этом запуске сильно замедлил"
text-none_zero__ckpt-distilled__q-none__compile-1__offload-none__vae-tiling-1__fast-steps-1__lowres-0__temporal-sub-0,none_zero,distilled,none,1,none,1,1,0,0,15158.7,15520.0,12231.2,15246.0,15158.7,11.7228,0.98927,0.00372,,движение слабое; выглядит почти статично,"только экспериментально: экономит текстовую часть, но теряется управление промптом","нет текстового управления: лицо/сцена становятся обобщёнными, качество по промпту не оценивать; distilled чище и улыбчивее, но движение более слабое; compile визуально не меняет, но в этом запуске сильно замедлил; VAE tiling визуально и по памяти на 512 почти не изменил результат"
text-none_zero__ckpt-distilled__q-none__compile-1__offload-none__vae-tiling-1__fast-steps-1__lowres-0__temporal-sub-1,none_zero,distilled,none,1,none,1,1,0,1,15158.7,15520.0,9229.3,10460.0,15158.7,10.3946,0.99513,0.002049,,почти статично / риск «застывания»,не брать: слишком статично для требования «не застыло»,"нет текстового управления: лицо/сцена становятся обобщёнными, качество по промпту не оценивать; distilled чище и улыбчивее, но движение более слабое; temporal subsample/interpolation сглаживает и делает ролик более статичным; compile визуально не меняет, но в этом запуске сильно замедлил; VAE tiling визуально и по памяти на 512 почти не изменил результат"
text-none_zero__ckpt-distilled__q-none__compile-1__offload-none__vae-tiling-1__fast-steps-1__lowres-1__temporal-sub-0,none_zero,distilled,none,1,none,1,1,1,0,15158.7,15520.0,9541.5,10812.0,15158.7,10.9086,0.984837,0.004412,,движение слабое; выглядит почти статично,"только экспериментально: экономит текстовую часть, но теряется управление промптом","нет текстового управления: лицо/сцена становятся обобщёнными, качество по промпту не оценивать; distilled чище и улыбчивее, но движение более слабое; lowres 384→512: лицо мягче/мыльнее, но движение сохраняется; compile визуально не меняет, но в этом запуске сильно замедлил; VAE tiling визуально и по памяти на 512 почти не изменил результат"
text-none_zero__ckpt-distilled__q-none__compile-1__offload-none__vae-tiling-1__fast-steps-1__lowres-1__temporal-sub-1,none_zero,distilled,none,1,none,1,1,1,1,15158.7,15520.0,7853.0,9026.0,15158.7,10.5013,0.998152,0.000607,,почти статично / риск «застывания»,не брать: слишком статично для требования «не застыло»,"нет текстового управления: лицо/сцена становятся обобщёнными, качество по промпту не оценивать; distilled чище и улыбчивее, но движение более слабое; lowres 384→512: лицо мягче/мыльнее, но движение сохраняется; temporal subsample/interpolation сглаживает и делает ролик более статичным; compile визуально не меняет, но в этом запуске сильно замедлил; VAE tiling визуально и по памяти на 512 почти не изменил результат"
text-none_zero__ckpt-distilled__q-none__compile-1__offload-group__vae-tiling-0__fast-steps-1__lowres-0__temporal-sub-0,none_zero,distilled,none,1,group,0,1,0,0,6157.3,7830.0,6157.3,7830.0,0.0,17.0038,0.989598,0.003619,,движение слабое; выглядит почти статично,"только экспериментально: экономит текстовую часть, но теряется управление промптом","нет текстового управления: лицо/сцена становятся обобщёнными, качество по промпту не оценивать; distilled чище и улыбчивее, но движение более слабое; compile визуально не меняет, но в этом запуске сильно замедлил; group offload резко снижает измеренную VRAM, но переносит нагрузку в CPU/RAM"
text-none_zero__ckpt-distilled__q-none__compile-1__offload-group__vae-tiling-0__fast-steps-1__lowres-0__temporal-sub-1,none_zero,distilled,none,1,group,0,1,0,1,3155.6,4074.0,3155.6,4074.0,0.0,17.2196,0.995052,0.00209,,почти статично / риск «застывания»,не брать: слишком статично для требования «не застыло»,"нет текстового управления: лицо/сцена становятся обобщёнными, качество по промпту не оценивать; distilled чище и улыбчивее, но движение более слабое; temporal subsample/interpolation сглаживает и делает ролик более статичным; compile визуально не меняет, но в этом запуске сильно замедлил; group offload резко снижает измеренную VRAM, но переносит нагрузку в CPU/RAM"
text-none_zero__ckpt-distilled__q-none__compile-1__offload-group__vae-tiling-0__fast-steps-1__lowres-1__temporal-sub-0,none_zero,distilled,none,1,group,0,1,1,0,3467.9,5172.0,3467.9,5172.0,0.0,17.6731,0.984403,0.004507,,движение слабое; выглядит почти статично,"только экспериментально: экономит текстовую часть, но теряется управление промптом","нет текстового управления: лицо/сцена становятся обобщёнными, качество по промпту не оценивать; distilled чище и улыбчивее, но движение более слабое; lowres 384→512: лицо мягче/мыльнее, но движение сохраняется; compile визуально не меняет, но в этом запуске сильно замедлил; group offload резко снижает измеренную VRAM, но переносит нагрузку в CPU/RAM"
text-none_zero__ckpt-distilled__q-none__compile-1__offload-group__vae-tiling-0__fast-steps-1__lowres-1__temporal-sub-1,none_zero,distilled,none,1,group,0,1,1,1,1779.4,2452.0,1779.4,2452.0,0.0,14.3712,0.99825,0.00057,,почти статично / риск «застывания»,не брать: слишком статично для требования «не застыло»,"нет текстового управления: лицо/сцена становятся обобщёнными, качество по промпту не оценивать; distilled чище и улыбчивее, но движение более слабое; lowres 384→512: лицо мягче/мыльнее, но движение сохраняется; temporal subsample/interpolation сглаживает и делает ролик более статичным; compile визуально не меняет, но в этом запуске сильно замедлил; group offload резко снижает измеренную VRAM, но переносит нагрузку в CPU/RAM"
text-none_zero__ckpt-distilled__q-none__compile-1__offload-group__vae-tiling-1__fast-steps-1__lowres-0__temporal-sub-0,none_zero,distilled,none,1,group,1,1,0,0,6157.3,7830.0,6157.3,7830.0,0.0,18.1778,0.989598,0.003619,,движение слабое; выглядит почти статично,"только экспериментально: экономит текстовую часть, но теряется управление промптом","нет текстового управления: лицо/сцена становятся обобщёнными, качество по промпту не оценивать; distilled чище и улыбчивее, но движение более слабое; compile визуально не меняет, но в этом запуске сильно замедлил; VAE tiling визуально и по памяти на 512 почти не изменил результат; group offload резко снижает измеренную VRAM, но переносит нагрузку в CPU/RAM"
text-none_zero__ckpt-distilled__q-none__compile-1__offload-group__vae-tiling-1__fast-steps-1__lowres-0__temporal-sub-1,none_zero,distilled,none,1,group,1,1,0,1,3155.6,4074.0,3155.6,4074.0,0.0,16.9289,0.995052,0.00209,,почти статично / риск «застывания»,не брать: слишком статично для требования «не застыло»,"нет текстового управления: лицо/сцена становятся обобщёнными, качество по промпту не оценивать; distilled чище и улыбчивее, но движение более слабое; temporal subsample/interpolation сглаживает и делает ролик более статичным; compile визуально не меняет, но в этом запуске сильно замедлил; VAE tiling визуально и по памяти на 512 почти не изменил результат; group offload резко снижает измеренную VRAM, но переносит нагрузку в CPU/RAM"
text-none_zero__ckpt-distilled__q-none__compile-1__offload-group__vae-tiling-1__fast-steps-1__lowres-1__temporal-sub-0,none_zero,distilled,none,1,group,1,1,1,0,3467.9,5172.0,3467.9,5172.0,0.0,14.5319,0.984403,0.004507,,движение слабое; выглядит почти статично,"только экспериментально: экономит текстовую часть, но теряется управление промптом","нет текстового управления: лицо/сцена становятся обобщёнными, качество по промпту не оценивать; distilled чище и улыбчивее, но движение более слабое; lowres 384→512: лицо мягче/мыльнее, но движение сохраняется; compile визуально не меняет, но в этом запуске сильно замедлил; VAE tiling визуально и по памяти на 512 почти не изменил результат; group offload резко снижает измеренную VRAM, но переносит нагрузку в CPU/RAM"
text-none_zero__ckpt-distilled__q-none__compile-1__offload-group__vae-tiling-1__fast-steps-1__lowres-1__temporal-sub-1,none_zero,distilled,none,1,group,1,1,1,1,1779.4,2452.0,1779.4,2452.0,0.0,15.7094,0.99825,0.00057,,почти статично / риск «застывания»,не брать: слишком статично для требования «не застыло»,"нет текстового управления: лицо/сцена становятся обобщёнными, качество по промпту не оценивать; distilled чище и улыбчивее, но движение более слабое; lowres 384→512: лицо мягче/мыльнее, но движение сохраняется; temporal subsample/interpolation сглаживает и делает ролик более статичным; compile визуально не меняет, но в этом запуске сильно замедлил; VAE tiling визуально и по памяти на 512 почти не изменил результат; group offload резко снижает измеренную VRAM, но переносит нагрузку в CPU/RAM"
text-none_zero__ckpt-distilled__q-int8__compile-0__offload-none__vae-tiling-0__fast-steps-1__lowres-0__temporal-sub-0,none_zero,distilled,int8,0,none,0,1,0,0,13598.7,13626.0,10671.1,11934.0,13598.7,3.1195,0.989268,0.003691,,движение слабое; выглядит почти статично,"только экспериментально: экономит текстовую часть, но теряется управление промптом","нет текстового управления: лицо/сцена становятся обобщёнными, качество по промпту не оценивать; distilled чище и улыбчивее, но движение более слабое; INT8 визуально приемлем, но по памяти в этом запуске невыгоден"
text-none_zero__ckpt-distilled__q-int8__compile-0__offload-none__vae-tiling-0__fast-steps-1__lowres-0__temporal-sub-1,none_zero,distilled,int8,0,none,0,1,0,1,13598.7,13626.0,7669.4,8342.0,13598.7,2.089,0.99483,0.002161,,почти статично / риск «застывания»,не брать: слишком статично для требования «не застыло»,"нет текстового управления: лицо/сцена становятся обобщёнными, качество по промпту не оценивать; distilled чище и улыбчивее, но движение более слабое; INT8 визуально приемлем, но по памяти в этом запуске невыгоден; temporal subsample/interpolation сглаживает и делает ролик более статичным"
text-none_zero__ckpt-distilled__q-int8__compile-0__offload-none__vae-tiling-0__fast-steps-1__lowres-1__temporal-sub-0,none_zero,distilled,int8,0,none,0,1,1,0,13598.7,13626.0,7983.1,8698.0,13598.7,2.0017,0.984708,0.004476,,движение слабое; выглядит почти статично,"только экспериментально: экономит текстовую часть, но теряется управление промптом","нет текстового управления: лицо/сцена становятся обобщёнными, качество по промпту не оценивать; distilled чище и улыбчивее, но движение более слабое; INT8 визуально приемлем, но по памяти в этом запуске невыгоден; lowres 384→512: лицо мягче/мыльнее, но движение сохраняется"
text-none_zero__ckpt-distilled__q-int8__compile-0__offload-none__vae-tiling-0__fast-steps-1__lowres-1__temporal-sub-1,none_zero,distilled,int8,0,none,0,1,1,1,13598.7,13626.0,6295.5,6678.0,13598.7,2.0369,0.998309,0.000546,,почти статично / риск «застывания»,не брать: слишком статично для требования «не застыло»,"нет текстового управления: лицо/сцена становятся обобщёнными, качество по промпту не оценивать; distilled чище и улыбчивее, но движение более слабое; INT8 визуально приемлем, но по памяти в этом запуске невыгоден; lowres 384→512: лицо мягче/мыльнее, но движение сохраняется; temporal subsample/interpolation сглаживает и делает ролик более статичным"
text-none_zero__ckpt-distilled__q-int8__compile-0__offload-none__vae-tiling-1__fast-steps-1__lowres-0__temporal-sub-0,none_zero,distilled,int8,0,none,1,1,0,0,13598.7,13626.0,10671.1,11934.0,13598.7,3.0413,0.989268,0.003691,,движение слабое; выглядит почти статично,"только экспериментально: экономит текстовую часть, но теряется управление промптом","нет текстового управления: лицо/сцена становятся обобщёнными, качество по промпту не оценивать; distilled чище и улыбчивее, но движение более слабое; INT8 визуально приемлем, но по памяти в этом запуске невыгоден; VAE tiling визуально и по памяти на 512 почти не изменил результат"
text-none_zero__ckpt-distilled__q-int8__compile-0__offload-none__vae-tiling-1__fast-steps-1__lowres-0__temporal-sub-1,none_zero,distilled,int8,0,none,1,1,0,1,13598.7,13626.0,7669.4,8342.0,13598.7,2.0873,0.99483,0.002161,,почти статично / риск «застывания»,не брать: слишком статично для требования «не застыло»,"нет текстового управления: лицо/сцена становятся обобщёнными, качество по промпту не оценивать; distilled чище и улыбчивее, но движение более слабое; INT8 визуально приемлем, но по памяти в этом запуске невыгоден; temporal subsample/interpolation сглаживает и делает ролик более статичным; VAE tiling визуально и по памяти на 512 почти не изменил результат"
text-none_zero__ckpt-distilled__q-int8__compile-0__offload-none__vae-tiling-1__fast-steps-1__lowres-1__temporal-sub-0,none_zero,distilled,int8,0,none,1,1,1,0,13598.7,13626.0,7983.1,8698.0,13598.7,2.1867,0.984708,0.004476,,движение слабое; выглядит почти статично,"только экспериментально: экономит текстовую часть, но теряется управление промптом","нет текстового управления: лицо/сцена становятся обобщёнными, качество по промпту не оценивать; distilled чище и улыбчивее, но движение более слабое; INT8 визуально приемлем, но по памяти в этом запуске невыгоден; lowres 384→512: лицо мягче/мыльнее, но движение сохраняется; VAE tiling визуально и по памяти на 512 почти не изменил результат"
text-none_zero__ckpt-distilled__q-int8__compile-0__offload-none__vae-tiling-1__fast-steps-1__lowres-1__temporal-sub-1,none_zero,distilled,int8,0,none,1,1,1,1,13598.7,13626.0,6295.5,6678.0,13598.7,2.0961,0.998309,0.000546,,почти статично / риск «застывания»,не брать: слишком статично для требования «не застыло»,"нет текстового управления: лицо/сцена становятся обобщёнными, качество по промпту не оценивать; distilled чище и улыбчивее, но движение более слабое; INT8 визуально приемлем, но по памяти в этом запуске невыгоден; lowres 384→512: лицо мягче/мыльнее, но движение сохраняется; temporal subsample/interpolation сглаживает и делает ролик более статичным; VAE tiling визуально и по памяти на 512 почти не изменил результат"
text-none_zero__ckpt-distilled__q-int8__compile-1__offload-none__vae-tiling-0__fast-steps-1__lowres-0__temporal-sub-0,none_zero,distilled,int8,1,none,0,1,0,0,13598.7,13626.0,10671.1,12300.0,13598.7,24.3093,0.989077,0.00374,,движение слабое; выглядит почти статично,"только экспериментально: экономит текстовую часть, но теряется управление промптом","нет текстового управления: лицо/сцена становятся обобщёнными, качество по промпту не оценивать; distilled чище и улыбчивее, но движение более слабое; INT8 визуально приемлем, но по памяти в этом запуске невыгоден; compile визуально не меняет, но в этом запуске сильно замедлил"
text-none_zero__ckpt-distilled__q-int8__compile-1__offload-none__vae-tiling-0__fast-steps-1__lowres-0__temporal-sub-1,none_zero,distilled,int8,1,none,0,1,0,1,13598.7,13626.0,7669.4,8606.0,13598.7,21.3031,0.994669,0.002235,,почти статично / риск «застывания»,не брать: слишком статично для требования «не застыло»,"нет текстового управления: лицо/сцена становятся обобщёнными, качество по промпту не оценивать; distilled чище и улыбчивее, но движение более слабое; INT8 визуально приемлем, но по памяти в этом запуске невыгоден; temporal subsample/interpolation сглаживает и делает ролик более статичным; compile визуально не меняет, но в этом запуске сильно замедлил"
text-none_zero__ckpt-distilled__q-int8__compile-1__offload-none__vae-tiling-0__fast-steps-1__lowres-1__temporal-sub-0,none_zero,distilled,int8,1,none,0,1,1,0,13598.7,13626.0,7983.1,8960.0,13598.7,20.5795,0.984795,0.00442,,движение слабое; выглядит почти статично,"только экспериментально: экономит текстовую часть, но теряется управление промптом","нет текстового управления: лицо/сцена становятся обобщёнными, качество по промпту не оценивать; distilled чище и улыбчивее, но движение более слабое; INT8 визуально приемлем, но по памяти в этом запуске невыгоден; lowres 384→512: лицо мягче/мыльнее, но движение сохраняется; compile визуально не меняет, но в этом запуске сильно замедлил"
text-none_zero__ckpt-distilled__q-int8__compile-1__offload-none__vae-tiling-0__fast-steps-1__lowres-1__temporal-sub-1,none_zero,distilled,int8,1,none,0,1,1,1,13598.7,13626.0,6294.6,7174.0,13598.7,20.4198,0.99796,0.00068,,почти статично / риск «застывания»,не брать: слишком статично для требования «не застыло»,"нет текстового управления: лицо/сцена становятся обобщёнными, качество по промпту не оценивать; distilled чище и улыбчивее, но движение более слабое; INT8 визуально приемлем, но по памяти в этом запуске невыгоден; lowres 384→512: лицо мягче/мыльнее, но движение сохраняется; temporal subsample/interpolation сглаживает и делает ролик более статичным; compile визуально не меняет, но в этом запуске сильно замедлил"
text-none_zero__ckpt-distilled__q-int8__compile-1__offload-none__vae-tiling-1__fast-steps-1__lowres-0__temporal-sub-0,none_zero,distilled,int8,1,none,1,1,0,0,13598.7,13626.0,10671.1,12300.0,13598.7,19.733,0.988932,0.003782,,движение слабое; выглядит почти статично,"только экспериментально: экономит текстовую часть, но теряется управление промптом","нет текстового управления: лицо/сцена становятся обобщёнными, качество по промпту не оценивать; distilled чище и улыбчивее, но движение более слабое; INT8 визуально приемлем, но по памяти в этом запуске невыгоден; compile визуально не меняет, но в этом запуске сильно замедлил; VAE tiling визуально и по памяти на 512 почти не изменил результат"
text-none_zero__ckpt-distilled__q-int8__compile-1__offload-none__vae-tiling-1__fast-steps-1__lowres-0__temporal-sub-1,none_zero,distilled,int8,1,none,1,1,0,1,13598.7,13626.0,7669.4,8606.0,13598.7,20.8051,0.99457,0.002283,,почти статично / риск «застывания»,не брать: слишком статично для требования «не застыло»,"нет текстового управления: лицо/сцена становятся обобщёнными, качество по промпту не оценивать; distilled чище и улыбчивее, но движение более слабое; INT8 визуально приемлем, но по памяти в этом запуске невыгоден; temporal subsample/interpolation сглаживает и делает ролик более статичным; compile визуально не меняет, но в этом запуске сильно замедлил; VAE tiling визуально и по памяти на 512 почти не изменил результат"
text-none_zero__ckpt-distilled__q-int8__compile-1__offload-none__vae-tiling-1__fast-steps-1__lowres-1__temporal-sub-0,none_zero,distilled,int8,1,none,1,1,1,0,13598.7,13626.0,7983.1,8960.0,13598.7,22.2672,0.984986,0.004388,,движение слабое; выглядит почти статично,"только экспериментально: экономит текстовую часть, но теряется управление промптом","нет текстового управления: лицо/сцена становятся обобщёнными, качество по промпту не оценивать; distilled чище и улыбчивее, но движение более слабое; INT8 визуально приемлем, но по памяти в этом запуске невыгоден; lowres 384→512: лицо мягче/мыльнее, но движение сохраняется; compile визуально не меняет, но в этом запуске сильно замедлил; VAE tiling визуально и по памяти на 512 почти не изменил результат"
text-none_zero__ckpt-distilled__q-int8__compile-1__offload-none__vae-tiling-1__fast-steps-1__lowres-1__temporal-sub-1,none_zero,distilled,int8,1,none,1,1,1,1,13598.7,13626.0,6294.6,7174.0,13598.7,20.5002,0.99806,0.000634,,почти статично / риск «застывания»,не брать: слишком статично для требования «не застыло»,"нет текстового управления: лицо/сцена становятся обобщёнными, качество по промпту не оценивать; distilled чище и улыбчивее, но движение более слабое; INT8 визуально приемлем, но по памяти в этом запуске невыгоден; lowres 384→512: лицо мягче/мыльнее, но движение сохраняется; temporal subsample/interpolation сглаживает и делает ролик более статичным; compile визуально не меняет, но в этом запуске сильно замедлил; VAE tiling визуально и по памяти на 512 почти не изменил результат"
text-none_zero__ckpt-distilled_fp8__q-none__compile-0__offload-none__vae-tiling-0__fast-steps-1__lowres-0__temporal-sub-0,none_zero,distilled_fp8,none,0,none,0,1,0,0,15158.7,15520.0,12230.7,13828.0,15158.7,3.0976,0.990029,0.003594,,почти статично / риск «застывания»,"только экспериментально: экономит текстовую часть, но теряется управление промптом","нет текстового управления: лицо/сцена становятся обобщёнными, качество по промпту не оценивать; distilled_fp8 похож на distilled: чистое лицо, но малое движение"
text-none_zero__ckpt-distilled_fp8__q-none__compile-0__offload-none__vae-tiling-0__fast-steps-1__lowres-0__temporal-sub-1,none_zero,distilled_fp8,none,0,none,0,1,0,1,15158.7,15520.0,9229.0,10236.0,15158.7,2.5831,0.995303,0.001835,,почти статично / риск «застывания»,не брать: слишком статично для требования «не застыло»,"нет текстового управления: лицо/сцена становятся обобщёнными, качество по промпту не оценивать; distilled_fp8 похож на distilled: чистое лицо, но малое движение; temporal subsample/interpolation сглаживает и делает ролик более статичным"
text-none_zero__ckpt-distilled_fp8__q-none__compile-0__offload-none__vae-tiling-0__fast-steps-1__lowres-1__temporal-sub-0,none_zero,distilled_fp8,none,0,none,0,1,1,0,15158.7,15520.0,9541.3,10612.0,15158.7,2.3012,0.986327,0.004138,,движение слабое; выглядит почти статично,"только экспериментально: экономит текстовую часть, но теряется управление промптом","нет текстового управления: лицо/сцена становятся обобщёнными, качество по промпту не оценивать; distilled_fp8 похож на distilled: чистое лицо, но малое движение; lowres 384→512: лицо мягче/мыльнее, но движение сохраняется"
text-none_zero__ckpt-distilled_fp8__q-none__compile-0__offload-none__vae-tiling-0__fast-steps-1__lowres-1__temporal-sub-1,none_zero,distilled_fp8,none,0,none,0,1,1,1,15158.7,15520.0,7852.8,8592.0,15158.7,1.9256,0.998437,0.000505,,почти статично / риск «застывания»,не брать: слишком статично для требования «не застыло»,"нет текстового управления: лицо/сцена становятся обобщёнными, качество по промпту не оценивать; distilled_fp8 похож на distilled: чистое лицо, но малое движение; lowres 384→512: лицо мягче/мыльнее, но движение сохраняется; temporal subsample/interpolation сглаживает и делает ролик более статичным"
text-none_zero__ckpt-distilled_fp8__q-none__compile-0__offload-none__vae-tiling-1__fast-steps-1__lowres-0__temporal-sub-0,none_zero,distilled_fp8,none,0,none,1,1,0,0,15158.7,15520.0,12230.7,13828.0,15158.7,3.7667,0.990029,0.003594,,почти статично / риск «застывания»,"только экспериментально: экономит текстовую часть, но теряется управление промптом","нет текстового управления: лицо/сцена становятся обобщёнными, качество по промпту не оценивать; distilled_fp8 похож на distilled: чистое лицо, но малое движение; VAE tiling визуально и по памяти на 512 почти не изменил результат"
text-none_zero__ckpt-distilled_fp8__q-none__compile-0__offload-none__vae-tiling-1__fast-steps-1__lowres-0__temporal-sub-1,none_zero,distilled_fp8,none,0,none,1,1,0,1,15158.7,15520.0,9229.0,10236.0,15158.7,2.582,0.995303,0.001835,,почти статично / риск «застывания»,не брать: слишком статично для требования «не застыло»,"нет текстового управления: лицо/сцена становятся обобщёнными, качество по промпту не оценивать; distilled_fp8 похож на distilled: чистое лицо, но малое движение; temporal subsample/interpolation сглаживает и делает ролик более статичным; VAE tiling визуально и по памяти на 512 почти не изменил результат"
text-none_zero__ckpt-distilled_fp8__q-none__compile-0__offload-none__vae-tiling-1__fast-steps-1__lowres-1__temporal-sub-0,none_zero,distilled_fp8,none,0,none,1,1,1,0,15158.7,15520.0,9541.3,10612.0,15158.7,2.2256,0.986327,0.004138,,движение слабое; выглядит почти статично,"только экспериментально: экономит текстовую часть, но теряется управление промптом","нет текстового управления: лицо/сцена становятся обобщёнными, качество по промпту не оценивать; distilled_fp8 похож на distilled: чистое лицо, но малое движение; lowres 384→512: лицо мягче/мыльнее, но движение сохраняется; VAE tiling визуально и по памяти на 512 почти не изменил результат"
text-none_zero__ckpt-distilled_fp8__q-none__compile-0__offload-none__vae-tiling-1__fast-steps-1__lowres-1__temporal-sub-1,none_zero,distilled_fp8,none,0,none,1,1,1,1,15158.7,15520.0,7852.8,8592.0,15158.7,2.1872,0.998437,0.000505,,почти статично / риск «застывания»,не брать: слишком статично для требования «не застыло»,"нет текстового управления: лицо/сцена становятся обобщёнными, качество по промпту не оценивать; distilled_fp8 похож на distilled: чистое лицо, но малое движение; lowres 384→512: лицо мягче/мыльнее, но движение сохраняется; temporal subsample/interpolation сглаживает и делает ролик более статичным; VAE tiling визуально и по памяти на 512 почти не изменил результат"
text-none_zero__ckpt-distilled_fp8__q-none__compile-0__offload-group__vae-tiling-0__fast-steps-1__lowres-0__temporal-sub-0,none_zero,distilled_fp8,none,0,group,0,1,0,0,6157.3,7516.0,6157.3,7516.0,0.0,7.8705,0.990029,0.003594,,почти статично / риск «застывания»,"только экспериментально: экономит текстовую часть, но теряется управление промптом","нет текстового управления: лицо/сцена становятся обобщёнными, качество по промпту не оценивать; distilled_fp8 похож на distilled: чистое лицо, но малое движение; group offload резко снижает измеренную VRAM, но переносит нагрузку в CPU/RAM"
text-none_zero__ckpt-distilled_fp8__q-none__compile-0__offload-group__vae-tiling-0__fast-steps-1__lowres-0__temporal-sub-1,none_zero,distilled_fp8,none,0,group,0,1,0,1,3155.6,3924.0,3155.6,3924.0,0.0,4.793,0.995303,0.001835,,почти статично / риск «застывания»,не брать: слишком статично для требования «не застыло»,"нет текстового управления: лицо/сцена становятся обобщёнными, качество по промпту не оценивать; distilled_fp8 похож на distilled: чистое лицо, но малое движение; temporal subsample/interpolation сглаживает и делает ролик более статичным; group offload резко снижает измеренную VRAM, но переносит нагрузку в CPU/RAM"
text-none_zero__ckpt-distilled_fp8__q-none__compile-0__offload-group__vae-tiling-0__fast-steps-1__lowres-1__temporal-sub-0,none_zero,distilled_fp8,none,0,group,0,1,1,0,3468.8,4360.0,3468.8,4360.0,0.0,7.0461,0.986327,0.004138,,движение слабое; выглядит почти статично,"только экспериментально: экономит текстовую часть, но теряется управление промптом","нет текстового управления: лицо/сцена становятся обобщёнными, качество по промпту не оценивать; distilled_fp8 похож на distilled: чистое лицо, но малое движение; lowres 384→512: лицо мягче/мыльнее, но движение сохраняется; group offload резко снижает измеренную VRAM, но переносит нагрузку в CPU/RAM"
text-none_zero__ckpt-distilled_fp8__q-none__compile-0__offload-group__vae-tiling-0__fast-steps-1__lowres-1__temporal-sub-1,none_zero,distilled_fp8,none,0,group,0,1,1,1,1780.3,2538.0,1780.3,2538.0,0.0,6.7972,0.998437,0.000505,,почти статично / риск «застывания»,не брать: слишком статично для требования «не застыло»,"нет текстового управления: лицо/сцена становятся обобщёнными, качество по промпту не оценивать; distilled_fp8 похож на distilled: чистое лицо, но малое движение; lowres 384→512: лицо мягче/мыльнее, но движение сохраняется; temporal subsample/interpolation сглаживает и делает ролик более статичным; group offload резко снижает измеренную VRAM, но переносит нагрузку в CPU/RAM"
text-none_zero__ckpt-distilled_fp8__q-none__compile-0__offload-group__vae-tiling-1__fast-steps-1__lowres-0__temporal-sub-0,none_zero,distilled_fp8,none,0,group,1,1,0,0,6157.3,7516.0,6157.3,7516.0,0.0,5.6193,0.990029,0.003594,,почти статично / риск «застывания»,"только экспериментально: экономит текстовую часть, но теряется управление промптом","нет текстового управления: лицо/сцена становятся обобщёнными, качество по промпту не оценивать; distilled_fp8 похож на distilled: чистое лицо, но малое движение; VAE tiling визуально и по памяти на 512 почти не изменил результат; group offload резко снижает измеренную VRAM, но переносит нагрузку в CPU/RAM"
text-none_zero__ckpt-distilled_fp8__q-none__compile-0__offload-group__vae-tiling-1__fast-steps-1__lowres-0__temporal-sub-1,none_zero,distilled_fp8,none,0,group,1,1,0,1,3155.6,3924.0,3155.6,3924.0,0.0,6.9508,0.995303,0.001835,,почти статично / риск «застывания»,не брать: слишком статично для требования «не застыло»,"нет текстового управления: лицо/сцена становятся обобщёнными, качество по промпту не оценивать; distilled_fp8 похож на distilled: чистое лицо, но малое движение; temporal subsample/interpolation сглаживает и делает ролик более статичным; VAE tiling визуально и по памяти на 512 почти не изменил результат; group offload резко снижает измеренную VRAM, но переносит нагрузку в CPU/RAM"
text-none_zero__ckpt-distilled_fp8__q-none__compile-0__offload-group__vae-tiling-1__fast-steps-1__lowres-1__temporal-sub-0,none_zero,distilled_fp8,none,0,group,1,1,1,0,3468.8,4360.0,3468.8,4360.0,0.0,6.7999,0.986327,0.004138,,движение слабое; выглядит почти статично,"только экспериментально: экономит текстовую часть, но теряется управление промптом","нет текстового управления: лицо/сцена становятся обобщёнными, качество по промпту не оценивать; distilled_fp8 похож на distilled: чистое лицо, но малое движение; lowres 384→512: лицо мягче/мыльнее, но движение сохраняется; VAE tiling визуально и по памяти на 512 почти не изменил результат; group offload резко снижает измеренную VRAM, но переносит нагрузку в CPU/RAM"
text-none_zero__ckpt-distilled_fp8__q-none__compile-0__offload-group__vae-tiling-1__fast-steps-1__lowres-1__temporal-sub-1,none_zero,distilled_fp8,none,0,group,1,1,1,1,1780.3,2538.0,1780.3,2538.0,0.0,4.7589,0.998437,0.000505,,почти статично / риск «застывания»,не брать: слишком статично для требования «не застыло»,"нет текстового управления: лицо/сцена становятся обобщёнными, качество по промпту не оценивать; distilled_fp8 похож на distilled: чистое лицо, но малое движение; lowres 384→512: лицо мягче/мыльнее, но движение сохраняется; temporal subsample/interpolation сглаживает и делает ролик более статичным; VAE tiling визуально и по памяти на 512 почти не изменил результат; group offload резко снижает измеренную VRAM, но переносит нагрузку в CPU/RAM"
text-none_zero__ckpt-distilled_fp8__q-none__compile-1__offload-none__vae-tiling-0__fast-steps-1__lowres-0__temporal-sub-0,none_zero,distilled_fp8,none,1,none,0,1,0,0,15158.7,15520.0,12231.2,15246.0,15158.7,11.0662,0.990502,0.00351,,почти статично / риск «застывания»,"только экспериментально: экономит текстовую часть, но теряется управление промптом","нет текстового управления: лицо/сцена становятся обобщёнными, качество по промпту не оценивать; distilled_fp8 похож на distilled: чистое лицо, но малое движение; compile визуально не меняет, но в этом запуске сильно замедлил"
text-none_zero__ckpt-distilled_fp8__q-none__compile-1__offload-none__vae-tiling-0__fast-steps-1__lowres-0__temporal-sub-1,none_zero,distilled_fp8,none,1,none,0,1,0,1,15158.7,15520.0,9229.3,10460.0,15158.7,11.4374,0.995489,0.001754,,почти статично / риск «застывания»,не брать: слишком статично для требования «не застыло»,"нет текстового управления: лицо/сцена становятся обобщёнными, качество по промпту не оценивать; distilled_fp8 похож на distilled: чистое лицо, но малое движение; temporal subsample/interpolation сглаживает и делает ролик более статичным; compile визуально не меняет, но в этом запуске сильно замедлил"
text-none_zero__ckpt-distilled_fp8__q-none__compile-1__offload-none__vae-tiling-0__fast-steps-1__lowres-1__temporal-sub-0,none_zero,distilled_fp8,none,1,none,0,1,1,0,15158.7,15520.0,9541.5,10812.0,15158.7,10.5018,0.986353,0.004162,,движение слабое; выглядит почти статично,"только экспериментально: экономит текстовую часть, но теряется управление промптом","нет текстового управления: лицо/сцена становятся обобщёнными, качество по промпту не оценивать; distilled_fp8 похож на distilled: чистое лицо, но малое движение; lowres 384→512: лицо мягче/мыльнее, но движение сохраняется; compile визуально не меняет, но в этом запуске сильно замедлил"
text-none_zero__ckpt-distilled_fp8__q-none__compile-1__offload-none__vae-tiling-0__fast-steps-1__lowres-1__temporal-sub-1,none_zero,distilled_fp8,none,1,none,0,1,1,1,15158.7,15520.0,7853.0,9026.0,15158.7,9.9073,0.998399,0.000526,,почти статично / риск «застывания»,не брать: слишком статично для требования «не застыло»,"нет текстового управления: лицо/сцена становятся обобщёнными, качество по промпту не оценивать; distilled_fp8 похож на distilled: чистое лицо, но малое движение; lowres 384→512: лицо мягче/мыльнее, но движение сохраняется; temporal subsample/interpolation сглаживает и делает ролик более статичным; compile визуально не меняет, но в этом запуске сильно замедлил"
text-none_zero__ckpt-distilled_fp8__q-none__compile-1__offload-none__vae-tiling-1__fast-steps-1__lowres-0__temporal-sub-0,none_zero,distilled_fp8,none,1,none,1,1,0,0,15158.7,15520.0,12231.2,15246.0,15158.7,11.8552,0.990584,0.003459,,почти статично / риск «застывания»,"только экспериментально: экономит текстовую часть, но теряется управление промптом","нет текстового управления: лицо/сцена становятся обобщёнными, качество по промпту не оценивать; distilled_fp8 похож на distilled: чистое лицо, но малое движение; compile визуально не меняет, но в этом запуске сильно замедлил; VAE tiling визуально и по памяти на 512 почти не изменил результат"
text-none_zero__ckpt-distilled_fp8__q-none__compile-1__offload-none__vae-tiling-1__fast-steps-1__lowres-0__temporal-sub-1,none_zero,distilled_fp8,none,1,none,1,1,0,1,15158.7,15520.0,9229.3,10460.0,15158.7,10.3477,0.995489,0.001754,,почти статично / риск «застывания»,не брать: слишком статично для требования «не застыло»,"нет текстового управления: лицо/сцена становятся обобщёнными, качество по промпту не оценивать; distilled_fp8 похож на distilled: чистое лицо, но малое движение; temporal subsample/interpolation сглаживает и делает ролик более статичным; compile визуально не меняет, но в этом запуске сильно замедлил; VAE tiling визуально и по памяти на 512 почти не изменил результат"
text-none_zero__ckpt-distilled_fp8__q-none__compile-1__offload-none__vae-tiling-1__fast-steps-1__lowres-1__temporal-sub-0,none_zero,distilled_fp8,none,1,none,1,1,1,0,15158.7,15520.0,9541.5,10812.0,15158.7,10.0775,0.986353,0.004162,,движение слабое; выглядит почти статично,"только экспериментально: экономит текстовую часть, но теряется управление промптом","нет текстового управления: лицо/сцена становятся обобщёнными, качество по промпту не оценивать; distilled_fp8 похож на distilled: чистое лицо, но малое движение; lowres 384→512: лицо мягче/мыльнее, но движение сохраняется; compile визуально не меняет, но в этом запуске сильно замедлил; VAE tiling визуально и по памяти на 512 почти не изменил результат"
text-none_zero__ckpt-distilled_fp8__q-none__compile-1__offload-none__vae-tiling-1__fast-steps-1__lowres-1__temporal-sub-1,none_zero,distilled_fp8,none,1,none,1,1,1,1,15158.7,15520.0,7853.0,9026.0,15158.7,10.2995,0.998399,0.000526,,почти статично / риск «застывания»,не брать: слишком статично для требования «не застыло»,"нет текстового управления: лицо/сцена становятся обобщёнными, качество по промпту не оценивать; distilled_fp8 похож на distilled: чистое лицо, но малое движение; lowres 384→512: лицо мягче/мыльнее, но движение сохраняется; temporal subsample/interpolation сглаживает и делает ролик более статичным; compile визуально не меняет, но в этом запуске сильно замедлил; VAE tiling визуально и по памяти на 512 почти не изменил результат"
text-none_zero__ckpt-distilled_fp8__q-none__compile-1__offload-group__vae-tiling-0__fast-steps-1__lowres-0__temporal-sub-0,none_zero,distilled_fp8,none,1,group,0,1,0,0,6157.3,7830.0,6157.3,7830.0,0.0,17.6191,0.989988,0.003607,,движение слабое; выглядит почти статично,"только экспериментально: экономит текстовую часть, но теряется управление промптом","нет текстового управления: лицо/сцена становятся обобщёнными, качество по промпту не оценивать; distilled_fp8 похож на distilled: чистое лицо, но малое движение; compile визуально не меняет, но в этом запуске сильно замедлил; group offload резко снижает измеренную VRAM, но переносит нагрузку в CPU/RAM"
text-none_zero__ckpt-distilled_fp8__q-none__compile-1__offload-group__vae-tiling-0__fast-steps-1__lowres-0__temporal-sub-1,none_zero,distilled_fp8,none,1,group,0,1,0,1,3155.6,4074.0,3155.6,4074.0,0.0,13.8554,0.995133,0.001934,,почти статично / риск «застывания»,не брать: слишком статично для требования «не застыло»,"нет текстового управления: лицо/сцена становятся обобщёнными, качество по промпту не оценивать; distilled_fp8 похож на distilled: чистое лицо, но малое движение; temporal subsample/interpolation сглаживает и делает ролик более статичным; compile визуально не меняет, но в этом запуске сильно замедлил; group offload резко снижает измеренную VRAM, но переносит нагрузку в CPU/RAM"
text-none_zero__ckpt-distilled_fp8__q-none__compile-1__offload-group__vae-tiling-0__fast-steps-1__lowres-1__temporal-sub-0,none_zero,distilled_fp8,none,1,group,0,1,1,0,3467.9,5172.0,3467.9,5172.0,0.0,16.5583,0.986431,0.004146,,движение слабое; выглядит почти статично,"только экспериментально: экономит текстовую часть, но теряется управление промптом","нет текстового управления: лицо/сцена становятся обобщёнными, качество по промпту не оценивать; distilled_fp8 похож на distilled: чистое лицо, но малое движение; lowres 384→512: лицо мягче/мыльнее, но движение сохраняется; compile визуально не меняет, но в этом запуске сильно замедлил; group offload резко снижает измеренную VRAM, но переносит нагрузку в CPU/RAM"
text-none_zero__ckpt-distilled_fp8__q-none__compile-1__offload-group__vae-tiling-0__fast-steps-1__lowres-1__temporal-sub-1,none_zero,distilled_fp8,none,1,group,0,1,1,1,1779.4,2452.0,1779.4,2452.0,0.0,17.2015,0.998446,0.000501,,почти статично / риск «застывания»,не брать: слишком статично для требования «не застыло»,"нет текстового управления: лицо/сцена становятся обобщёнными, качество по промпту не оценивать; distilled_fp8 похож на distilled: чистое лицо, но малое движение; lowres 384→512: лицо мягче/мыльнее, но движение сохраняется; temporal subsample/interpolation сглаживает и делает ролик более статичным; compile визуально не меняет, но в этом запуске сильно замедлил; group offload резко снижает измеренную VRAM, но переносит нагрузку в CPU/RAM"
text-none_zero__ckpt-distilled_fp8__q-none__compile-1__offload-group__vae-tiling-1__fast-steps-1__lowres-0__temporal-sub-0,none_zero,distilled_fp8,none,1,group,1,1,0,0,6157.3,7830.0,6157.3,7830.0,0.0,15.1322,0.989988,0.003607,,движение слабое; выглядит почти статично,"только экспериментально: экономит текстовую часть, но теряется управление промптом","нет текстового управления: лицо/сцена становятся обобщёнными, качество по промпту не оценивать; distilled_fp8 похож на distilled: чистое лицо, но малое движение; compile визуально не меняет, но в этом запуске сильно замедлил; VAE tiling визуально и по памяти на 512 почти не изменил результат; group offload резко снижает измеренную VRAM, но переносит нагрузку в CPU/RAM"
text-none_zero__ckpt-distilled_fp8__q-none__compile-1__offload-group__vae-tiling-1__fast-steps-1__lowres-0__temporal-sub-1,none_zero,distilled_fp8,none,1,group,1,1,0,1,3155.6,4074.0,3155.6,4074.0,0.0,15.9091,0.995133,0.001934,,почти статично / риск «застывания»,не брать: слишком статично для требования «не застыло»,"нет текстового управления: лицо/сцена становятся обобщёнными, качество по промпту не оценивать; distilled_fp8 похож на distilled: чистое лицо, но малое движение; temporal subsample/interpolation сглаживает и делает ролик более статичным; compile визуально не меняет, но в этом запуске сильно замедлил; VAE tiling визуально и по памяти на 512 почти не изменил результат; group offload резко снижает измеренную VRAM, но переносит нагрузку в CPU/RAM"
text-none_zero__ckpt-distilled_fp8__q-none__compile-1__offload-group__vae-tiling-1__fast-steps-1__lowres-1__temporal-sub-0,none_zero,distilled_fp8,none,1,group,1,1,1,0,3467.9,5172.0,3467.9,5172.0,0.0,14.8066,0.986431,0.004146,,движение слабое; выглядит почти статично,"только экспериментально: экономит текстовую часть, но теряется управление промптом","нет текстового управления: лицо/сцена становятся обобщёнными, качество по промпту не оценивать; distilled_fp8 похож на distilled: чистое лицо, но малое движение; lowres 384→512: лицо мягче/мыльнее, но движение сохраняется; compile визуально не меняет, но в этом запуске сильно замедлил; VAE tiling визуально и по памяти на 512 почти не изменил результат; group offload резко снижает измеренную VRAM, но переносит нагрузку в CPU/RAM"
text-none_zero__ckpt-distilled_fp8__q-none__compile-1__offload-group__vae-tiling-1__fast-steps-1__lowres-1__temporal-sub-1,none_zero,distilled_fp8,none,1,group,1,1,1,1,1779.4,2452.0,1779.4,2452.0,0.0,15.2943,0.998446,0.000501,,почти статично / риск «застывания»,не брать: слишком статично для требования «не застыло»,"нет текстового управления: лицо/сцена становятся обобщёнными, качество по промпту не оценивать; distilled_fp8 похож на distilled: чистое лицо, но малое движение; lowres 384→512: лицо мягче/мыльнее, но движение сохраняется; temporal subsample/interpolation сглаживает и делает ролик более статичным; compile визуально не меняет, но в этом запуске сильно замедлил; VAE tiling визуально и по памяти на 512 почти не изменил результат; group offload резко снижает измеренную VRAM, но переносит нагрузку в CPU/RAM"
